relation_id,Enh,enhancer_id,gene_id,model_ontology,model_track_name,model_track_source,alphagenome_rnaseq_lfc,alphagenome_deletion_strength,status
Enh100_GNG5,Enh100,Enh100,ENSG00000174021,CL:0000127,CL:0000127 total RNA-seq,encode,0.0006707906723022,-0.0006707906723022,COMPLETED
Enh100_RPF1,Enh100,Enh100,ENSG00000117133,CL:0000127,CL:0000127 total RNA-seq,encode,0.0003252178430557,-0.0003252178430557,COMPLETED
Enh101_GNG5,Enh101,Enh101,ENSG00000174021,CL:0000127,CL:0000127 total RNA-seq,encode,-0.0032402873039245,0.0032402873039245,COMPLETED
Enh101_RPF1,Enh101,Enh101,ENSG00000117133,CL:0000127,CL:0000127 total RNA-seq,encode,-0.0019259601831436,0.0019259601831436,COMPLETED
Enh102_ENO1,Enh102,Enh102,ENSG00000074800,CL:0000127,CL:0000127 total RNA-seq,encode,-9.918212890625e-05,9.918212890625e-05,COMPLETED
Enh102_RERE,Enh102,Enh102,ENSG00000142599,CL:0000127,CL:0000127 total RNA-seq,encode,0.0021791458129882,-0.0021791458129882,COMPLETED
Enh103_ENO1,Enh103,Enh103,ENSG00000074800,CL:0000127,CL:0000127 total RNA-seq,encode,-0.0012962818145751,0.0012962818145751,COMPLETED
Enh104_ENO1,Enh104,Enh104,ENSG00000074800,CL:0000127,CL:0000127 total RNA-seq,encode,-0.0015506744384765,0.0015506744384765,COMPLETED
Enh104_RERE,Enh104,Enh104,ENSG00000142599,CL:0000127,CL:0000127 total RNA-seq,encode,0.0005912780761718,-0.0005912780761718,COMPLETED
Enh105_ENO1,Enh105,Enh105,ENSG00000074800,CL:0000127,CL:0000127 total RNA-seq,encode,-0.0014426708221435,0.0014426708221435,COMPLETED
Enh105_RERE,Enh105,Enh105,ENSG00000142599,CL:0000127,CL:0000127 total RNA-seq,encode,8.45193862915039e-05,-8.45193862915039e-05,COMPLETED
Enh106_CLSTN1,Enh106,Enh106,ENSG00000171603,CL:0000127,CL:0000127 total RNA-seq,encode,-0.0007683038711547,0.0007683038711547,COMPLETED
Enh107_CLSTN1,Enh107,Enh107,ENSG00000171603,CL:0000127,CL:0000127 total RNA-seq,encode,-0.01673424243927,0.01673424243927,COMPLETED
Enh107_KIF1B,Enh107,Enh107,ENSG00000054523,CL:0000127,CL:0000127 total RNA-seq,encode,-2.7418136596679688e-06,2.7418136596679688e-06,COMPLETED
Enh107_LZIC,Enh107,Enh107,ENSG00000162441,CL:0000127,CL:0000127 total RNA-seq,encode,0.000425636768341,-0.000425636768341,COMPLETED
Enh108_MRPL43,Enh108,Enh108,ENSG00000055950,CL:0000127,CL:0000127 total RNA-seq,encode,-0.0007638125680387,0.0007638125680387,COMPLETED
Enh108_SFXN3,Enh108,Enh108,ENSG00000107819,CL:0000127,CL:0000127 total RNA-seq,encode,-0.00105881690979,0.00105881690979,COMPLETED
Enh109_DPCD,Enh109,Enh109,ENSG00000166171,CL:0000127,CL:0000127 total RNA-seq,encode,0.0004398822784423,-0.0004398822784423,COMPLETED
Enh109_MRPL43,Enh109,Enh109,ENSG00000055950,CL:0000127,CL:0000127 total RNA-seq,encode,0.0011271759867668,-0.0011271759867668,COMPLETED
Enh109_OGA,Enh109,Enh109,ENSG00000198408,CL:0000127,CL:0000127 total RNA-seq,encode,0.0002469420433044,-0.0002469420433044,COMPLETED
Enh109_SFXN3,Enh109,Enh109,ENSG00000107819,CL:0000127,CL:0000127 total RNA-seq,encode,-0.0008482336997985,0.0008482336997985,COMPLETED
Enh109_SLF2,Enh109,Enh109,ENSG00000119906,CL:0000127,CL:0000127 total RNA-seq,encode,0.0008487701416015,-0.0008487701416015,COMPLETED
Enh111_ACTR1A,Enh111,Enh111,ENSG00000138107,CL:0000127,CL:0000127 total RNA-seq,encode,-0.0002150535583496,0.0002150535583496,COMPLETED
Enh111_ARL3,Enh111,Enh111,ENSG00000138175,CL:0000127,CL:0000127 total RNA-seq,encode,0.0086475610733032,-0.0086475610733032,COMPLETED
Enh112_ATP5MD,Enh112,Enh112,ENSG00000173915,CL:0000127,CL:0000127 total RNA-seq,encode,0.0017129182815551,-0.0017129182815551,COMPLETED
Enh112_PDCD11,Enh112,Enh112,ENSG00000148843,CL:0000127,CL:0000127 total RNA-seq,encode,-0.0007722079753875,0.0007722079753875,COMPLETED
Enh113_SMNDC1,Enh113,Enh113,ENSG00000119953,CL:0000127,CL:0000127 total RNA-seq,encode,6.556510925292969e-06,-6.556510925292969e-06,COMPLETED
Enh114_CCDC186,Enh114,Enh114,ENSG00000165813,CL:0000127,CL:0000127 total RNA-seq,encode,0.0003025531768798,-0.0003025531768798,COMPLETED
Enh115_CCDC186,Enh115,Enh115,ENSG00000165813,CL:0000127,CL:0000127 total RNA-seq,encode,0.0005191564559936,-0.0005191564559936,COMPLETED
Enh119_PDZD8,Enh119,Enh119,ENSG00000165650,CL:0000127,CL:0000127 total RNA-seq,encode,0.0021557807922363,-0.0021557807922363,COMPLETED
Enh11_ANP32E,Enh11,Enh11,ENSG00000143401,CL:0000127,CL:0000127 total RNA-seq,encode,-0.0012950971722602,0.0012950971722602,COMPLETED
Enh11_APH1A,Enh11,Enh11,ENSG00000117362,CL:0000127,CL:0000127 total RNA-seq,encode,0.0010885000228881,-0.0010885000228881,COMPLETED
Enh11_ENSA,Enh11,Enh11,ENSG00000143420,CL:0000127,CL:0000127 total RNA-seq,encode,0.0012378245592117,-0.0012378245592117,COMPLETED
Enh11_MCL1,Enh11,Enh11,ENSG00000143384,CL:0000127,CL:0000127 total RNA-seq,encode,0.0005900859832763,-0.0005900859832763,COMPLETED
Enh11_MRPS21,Enh11,Enh11,ENSG00000266472,CL:0000127,CL:0000127 total RNA-seq,encode,0.0002378821372985,-0.0002378821372985,COMPLETED
Enh11_PLEKHO1,Enh11,Enh11,ENSG00000023902,CL:0000127,CL:0000127 total RNA-seq,encode,-0.0003125593066215,0.0003125593066215,COMPLETED
Enh120_BUB3,Enh120,Enh120,ENSG00000154473,CL:0000127,CL:0000127 total RNA-seq,encode,-0.0027717947959899,0.0027717947959899,COMPLETED
Enh121_CDC123,Enh121,Enh121,ENSG00000151465,CL:0000127,CL:0000127 total RNA-seq,encode,-0.000234305858612,0.000234305858612,COMPLETED
Enh121_NUDT5,Enh121,Enh121,ENSG00000165609,CL:0000127,CL:0000127 total RNA-seq,encode,3.0174851417541504e-05,-3.0174851417541504e-05,COMPLETED
Enh121_UPF2,Enh121,Enh121,ENSG00000151461,CL:0000127,CL:0000127 total RNA-seq,encode,-0.0002087950706481,0.0002087950706481,COMPLETED
Enh122_OPTN,Enh122,Enh122,ENSG00000123240,CL:0000127,CL:0000127 total RNA-seq,encode,0.0024522542953491,-0.0024522542953491,COMPLETED
Enh123_GLRX3,Enh123,Enh123,ENSG00000108010,CL:0000127,CL:0000127 total RNA-seq,encode,-0.0280680879950523,0.0280680879950523,COMPLETED
Enh125_BMI1,Enh125,Enh125,ENSG00000168283,CL:0000127,CL:0000127 total RNA-seq,encode,0.001987338066101,-0.001987338066101,COMPLETED
Enh125_COMMD3,Enh125,Enh125,ENSG00000148444,CL:0000127,CL:0000127 total RNA-seq,encode,0.0002411603927612,-0.0002411603927612,COMPLETED
Enh125_MSRB2,Enh125,Enh125,ENSG00000148450,CL:0000127,CL:0000127 total RNA-seq,encode,0.0008504986763,-0.0008504986763,COMPLETED
Enh126_COMMD3,Enh126,Enh126,ENSG00000148444,CL:0000127,CL:0000127 total RNA-seq,encode,0.0012011528015136,-0.0012011528015136,COMPLETED
Enh126_MSRB2,Enh126,Enh126,ENSG00000148450,CL:0000127,CL:0000127 total RNA-seq,encode,-2.8640031814575195e-05,2.8640031814575195e-05,COMPLETED
Enh127_MSRB2,Enh127,Enh127,ENSG00000148450,CL:0000127,CL:0000127 total RNA-seq,encode,0.0056250989437103,-0.0056250989437103,COMPLETED
Enh12_ENSA,Enh12,Enh12,ENSG00000143420,CL:0000127,CL:0000127 total RNA-seq,encode,-0.0013473704457283,0.0013473704457283,COMPLETED
Enh12_MCL1,Enh12,Enh12,ENSG00000143384,CL:0000127,CL:0000127 total RNA-seq,encode,0.0001660585403442,-0.0001660585403442,COMPLETED
Enh12_MLLT11,Enh12,Enh12,ENSG00000213190,CL:0000127,CL:0000127 total RNA-seq,encode,0.0036724209785461,-0.0036724209785461,COMPLETED
Enh12_PSMB4,Enh12,Enh12,ENSG00000159377,CL:0000127,CL:0000127 total RNA-seq,encode,0.0011709928512573,-0.0011709928512573,COMPLETED
Enh12_PSMD4,Enh12,Enh12,ENSG00000159352,CL:0000127,CL:0000127 total RNA-seq,encode,0.0017163753509521,-0.0017163753509521,COMPLETED
Enh12_SCNM1,Enh12,Enh12,ENSG00000163156,CL:0000127,CL:0000127 total RNA-seq,encode,0.0025109052658081,-0.0025109052658081,COMPLETED
Enh132_KIF5B,Enh132,Enh132,ENSG00000170759,CL:0000127,CL:0000127 total RNA-seq,encode,0.0017535686492919,-0.0017535686492919,COMPLETED
Enh133_KIF5B,Enh133,Enh133,ENSG00000170759,CL:0000127,CL:0000127 total RNA-seq,encode,-0.0021717548370361,0.0021717548370361,COMPLETED
Enh134_KIF5B,Enh134,Enh134,ENSG00000170759,CL:0000127,CL:0000127 total RNA-seq,encode,0.0024380683898925,-0.0024380683898925,COMPLETED
Enh134_ZEB1,Enh134,Enh134,ENSG00000148516,CL:0000127,CL:0000127 total RNA-seq,encode,-0.0016884803771972,0.0016884803771972,COMPLETED
Enh135_HNRNPF,Enh135,Enh135,ENSG00000169813,CL:0000127,CL:0000127 total RNA-seq,encode,-0.0015648603439331,0.0015648603439331,COMPLETED
Enh136_HNRNPF,Enh136,Enh136,ENSG00000169813,CL:0000127,CL:0000127 total RNA-seq,encode,-0.0003714561462402,0.0003714561462402,COMPLETED
Enh137_HNRNPF,Enh137,Enh137,ENSG00000169813,CL:0000127,CL:0000127 total RNA-seq,encode,0.000233769416809,-0.000233769416809,COMPLETED
Enh13_MLLT11,Enh13,Enh13,ENSG00000213190,CL:0000127,CL:0000127 total RNA-seq,encode,-0.0011542439460754,0.0011542439460754,COMPLETED
Enh13_PSMB4,Enh13,Enh13,ENSG00000159377,CL:0000127,CL:0000127 total RNA-seq,encode,0.0017217397689819,-0.0017217397689819,COMPLETED
Enh13_PSMD4,Enh13,Enh13,ENSG00000159352,CL:0000127,CL:0000127 total RNA-seq,encode,0.0040496587753295,-0.0040496587753295,COMPLETED
Enh13_S100A10,Enh13,Enh13,ENSG00000197747,CL:0000127,CL:0000127 total RNA-seq,encode,-0.002040147781372,0.002040147781372,COMPLETED
Enh13_SCNM1,Enh13,Enh13,ENSG00000163156,CL:0000127,CL:0000127 total RNA-seq,encode,-0.0002883672714233,0.0002883672714233,COMPLETED
Enh142_RBM17,Enh142,Enh142,ENSG00000134453,CL:0000127,CL:0000127 total RNA-seq,encode,-0.0003361105918884,0.0003361105918884,COMPLETED
Enh143_RBM17,Enh143,Enh143,ENSG00000134453,CL:0000127,CL:0000127 total RNA-seq,encode,-0.0053425431251525,0.0053425431251525,COMPLETED
Enh144_PCBD1,Enh144,Enh144,ENSG00000166228,CL:0000127,CL:0000127 total RNA-seq,encode,0.0005173832178115,-0.0005173832178115,COMPLETED
Enh144_PPA1,Enh144,Enh144,ENSG00000180817,CL:0000127,CL:0000127 total RNA-seq,encode,0.0016895532608032,-0.0016895532608032,COMPLETED
Enh144_SAR1A,Enh144,Enh144,ENSG00000079332,CL:0000127,CL:0000127 total RNA-seq,encode,0.0001875758171081,-0.0001875758171081,COMPLETED
Enh145_EIF4EBP2,Enh145,Enh145,ENSG00000148730,CL:0000127,CL:0000127 total RNA-seq,encode,0.0010508894920349,-0.0010508894920349,COMPLETED
Enh145_PCBD1,Enh145,Enh145,ENSG00000166228,CL:0000127,CL:0000127 total RNA-seq,encode,-0.0016126632690429,0.0016126632690429,COMPLETED
Enh145_PPA1,Enh145,Enh145,ENSG00000180817,CL:0000127,CL:0000127 total RNA-seq,encode,0.0011101961135864,-0.0011101961135864,COMPLETED
Enh145_SAR1A,Enh145,Enh145,ENSG00000079332,CL:0000127,CL:0000127 total RNA-seq,encode,0.002815842628479,-0.002815842628479,COMPLETED
Enh146_EIF4EBP2,Enh146,Enh146,ENSG00000148730,CL:0000127,CL:0000127 total RNA-seq,encode,0.0012357234954833,-0.0012357234954833,COMPLETED
Enh146_PCBD1,Enh146,Enh146,ENSG00000166228,CL:0000127,CL:0000127 total RNA-seq,encode,0.0020142793655395,-0.0020142793655395,COMPLETED
Enh146_PPA1,Enh146,Enh146,ENSG00000180817,CL:0000127,CL:0000127 total RNA-seq,encode,0.0015262961387634,-0.0015262961387634,COMPLETED
Enh146_SAR1A,Enh146,Enh146,ENSG00000079332,CL:0000127,CL:0000127 total RNA-seq,encode,0.0003644227981567,-0.0003644227981567,COMPLETED
Enh148_ANAPC16,Enh148,Enh148,ENSG00000166295,CL:0000127,CL:0000127 total RNA-seq,encode,0.0044392049312591,-0.0044392049312591,COMPLETED
Enh148_DNAJB12,Enh148,Enh148,ENSG00000148719,CL:0000127,CL:0000127 total RNA-seq,encode,0.0005432069301605,-0.0005432069301605,COMPLETED
Enh148_PSAP,Enh148,Enh148,ENSG00000197746,CL:0000127,CL:0000127 total RNA-seq,encode,-0.1334013938903808,0.1334013938903808,COMPLETED
Enh149_ANAPC16,Enh149,Enh149,ENSG00000166295,CL:0000127,CL:0000127 total RNA-seq,encode,0.0019516795873641,-0.0019516795873641,COMPLETED
Enh149_PSAP,Enh149,Enh149,ENSG00000197746,CL:0000127,CL:0000127 total RNA-seq,encode,-0.0394487380981445,0.0394487380981445,COMPLETED
Enh14_ADAR,Enh14,Enh14,ENSG00000160710,CL:0000127,CL:0000127 total RNA-seq,encode,0.0011452436447143,-0.0011452436447143,COMPLETED
Enh14_FDPS,Enh14,Enh14,ENSG00000160752,CL:0000127,CL:0000127 total RNA-seq,encode,0.0004152059555053,-0.0004152059555053,COMPLETED
Enh14_KRTCAP2,Enh14,Enh14,ENSG00000163463,CL:0000127,CL:0000127 total RNA-seq,encode,0.0002031773328781,-0.0002031773328781,COMPLETED
Enh14_SCAMP3,Enh14,Enh14,ENSG00000116521,CL:0000127,CL:0000127 total RNA-seq,encode,0.0013639479875564,-0.0013639479875564,COMPLETED
Enh14_SHC1,Enh14,Enh14,ENSG00000160691,CL:0000127,CL:0000127 total RNA-seq,encode,0.001772403717041,-0.001772403717041,COMPLETED
Enh150_ANAPC16,Enh150,Enh150,ENSG00000166295,CL:0000127,CL:0000127 total RNA-seq,encode,0.0017646700143814,-0.0017646700143814,COMPLETED
Enh150_PSAP,Enh150,Enh150,ENSG00000197746,CL:0000127,CL:0000127 total RNA-seq,encode,0.0014479160308837,-0.0014479160308837,COMPLETED
Enh151_ANAPC16,Enh151,Enh151,ENSG00000166295,CL:0000127,CL:0000127 total RNA-seq,encode,0.0005787461996078,-0.0005787461996078,COMPLETED
Enh151_PSAP,Enh151,Enh151,ENSG00000197746,CL:0000127,CL:0000127 total RNA-seq,encode,0.0016746520996093,-0.0016746520996093,COMPLETED
Enh152_ANAPC16,Enh152,Enh152,ENSG00000166295,CL:0000127,CL:0000127 total RNA-seq,encode,0.017903983592987,-0.017903983592987,COMPLETED
Enh152_MICU1,Enh152,Enh152,ENSG00000107745,CL:0000127,CL:0000127 total RNA-seq,encode,-0.0040266886353492,0.0040266886353492,COMPLETED
Enh152_PSAP,Enh152,Enh152,ENSG00000197746,CL:0000127,CL:0000127 total RNA-seq,encode,-0.0026018619537353,0.0026018619537353,COMPLETED
Enh153_ANAPC16,Enh153,Enh153,ENSG00000166295,CL:0000127,CL:0000127 total RNA-seq,encode,-0.0311763882637023,0.0311763882637023,COMPLETED
Enh153_DNAJB12,Enh153,Enh153,ENSG00000148719,CL:0000127,CL:0000127 total RNA-seq,encode,-0.0093537867069244,0.0093537867069244,COMPLETED
Enh153_MCU,Enh153,Enh153,ENSG00000156026,CL:0000127,CL:0000127 total RNA-seq,encode,-0.000126838684082,0.000126838684082,COMPLETED
Enh153_MICU1,Enh153,Enh153,ENSG00000107745,CL:0000127,CL:0000127 total RNA-seq,encode,-0.0030293688178062,0.0030293688178062,COMPLETED
Enh153_PSAP,Enh153,Enh153,ENSG00000197746,CL:0000127,CL:0000127 total RNA-seq,encode,0.0017123222351074,-0.0017123222351074,COMPLETED
Enh154_ANAPC16,Enh154,Enh154,ENSG00000166295,CL:0000127,CL:0000127 total RNA-seq,encode,-0.0068603307008743,0.0068603307008743,COMPLETED
Enh154_MCU,Enh154,Enh154,ENSG00000156026,CL:0000127,CL:0000127 total RNA-seq,encode,-0.008492112159729,0.008492112159729,COMPLETED
Enh154_MICU1,Enh154,Enh154,ENSG00000107745,CL:0000127,CL:0000127 total RNA-seq,encode,-0.0045318454504013,0.0045318454504013,COMPLETED
Enh154_PSAP,Enh154,Enh154,ENSG00000197746,CL:0000127,CL:0000127 total RNA-seq,encode,0.0022392272949218,-0.0022392272949218,COMPLETED
Enh155_ANAPC16,Enh155,Enh155,ENSG00000166295,CL:0000127,CL:0000127 total RNA-seq,encode,-0.0040250718593597,0.0040250718593597,COMPLETED
Enh155_MICU1,Enh155,Enh155,ENSG00000107745,CL:0000127,CL:0000127 total RNA-seq,encode,0.0016287639737129,-0.0016287639737129,COMPLETED
Enh155_PSAP,Enh155,Enh155,ENSG00000197746,CL:0000127,CL:0000127 total RNA-seq,encode,0.0003027915954589,-0.0003027915954589,COMPLETED
Enh156_ANAPC16,Enh156,Enh156,ENSG00000166295,CL:0000127,CL:0000127 total RNA-seq,encode,-0.0010461509227752,0.0010461509227752,COMPLETED
Enh156_MICU1,Enh156,Enh156,ENSG00000107745,CL:0000127,CL:0000127 total RNA-seq,encode,0.0034156143665313,-0.0034156143665313,COMPLETED
Enh156_PSAP,Enh156,Enh156,ENSG00000197746,CL:0000127,CL:0000127 total RNA-seq,encode,-0.0003542900085449,0.0003542900085449,COMPLETED
Enh157_ANAPC16,Enh157,Enh157,ENSG00000166295,CL:0000127,CL:0000127 total RNA-seq,encode,-0.0055958181619644,0.0055958181619644,COMPLETED
Enh157_MICU1,Enh157,Enh157,ENSG00000107745,CL:0000127,CL:0000127 total RNA-seq,encode,0.002603992819786,-0.002603992819786,COMPLETED
Enh157_PSAP,Enh157,Enh157,ENSG00000197746,CL:0000127,CL:0000127 total RNA-seq,encode,7.200241088867188e-05,-7.200241088867188e-05,COMPLETED
Enh158_ANAPC16,Enh158,Enh158,ENSG00000166295,CL:0000127,CL:0000127 total RNA-seq,encode,-0.0014118999242782,0.0014118999242782,COMPLETED
Enh158_MICU1,Enh158,Enh158,ENSG00000107745,CL:0000127,CL:0000127 total RNA-seq,encode,0.0032810419797897,-0.0032810419797897,COMPLETED
Enh158_PSAP,Enh158,Enh158,ENSG00000197746,CL:0000127,CL:0000127 total RNA-seq,encode,-1.811981201171875e-05,1.811981201171875e-05,COMPLETED
Enh159_ANAPC16,Enh159,Enh159,ENSG00000166295,CL:0000127,CL:0000127 total RNA-seq,encode,-0.00039504468441,0.00039504468441,COMPLETED
Enh159_MICU1,Enh159,Enh159,ENSG00000107745,CL:0000127,CL:0000127 total RNA-seq,encode,0.0093536004424095,-0.0093536004424095,COMPLETED
Enh159_PSAP,Enh159,Enh159,ENSG00000197746,CL:0000127,CL:0000127 total RNA-seq,encode,0.0001142024993896,-0.0001142024993896,COMPLETED
Enh15_ADAR,Enh15,Enh15,ENSG00000160710,CL:0000127,CL:0000127 total RNA-seq,encode,-0.0008165836334228,0.0008165836334228,COMPLETED
Enh15_ASH1L,Enh15,Enh15,ENSG00000116539,CL:0000127,CL:0000127 total RNA-seq,encode,0.0009523034095764,-0.0009523034095764,COMPLETED
Enh15_KRTCAP2,Enh15,Enh15,ENSG00000163463,CL:0000127,CL:0000127 total RNA-seq,encode,0.0026389062404632,-0.0026389062404632,COMPLETED
Enh15_SCAMP3,Enh15,Enh15,ENSG00000116521,CL:0000127,CL:0000127 total RNA-seq,encode,0.0012438595294952,-0.0012438595294952,COMPLETED
Enh15_SHC1,Enh15,Enh15,ENSG00000160691,CL:0000127,CL:0000127 total RNA-seq,encode,0.0002365112304687,-0.0002365112304687,COMPLETED
Enh160_ADK,Enh160,Enh160,ENSG00000156110,CL:0000127,CL:0000127 total RNA-seq,encode,-0.0031891465187072,0.0031891465187072,COMPLETED
Enh160_ANXA7,Enh160,Enh160,ENSG00000138279,CL:0000127,CL:0000127 total RNA-seq,encode,0.0013259649276733,-0.0013259649276733,COMPLETED
Enh160_CHCHD1,Enh160,Enh160,ENSG00000172586,CL:0000127,CL:0000127 total RNA-seq,encode,-0.0014983862638473,0.0014983862638473,COMPLETED
Enh160_PPP3CB,Enh160,Enh160,ENSG00000107758,CL:0000127,CL:0000127 total RNA-seq,encode,0.0001615285873413,-0.0001615285873413,COMPLETED
Enh160_VCL,Enh160,Enh160,ENSG00000035403,CL:0000127,CL:0000127 total RNA-seq,encode,-0.0025043487548828,0.0025043487548828,COMPLETED
Enh161_ADK,Enh161,Enh161,ENSG00000156110,CL:0000127,CL:0000127 total RNA-seq,encode,-0.0013641715049743,0.0013641715049743,COMPLETED
Enh161_ANXA7,Enh161,Enh161,ENSG00000138279,CL:0000127,CL:0000127 total RNA-seq,encode,0.0002051591873168,-0.0002051591873168,COMPLETED
Enh161_CHCHD1,Enh161,Enh161,ENSG00000172586,CL:0000127,CL:0000127 total RNA-seq,encode,0.0021030306816101,-0.0021030306816101,COMPLETED
Enh161_PPP3CB,Enh161,Enh161,ENSG00000107758,CL:0000127,CL:0000127 total RNA-seq,encode,0.0030561983585357,-0.0030561983585357,COMPLETED
Enh161_VCL,Enh161,Enh161,ENSG00000035403,CL:0000127,CL:0000127 total RNA-seq,encode,-0.0165834426879882,0.0165834426879882,COMPLETED
Enh162_ADK,Enh162,Enh162,ENSG00000156110,CL:0000127,CL:0000127 total RNA-seq,encode,-0.000134527683258,0.000134527683258,COMPLETED
Enh162_ANXA7,Enh162,Enh162,ENSG00000138279,CL:0000127,CL:0000127 total RNA-seq,encode,-0.0002769231796264,0.0002769231796264,COMPLETED
Enh162_CHCHD1,Enh162,Enh162,ENSG00000172586,CL:0000127,CL:0000127 total RNA-seq,encode,-0.0028627663850784,0.0028627663850784,COMPLETED
Enh162_PLAU,Enh162,Enh162,ENSG00000122861,CL:0000127,CL:0000127 total RNA-seq,encode,-0.1660271883010864,0.1660271883010864,COMPLETED
Enh162_PPP3CB,Enh162,Enh162,ENSG00000107758,CL:0000127,CL:0000127 total RNA-seq,encode,0.0015044212341308,-0.0015044212341308,COMPLETED
Enh162_VCL,Enh162,Enh162,ENSG00000035403,CL:0000127,CL:0000127 total RNA-seq,encode,-0.0090035200119018,0.0090035200119018,COMPLETED
Enh163_ADK,Enh163,Enh163,ENSG00000156110,CL:0000127,CL:0000127 total RNA-seq,encode,-0.0013431310653686,0.0013431310653686,COMPLETED
Enh163_ANXA7,Enh163,Enh163,ENSG00000138279,CL:0000127,CL:0000127 total RNA-seq,encode,0.001222014427185,-0.001222014427185,COMPLETED
Enh163_CHCHD1,Enh163,Enh163,ENSG00000172586,CL:0000127,CL:0000127 total RNA-seq,encode,-0.000303603708744,0.000303603708744,COMPLETED
Enh163_PLAU,Enh163,Enh163,ENSG00000122861,CL:0000127,CL:0000127 total RNA-seq,encode,-0.1880830526351928,0.1880830526351928,COMPLETED
Enh163_PPP3CB,Enh163,Enh163,ENSG00000107758,CL:0000127,CL:0000127 total RNA-seq,encode,-6.210803985595703e-05,6.210803985595703e-05,COMPLETED
Enh163_VCL,Enh163,Enh163,ENSG00000035403,CL:0000127,CL:0000127 total RNA-seq,encode,-0.0035113096237182,0.0035113096237182,COMPLETED
Enh165_ANXA11,Enh165,Enh165,ENSG00000122359,CL:0000127,CL:0000127 total RNA-seq,encode,-0.0001300573348999,0.0001300573348999,COMPLETED
Enh165_PRXL2A,Enh165,Enh165,ENSG00000122378,CL:0000127,CL:0000127 total RNA-seq,encode,0.0100469589233398,-0.0100469589233398,COMPLETED
Enh166_ANXA11,Enh166,Enh166,ENSG00000122359,CL:0000127,CL:0000127 total RNA-seq,encode,3.337860107421875e-05,-3.337860107421875e-05,COMPLETED
Enh167_ANKRD1,Enh167,Enh167,ENSG00000148677,CL:0000127,CL:0000127 total RNA-seq,encode,-0.130766749382019,0.130766749382019,COMPLETED
Enh167_PCGF5,Enh167,Enh167,ENSG00000180628,CL:0000127,CL:0000127 total RNA-seq,encode,0.0060830116271972,-0.0060830116271972,COMPLETED
Enh167_RPP30,Enh167,Enh167,ENSG00000148688,CL:0000127,CL:0000127 total RNA-seq,encode,-0.0056390762329101,0.0056390762329101,COMPLETED
Enh168_ANKRD1,Enh168,Enh168,ENSG00000148677,CL:0000127,CL:0000127 total RNA-seq,encode,-0.5842673182487488,0.5842673182487488,COMPLETED
Enh168_PCGF5,Enh168,Enh168,ENSG00000180628,CL:0000127,CL:0000127 total RNA-seq,encode,-0.092501163482666,0.092501163482666,COMPLETED
Enh168_RPP30,Enh168,Enh168,ENSG00000148688,CL:0000127,CL:0000127 total RNA-seq,encode,-0.0117846727371215,0.0117846727371215,COMPLETED
Enh169_PCGF5,Enh169,Enh169,ENSG00000180628,CL:0000127,CL:0000127 total RNA-seq,encode,0.0498011112213134,-0.0498011112213134,COMPLETED
Enh169_RPP30,Enh169,Enh169,ENSG00000148688,CL:0000127,CL:0000127 total RNA-seq,encode,0.0030491352081298,-0.0030491352081298,COMPLETED
Enh169_TNKS2,Enh169,Enh169,ENSG00000107854,CL:0000127,CL:0000127 total RNA-seq,encode,0.0016206502914428,-0.0016206502914428,COMPLETED
Enh16_CCT3,Enh16,Enh16,ENSG00000163468,CL:0000127,CL:0000127 total RNA-seq,encode,-0.001344084739685,0.001344084739685,COMPLETED
Enh16_CRABP2,Enh16,Enh16,ENSG00000143320,CL:0000127,CL:0000127 total RNA-seq,encode,0.0097239017486572,-0.0097239017486572,COMPLETED
Enh16_GLMP,Enh16,Enh16,ENSG00000198715,CL:0000127,CL:0000127 total RNA-seq,encode,-0.0008814930915832,0.0008814930915832,COMPLETED
Enh16_HDGF,Enh16,Enh16,ENSG00000143321,CL:0000127,CL:0000127 total RNA-seq,encode,0.0038068294525146,-0.0038068294525146,COMPLETED
Enh16_LAMTOR2,Enh16,Enh16,ENSG00000116586,CL:0000127,CL:0000127 total RNA-seq,encode,-9.97483730316162e-05,9.97483730316162e-05,COMPLETED
Enh16_LMNA,Enh16,Enh16,ENSG00000160789,CL:0000127,CL:0000127 total RNA-seq,encode,-0.0002319812774658,0.0002319812774658,COMPLETED
Enh16_NAXE,Enh16,Enh16,ENSG00000163382,CL:0000127,CL:0000127 total RNA-seq,encode,-0.0060120820999145,0.0060120820999145,COMPLETED
Enh16_SSR2,Enh16,Enh16,ENSG00000163479,CL:0000127,CL:0000127 total RNA-seq,encode,0.0007833242416381,-0.0007833242416381,COMPLETED
Enh170_TNKS2,Enh170,Enh170,ENSG00000107854,CL:0000127,CL:0000127 total RNA-seq,encode,0.0010935962200164,-0.0010935962200164,COMPLETED
Enh171_TNKS2,Enh171,Enh171,ENSG00000107854,CL:0000127,CL:0000127 total RNA-seq,encode,0.0029384493827819,-0.0029384493827819,COMPLETED
Enh172_PPP1R3C,Enh172,Enh172,ENSG00000119938,CL:0000127,CL:0000127 total RNA-seq,encode,-0.2696745693683624,0.2696745693683624,COMPLETED
Enh172_TNKS2,Enh172,Enh172,ENSG00000107854,CL:0000127,CL:0000127 total RNA-seq,encode,-0.0041116178035736,0.0041116178035736,COMPLETED
Enh173_PPP1R3C,Enh173,Enh173,ENSG00000119938,CL:0000127,CL:0000127 total RNA-seq,encode,-0.0104531645774841,0.0104531645774841,COMPLETED
Enh173_TNKS2,Enh173,Enh173,ENSG00000107854,CL:0000127,CL:0000127 total RNA-seq,encode,0.0007907152175903,-0.0007907152175903,COMPLETED
Enh174_TNKS2,Enh174,Enh174,ENSG00000107854,CL:0000127,CL:0000127 total RNA-seq,encode,-0.0003162622451782,0.0003162622451782,COMPLETED
Enh175_TNKS2,Enh175,Enh175,ENSG00000107854,CL:0000127,CL:0000127 total RNA-seq,encode,-0.0027055740356445,0.0027055740356445,COMPLETED
Enh176_HPS1,Enh176,Enh176,ENSG00000107521,CL:0000127,CL:0000127 total RNA-seq,encode,-0.0119484663009643,0.0119484663009643,COMPLETED
Enh177_CTR9,Enh177,Enh177,ENSG00000198730,CL:0000127,CL:0000127 total RNA-seq,encode,0.0872890055179596,-0.0872890055179596,COMPLETED
Enh177_EIF4G2,Enh177,Enh177,ENSG00000110321,CL:0000127,CL:0000127 total RNA-seq,encode,0.0112040042877197,-0.0112040042877197,COMPLETED
Enh17_CCT3,Enh17,Enh17,ENSG00000163468,CL:0000127,CL:0000127 total RNA-seq,encode,-0.001601219177246,0.001601219177246,COMPLETED
Enh17_HDGF,Enh17,Enh17,ENSG00000143321,CL:0000127,CL:0000127 total RNA-seq,encode,0.0010747909545898,-0.0010747909545898,COMPLETED
Enh17_LAMTOR2,Enh17,Enh17,ENSG00000116586,CL:0000127,CL:0000127 total RNA-seq,encode,-0.0015058517456054,0.0015058517456054,COMPLETED
Enh17_LMNA,Enh17,Enh17,ENSG00000160789,CL:0000127,CL:0000127 total RNA-seq,encode,-0.001338243484497,0.001338243484497,COMPLETED
Enh17_SSR2,Enh17,Enh17,ENSG00000163479,CL:0000127,CL:0000127 total RNA-seq,encode,0.0032059550285339,-0.0032059550285339,COMPLETED
Enh180_CTR9,Enh180,Enh180,ENSG00000198730,CL:0000127,CL:0000127 total RNA-seq,encode,-0.0040580928325653,0.0040580928325653,COMPLETED
Enh180_EIF4G2,Enh180,Enh180,ENSG00000110321,CL:0000127,CL:0000127 total RNA-seq,encode,0.0005650520324707,-0.0005650520324707,COMPLETED
Enh180_RNF141,Enh180,Enh180,ENSG00000110315,CL:0000127,CL:0000127 total RNA-seq,encode,0.0004587769508361,-0.0004587769508361,COMPLETED
Enh181_EIF4G2,Enh181,Enh181,ENSG00000110321,CL:0000127,CL:0000127 total RNA-seq,encode,0.0035085678100585,-0.0035085678100585,COMPLETED
Enh185_REXO2,Enh185,Enh185,ENSG00000076043,CL:0000127,CL:0000127 total RNA-seq,encode,0.0009450912475585,-0.0009450912475585,COMPLETED
Enh187_PAFAH1B2,Enh187,Enh187,ENSG00000168092,CL:0000127,CL:0000127 total RNA-seq,encode,0.0021846294403076,-0.0021846294403076,COMPLETED
Enh187_TAGLN,Enh187,Enh187,ENSG00000149591,CL:0000127,CL:0000127 total RNA-seq,encode,0.0016605854034423,-0.0016605854034423,COMPLETED
Enh188_DKK3,Enh188,Enh188,ENSG00000050165,CL:0000127,CL:0000127 total RNA-seq,encode,-0.0032674074172973,0.0032674074172973,COMPLETED
Enh188_MICAL2,Enh188,Enh188,ENSG00000133816,CL:0000127,CL:0000127 total RNA-seq,encode,-0.0620843172073364,0.0620843172073364,COMPLETED
Enh188_PARVA,Enh188,Enh188,ENSG00000197702,CL:0000127,CL:0000127 total RNA-seq,encode,0.0007004737854003,-0.0007004737854003,COMPLETED
Enh188_USP47,Enh188,Enh188,ENSG00000170242,CL:0000127,CL:0000127 total RNA-seq,encode,-0.0041379928588867,0.0041379928588867,COMPLETED
Enh18_COPA,Enh18,Enh18,ENSG00000122218,CL:0000127,CL:0000127 total RNA-seq,encode,0.0017499923706054,-0.0017499923706054,COMPLETED
Enh18_DCAF8,Enh18,Enh18,ENSG00000132716,CL:0000127,CL:0000127 total RNA-seq,encode,0.0042870044708251,-0.0042870044708251,COMPLETED
Enh18_NCSTN,Enh18,Enh18,ENSG00000162736,CL:0000127,CL:0000127 total RNA-seq,encode,0.001019611954689,-0.001019611954689,COMPLETED
Enh18_PEA15,Enh18,Enh18,ENSG00000162734,CL:0000127,CL:0000127 total RNA-seq,encode,0.0056368112564086,-0.0056368112564086,COMPLETED
Enh18_TAGLN2,Enh18,Enh18,ENSG00000158710,CL:0000127,CL:0000127 total RNA-seq,encode,0.0012664794921875,-0.0012664794921875,COMPLETED
Enh190_HSPA8,Enh190,Enh190,ENSG00000109971,CL:0000127,CL:0000127 total RNA-seq,encode,0.0018296241760253,-0.0018296241760253,COMPLETED
Enh190_MIR100HG,Enh190,Enh190,ENSG00000255248,CL:0000127,CL:0000127 total RNA-seq,encode,0.0025787353515625,-0.0025787353515625,COMPLETED
Enh194_TBRG1,Enh194,Enh194,ENSG00000154144,CL:0000127,CL:0000127 total RNA-seq,encode,-0.0003544688224792,0.0003544688224792,COMPLETED
Enh195_ETS1,Enh195,Enh195,ENSG00000134954,CL:0000127,CL:0000127 total RNA-seq,encode,0.01998888887465,-0.01998888887465,COMPLETED
Enh198_COPB1,Enh198,Enh198,ENSG00000129083,CL:0000127,CL:0000127 total RNA-seq,encode,-0.0018454790115356,0.0018454790115356,COMPLETED
Enh198_PSMA1,Enh198,Enh198,ENSG00000129084,CL:0000127,CL:0000127 total RNA-seq,encode,0.0024421215057373,-0.0024421215057373,COMPLETED
Enh198_RRAS2,Enh198,Enh198,ENSG00000133818,CL:0000127,CL:0000127 total RNA-seq,encode,0.0427984595298767,-0.0427984595298767,COMPLETED
Enh199_LDHA,Enh199,Enh199,ENSG00000134333,CL:0000127,CL:0000127 total RNA-seq,encode,-0.0088913440704345,0.0088913440704345,COMPLETED
Enh199_SPTY2D1,Enh199,Enh199,ENSG00000179119,CL:0000127,CL:0000127 total RNA-seq,encode,0.0003970265388488,-0.0003970265388488,COMPLETED
Enh199_TSG101,Enh199,Enh199,ENSG00000074319,CL:0000127,CL:0000127 total RNA-seq,encode,0.0007395148277282,-0.0007395148277282,COMPLETED
Enh19_COPA,Enh19,Enh19,ENSG00000122218,CL:0000127,CL:0000127 total RNA-seq,encode,0.0002118945121765,-0.0002118945121765,COMPLETED
Enh19_PEA15,Enh19,Enh19,ENSG00000162734,CL:0000127,CL:0000127 total RNA-seq,encode,-0.0006270408630371,0.0006270408630371,COMPLETED
Enh19_TAGLN2,Enh19,Enh19,ENSG00000158710,CL:0000127,CL:0000127 total RNA-seq,encode,0.0012242794036865,-0.0012242794036865,COMPLETED
Enh1_CAPZA1,Enh1,Enh1,ENSG00000116489,CL:0000127,CL:0000127 total RNA-seq,encode,-0.0008091926574707,0.0008091926574707,COMPLETED
Enh1_CTTNBP2NL,Enh1,Enh1,ENSG00000143079,CL:0000127,CL:0000127 total RNA-seq,encode,-0.0230836272239685,0.0230836272239685,COMPLETED
Enh1_RHOC,Enh1,Enh1,ENSG00000155366,CL:0000127,CL:0000127 total RNA-seq,encode,0.0023025274276733,-0.0023025274276733,COMPLETED
Enh200_GTF2H1,Enh200,Enh200,ENSG00000110768,CL:0000127,CL:0000127 total RNA-seq,encode,-0.0153748393058776,0.0153748393058776,COMPLETED
Enh200_HPS5,Enh200,Enh200,ENSG00000110756,CL:0000127,CL:0000127 total RNA-seq,encode,-0.0101128220558166,0.0101128220558166,COMPLETED
Enh200_LDHA,Enh200,Enh200,ENSG00000134333,CL:0000127,CL:0000127 total RNA-seq,encode,-0.1014192104339599,0.1014192104339599,COMPLETED
Enh200_SPTY2D1,Enh200,Enh200,ENSG00000179119,CL:0000127,CL:0000127 total RNA-seq,encode,-0.0031182765960693,0.0031182765960693,COMPLETED
Enh200_TSG101,Enh200,Enh200,ENSG00000074319,CL:0000127,CL:0000127 total RNA-seq,encode,-0.0003840327262878,0.0003840327262878,COMPLETED
Enh200_UEVLD,Enh200,Enh200,ENSG00000151116,CL:0000127,CL:0000127 total RNA-seq,encode,-0.0035518109798431,0.0035518109798431,COMPLETED
Enh201_TRIM44,Enh201,Enh201,ENSG00000166326,CL:0000127,CL:0000127 total RNA-seq,encode,0.0005547404289245,-0.0005547404289245,COMPLETED
Enh202_HSD17B12,Enh202,Enh202,ENSG00000149084,CL:0000127,CL:0000127 total RNA-seq,encode,-0.0004738718271255,0.0004738718271255,COMPLETED
Enh205_ARHGAP1,Enh205,Enh205,ENSG00000175220,CL:0000127,CL:0000127 total RNA-seq,encode,-1.4899298548698424e-05,1.4899298548698424e-05,COMPLETED
Enh205_CREB3L1,Enh205,Enh205,ENSG00000157613,CL:0000127,CL:0000127 total RNA-seq,encode,-0.0637755692005157,0.0637755692005157,COMPLETED
Enh206_ARHGAP1,Enh206,Enh206,ENSG00000175220,CL:0000127,CL:0000127 total RNA-seq,encode,-0.0005908720195293,0.0005908720195293,COMPLETED
Enh206_CKAP5,Enh206,Enh206,ENSG00000175216,CL:0000127,CL:0000127 total RNA-seq,encode,-0.0008302330970764,0.0008302330970764,COMPLETED
Enh206_CREB3L1,Enh206,Enh206,ENSG00000157613,CL:0000127,CL:0000127 total RNA-seq,encode,-0.0284479260444641,0.0284479260444641,COMPLETED
Enh207_ARHGAP1,Enh207,Enh207,ENSG00000175220,CL:0000127,CL:0000127 total RNA-seq,encode,-0.0245630964636802,0.0245630964636802,COMPLETED
Enh207_CKAP5,Enh207,Enh207,ENSG00000175216,CL:0000127,CL:0000127 total RNA-seq,encode,-0.0015456080436706,0.0015456080436706,COMPLETED
Enh207_CREB3L1,Enh207,Enh207,ENSG00000157613,CL:0000127,CL:0000127 total RNA-seq,encode,0.0006959736347198,-0.0006959736347198,COMPLETED
Enh208_MRPL16,Enh208,Enh208,ENSG00000166902,CL:0000127,CL:0000127 total RNA-seq,encode,0.0002284124493598,-0.0002284124493598,COMPLETED
Enh208_OSBP,Enh208,Enh208,ENSG00000110048,CL:0000127,CL:0000127 total RNA-seq,encode,-0.0100734010338783,0.0100734010338783,COMPLETED
Enh208_PATL1,Enh208,Enh208,ENSG00000166889,CL:0000127,CL:0000127 total RNA-seq,encode,-0.0033851861953735,0.0033851861953735,COMPLETED
Enh208_STX3,Enh208,Enh208,ENSG00000166900,CL:0000127,CL:0000127 total RNA-seq,encode,-0.0009156465530395,0.0009156465530395,COMPLETED
Enh209_FTH1,Enh209,Enh209,ENSG00000167996,CL:0000127,CL:0000127 total RNA-seq,encode,-0.0036284923553466,0.0036284923553466,COMPLETED
Enh209_TMEM258,Enh209,Enh209,ENSG00000134825,CL:0000127,CL:0000127 total RNA-seq,encode,0.0036087036132812,-0.0036087036132812,COMPLETED
Enh20_COPA,Enh20,Enh20,ENSG00000122218,CL:0000127,CL:0000127 total RNA-seq,encode,0.0068852305412292,-0.0068852305412292,COMPLETED
Enh20_PEA15,Enh20,Enh20,ENSG00000162734,CL:0000127,CL:0000127 total RNA-seq,encode,0.0009454488754272,-0.0009454488754272,COMPLETED
Enh20_TAGLN2,Enh20,Enh20,ENSG00000158710,CL:0000127,CL:0000127 total RNA-seq,encode,-0.000239610671997,0.000239610671997,COMPLETED
Enh210_BEST1,Enh210,Enh210,ENSG00000167995,CL:0000127,CL:0000127 total RNA-seq,encode,-0.2330172061920166,0.2330172061920166,COMPLETED
Enh210_FADS1,Enh210,Enh210,ENSG00000149485,CL:0000127,CL:0000127 total RNA-seq,encode,0.0015234351158142,-0.0015234351158142,COMPLETED
Enh210_FTH1,Enh210,Enh210,ENSG00000167996,CL:0000127,CL:0000127 total RNA-seq,encode,-0.4495060443878174,0.4495060443878174,COMPLETED
Enh210_TMEM258,Enh210,Enh210,ENSG00000134825,CL:0000127,CL:0000127 total RNA-seq,encode,0.0035048723220825,-0.0035048723220825,COMPLETED
Enh211_BEST1,Enh211,Enh211,ENSG00000167995,CL:0000127,CL:0000127 total RNA-seq,encode,-0.0122499465942382,0.0122499465942382,COMPLETED
Enh211_FTH1,Enh211,Enh211,ENSG00000167996,CL:0000127,CL:0000127 total RNA-seq,encode,-0.0006942749023437,0.0006942749023437,COMPLETED
Enh211_TMEM258,Enh211,Enh211,ENSG00000134825,CL:0000127,CL:0000127 total RNA-seq,encode,0.0012763738632202,-0.0012763738632202,COMPLETED
Enh212_AHNAK,Enh212,Enh212,ENSG00000124942,CL:0000127,CL:0000127 total RNA-seq,encode,-0.0087060928344726,0.0087060928344726,COMPLETED
Enh212_EEF1G,Enh212,Enh212,ENSG00000254772,CL:0000127,CL:0000127 total RNA-seq,encode,-0.0025296211242675,0.0025296211242675,COMPLETED
Enh212_FTH1,Enh212,Enh212,ENSG00000167996,CL:0000127,CL:0000127 total RNA-seq,encode,0.0010161399841308,-0.0010161399841308,COMPLETED
Enh212_POLR2G,Enh212,Enh212,ENSG00000168002,CL:0000127,CL:0000127 total RNA-seq,encode,-0.0011685490608215,0.0011685490608215,COMPLETED
Enh212_UBXN1,Enh212,Enh212,ENSG00000162191,CL:0000127,CL:0000127 total RNA-seq,encode,-0.0008158087730407,0.0008158087730407,COMPLETED
Enh213_AHNAK,Enh213,Enh213,ENSG00000124942,CL:0000127,CL:0000127 total RNA-seq,encode,0.0007219314575195,-0.0007219314575195,COMPLETED
Enh213_EEF1G,Enh213,Enh213,ENSG00000254772,CL:0000127,CL:0000127 total RNA-seq,encode,-0.0002610683441162,0.0002610683441162,COMPLETED
Enh213_POLR2G,Enh213,Enh213,ENSG00000168002,CL:0000127,CL:0000127 total RNA-seq,encode,0.0018896460533142,-0.0018896460533142,COMPLETED
Enh213_UBXN1,Enh213,Enh213,ENSG00000162191,CL:0000127,CL:0000127 total RNA-seq,encode,0.0025649666786193,-0.0025649666786193,COMPLETED
Enh214_AHNAK,Enh214,Enh214,ENSG00000124942,CL:0000127,CL:0000127 total RNA-seq,encode,-0.0005009174346923,0.0005009174346923,COMPLETED
Enh214_B3GAT3,Enh214,Enh214,ENSG00000149541,CL:0000127,CL:0000127 total RNA-seq,encode,-0.0013841241598129,0.0013841241598129,COMPLETED
Enh214_EEF1G,Enh214,Enh214,ENSG00000254772,CL:0000127,CL:0000127 total RNA-seq,encode,0.0004565715789794,-0.0004565715789794,COMPLETED
Enh214_GANAB,Enh214,Enh214,ENSG00000089597,CL:0000127,CL:0000127 total RNA-seq,encode,0.0010126829147338,-0.0010126829147338,COMPLETED
Enh214_HNRNPUL2,Enh214,Enh214,ENSG00000214753,CL:0000127,CL:0000127 total RNA-seq,encode,-0.0011540055274963,0.0011540055274963,COMPLETED
Enh214_POLR2G,Enh214,Enh214,ENSG00000168002,CL:0000127,CL:0000127 total RNA-seq,encode,0.0001164674758911,-0.0001164674758911,COMPLETED
Enh214_SLC3A2,Enh214,Enh214,ENSG00000168003,CL:0000127,CL:0000127 total RNA-seq,encode,0.0009815692901611,-0.0009815692901611,COMPLETED
Enh214_TMEM179B,Enh214,Enh214,ENSG00000185475,CL:0000127,CL:0000127 total RNA-seq,encode,0.000455617904663,-0.000455617904663,COMPLETED
Enh214_UBXN1,Enh214,Enh214,ENSG00000162191,CL:0000127,CL:0000127 total RNA-seq,encode,0.0009007453918457,-0.0009007453918457,COMPLETED
Enh214_UQCC3,Enh214,Enh214,ENSG00000204922,CL:0000127,CL:0000127 total RNA-seq,encode,0.0001354217529296,-0.0001354217529296,COMPLETED
Enh215_ATL3,Enh215,Enh215,ENSG00000184743,CL:0000127,CL:0000127 total RNA-seq,encode,-0.0003854036331176,0.0003854036331176,COMPLETED
Enh215_BAD,Enh215,Enh215,ENSG00000002330,CL:0000127,CL:0000127 total RNA-seq,encode,-0.0004521012306213,0.0004521012306213,COMPLETED
Enh215_COX8A,Enh215,Enh215,ENSG00000176340,CL:0000127,CL:0000127 total RNA-seq,encode,0.0036163330078125,-0.0036163330078125,COMPLETED
Enh215_OTUB1,Enh215,Enh215,ENSG00000167770,CL:0000127,CL:0000127 total RNA-seq,encode,0.0026556998491287,-0.0026556998491287,COMPLETED
Enh215_PLAAT3,Enh215,Enh215,ENSG00000176485,CL:0000127,CL:0000127 total RNA-seq,encode,-0.0008561611175537,0.0008561611175537,COMPLETED
Enh215_PPP1R14B,Enh215,Enh215,ENSG00000173457,CL:0000127,CL:0000127 total RNA-seq,encode,-0.000482439994812,0.000482439994812,COMPLETED
Enh215_PPP1R14B-AS1,Enh215,Enh215,ENSG00000256940,CL:0000127,CL:0000127 total RNA-seq,encode,0.0010163784027099,-0.0010163784027099,COMPLETED
Enh215_PRDX5,Enh215,Enh215,ENSG00000126432,CL:0000127,CL:0000127 total RNA-seq,encode,0.000467300415039,-0.000467300415039,COMPLETED
Enh215_RTN3,Enh215,Enh215,ENSG00000133318,CL:0000127,CL:0000127 total RNA-seq,encode,0.0017700791358947,-0.0017700791358947,COMPLETED
Enh215_STIP1,Enh215,Enh215,ENSG00000168439,CL:0000127,CL:0000127 total RNA-seq,encode,-0.0002338886260986,0.0002338886260986,COMPLETED
Enh215_TRMT112,Enh215,Enh215,ENSG00000173113,CL:0000127,CL:0000127 total RNA-seq,encode,-0.0023609399795532,0.0023609399795532,COMPLETED
Enh215_VEGFB,Enh215,Enh215,ENSG00000173511,CL:0000127,CL:0000127 total RNA-seq,encode,0.0052420496940612,-0.0052420496940612,COMPLETED
Enh216_BAD,Enh216,Enh216,ENSG00000002330,CL:0000127,CL:0000127 total RNA-seq,encode,-0.0004541873931884,0.0004541873931884,COMPLETED
Enh216_COX8A,Enh216,Enh216,ENSG00000176340,CL:0000127,CL:0000127 total RNA-seq,encode,0.0006492137908935,-0.0006492137908935,COMPLETED
Enh216_OTUB1,Enh216,Enh216,ENSG00000167770,CL:0000127,CL:0000127 total RNA-seq,encode,-0.0014432370662689,0.0014432370662689,COMPLETED
Enh216_PPP1R14B,Enh216,Enh216,ENSG00000173457,CL:0000127,CL:0000127 total RNA-seq,encode,0.0005496740341186,-0.0005496740341186,COMPLETED
Enh216_PRDX5,Enh216,Enh216,ENSG00000126432,CL:0000127,CL:0000127 total RNA-seq,encode,0.001986026763916,-0.001986026763916,COMPLETED
Enh216_STIP1,Enh216,Enh216,ENSG00000168439,CL:0000127,CL:0000127 total RNA-seq,encode,-0.0335118770599365,0.0335118770599365,COMPLETED
Enh216_TRMT112,Enh216,Enh216,ENSG00000173113,CL:0000127,CL:0000127 total RNA-seq,encode,2.3245811462402344e-05,-2.3245811462402344e-05,COMPLETED
Enh216_VEGFB,Enh216,Enh216,ENSG00000173511,CL:0000127,CL:0000127 total RNA-seq,encode,0.0001881904900074,-0.0001881904900074,COMPLETED
Enh217_ARL2,Enh217,Enh217,ENSG00000213465,CL:0000127,CL:0000127 total RNA-seq,encode,0.0022734403610229,-0.0022734403610229,COMPLETED
Enh217_DPF2,Enh217,Enh217,ENSG00000133884,CL:0000127,CL:0000127 total RNA-seq,encode,-0.0021941065788269,0.0021941065788269,COMPLETED
Enh217_EHD1,Enh217,Enh217,ENSG00000110047,CL:0000127,CL:0000127 total RNA-seq,encode,0.0005543231964111,-0.0005543231964111,COMPLETED
Enh217_FAM89B,Enh217,Enh217,ENSG00000176973,CL:0000127,CL:0000127 total RNA-seq,encode,-0.0010480880737304,0.0010480880737304,COMPLETED
Enh217_FAU,Enh217,Enh217,ENSG00000149806,CL:0000127,CL:0000127 total RNA-seq,encode,-0.0035071372985839,0.0035071372985839,COMPLETED
Enh217_MALAT1,Enh217,Enh217,ENSG00000251562,CL:0000127,CL:0000127 total RNA-seq,encode,0.0005993843078613,-0.0005993843078613,COMPLETED
Enh217_NEAT1,Enh217,Enh217,ENSG00000245532,CL:0000127,CL:0000127 total RNA-seq,encode,0.0009372234344482,-0.0009372234344482,COMPLETED
Enh217_SAC3D1,Enh217,Enh217,ENSG00000168061,CL:0000127,CL:0000127 total RNA-seq,encode,-0.0026886463165283,0.0026886463165283,COMPLETED
Enh217_SCYL1,Enh217,Enh217,ENSG00000142186,CL:0000127,CL:0000127 total RNA-seq,encode,0.0003951787948608,-0.0003951787948608,COMPLETED
Enh217_SF1,Enh217,Enh217,ENSG00000168066,CL:0000127,CL:0000127 total RNA-seq,encode,0.0018198192119598,-0.0018198192119598,COMPLETED
Enh217_ZNRD2,Enh217,Enh217,ENSG00000173465,CL:0000127,CL:0000127 total RNA-seq,encode,-0.0008563995361328,0.0008563995361328,COMPLETED
Enh218_ARL2,Enh218,Enh218,ENSG00000213465,CL:0000127,CL:0000127 total RNA-seq,encode,0.0003657937049865,-0.0003657937049865,COMPLETED
Enh218_CCDC85B,Enh218,Enh218,ENSG00000175602,CL:0000127,CL:0000127 total RNA-seq,encode,-0.0006357431411743,0.0006357431411743,COMPLETED
Enh218_CFL1,Enh218,Enh218,ENSG00000172757,CL:0000127,CL:0000127 total RNA-seq,encode,-0.0006654262542724,0.0006654262542724,COMPLETED
Enh218_EFEMP2,Enh218,Enh218,ENSG00000172638,CL:0000127,CL:0000127 total RNA-seq,encode,-0.0012840032577514,0.0012840032577514,COMPLETED
Enh218_FAU,Enh218,Enh218,ENSG00000149806,CL:0000127,CL:0000127 total RNA-seq,encode,-0.0009164810180664,0.0009164810180664,COMPLETED
Enh218_FIBP,Enh218,Enh218,ENSG00000172500,CL:0000127,CL:0000127 total RNA-seq,encode,0.0011160969734191,-0.0011160969734191,COMPLETED
Enh218_MALAT1,Enh218,Enh218,ENSG00000251562,CL:0000127,CL:0000127 total RNA-seq,encode,0.0002603530883789,-0.0002603530883789,COMPLETED
Enh218_NEAT1,Enh218,Enh218,ENSG00000245532,CL:0000127,CL:0000127 total RNA-seq,encode,-0.0174057483673095,0.0174057483673095,COMPLETED
Enh218_RELA,Enh218,Enh218,ENSG00000173039,CL:0000127,CL:0000127 total RNA-seq,encode,0.0009775757789611,-0.0009775757789611,COMPLETED
Enh218_RNASEH2C,Enh218,Enh218,ENSG00000172922,CL:0000127,CL:0000127 total RNA-seq,encode,0.0020197033882141,-0.0020197033882141,COMPLETED
Enh219_ARL2,Enh219,Enh219,ENSG00000213465,CL:0000127,CL:0000127 total RNA-seq,encode,-0.0014361143112182,0.0014361143112182,COMPLETED
Enh219_CCDC85B,Enh219,Enh219,ENSG00000175602,CL:0000127,CL:0000127 total RNA-seq,encode,0.004762053489685,-0.004762053489685,COMPLETED
Enh219_CFL1,Enh219,Enh219,ENSG00000172757,CL:0000127,CL:0000127 total RNA-seq,encode,0.000126838684082,-0.000126838684082,COMPLETED
Enh219_DPF2,Enh219,Enh219,ENSG00000133884,CL:0000127,CL:0000127 total RNA-seq,encode,-0.0021824836730957,0.0021824836730957,COMPLETED
Enh219_EFEMP2,Enh219,Enh219,ENSG00000172638,CL:0000127,CL:0000127 total RNA-seq,encode,-0.0027271509170532,0.0027271509170532,COMPLETED
Enh219_FAM89B,Enh219,Enh219,ENSG00000176973,CL:0000127,CL:0000127 total RNA-seq,encode,0.0040512681007385,-0.0040512681007385,COMPLETED
Enh219_FAU,Enh219,Enh219,ENSG00000149806,CL:0000127,CL:0000127 total RNA-seq,encode,0.0014290809631347,-0.0014290809631347,COMPLETED
Enh219_FIBP,Enh219,Enh219,ENSG00000172500,CL:0000127,CL:0000127 total RNA-seq,encode,-0.0007330179214477,0.0007330179214477,COMPLETED
Enh219_FOSL1,Enh219,Enh219,ENSG00000175592,CL:0000127,CL:0000127 total RNA-seq,encode,0.0021152943372726,-0.0021152943372726,COMPLETED
Enh219_MALAT1,Enh219,Enh219,ENSG00000251562,CL:0000127,CL:0000127 total RNA-seq,encode,-0.0039033889770507,0.0039033889770507,COMPLETED
Enh219_NEAT1,Enh219,Enh219,ENSG00000245532,CL:0000127,CL:0000127 total RNA-seq,encode,-0.0221772193908691,0.0221772193908691,COMPLETED
Enh219_RELA,Enh219,Enh219,ENSG00000173039,CL:0000127,CL:0000127 total RNA-seq,encode,0.0027684867382049,-0.0027684867382049,COMPLETED
Enh219_RNASEH2C,Enh219,Enh219,ENSG00000172922,CL:0000127,CL:0000127 total RNA-seq,encode,0.0003154277801513,-0.0003154277801513,COMPLETED
Enh219_SAC3D1,Enh219,Enh219,ENSG00000168061,CL:0000127,CL:0000127 total RNA-seq,encode,0.0015915483236312,-0.0015915483236312,COMPLETED
Enh219_SCYL1,Enh219,Enh219,ENSG00000142186,CL:0000127,CL:0000127 total RNA-seq,encode,0.0007184743881225,-0.0007184743881225,COMPLETED
Enh219_ZNRD2,Enh219,Enh219,ENSG00000173465,CL:0000127,CL:0000127 total RNA-seq,encode,0.0035169720649719,-0.0035169720649719,COMPLETED
Enh220_ARL2,Enh220,Enh220,ENSG00000213465,CL:0000127,CL:0000127 total RNA-seq,encode,-0.0010704398155212,0.0010704398155212,COMPLETED
Enh220_CCDC85B,Enh220,Enh220,ENSG00000175602,CL:0000127,CL:0000127 total RNA-seq,encode,0.0021499395370483,-0.0021499395370483,COMPLETED
Enh220_CFL1,Enh220,Enh220,ENSG00000172757,CL:0000127,CL:0000127 total RNA-seq,encode,0.0003824234008789,-0.0003824234008789,COMPLETED
Enh220_DRAP1,Enh220,Enh220,ENSG00000175550,CL:0000127,CL:0000127 total RNA-seq,encode,-0.0003958940505981,0.0003958940505981,COMPLETED
Enh220_EFEMP2,Enh220,Enh220,ENSG00000172638,CL:0000127,CL:0000127 total RNA-seq,encode,0.0006899833679199,-0.0006899833679199,COMPLETED
Enh220_FAU,Enh220,Enh220,ENSG00000149806,CL:0000127,CL:0000127 total RNA-seq,encode,0.0026800632476806,-0.0026800632476806,COMPLETED
Enh220_FIBP,Enh220,Enh220,ENSG00000172500,CL:0000127,CL:0000127 total RNA-seq,encode,-0.001251220703125,0.001251220703125,COMPLETED
Enh220_MALAT1,Enh220,Enh220,ENSG00000251562,CL:0000127,CL:0000127 total RNA-seq,encode,0.0019788742065429,-0.0019788742065429,COMPLETED
Enh220_NEAT1,Enh220,Enh220,ENSG00000245532,CL:0000127,CL:0000127 total RNA-seq,encode,0.0339326858520507,-0.0339326858520507,COMPLETED
Enh220_RELA,Enh220,Enh220,ENSG00000173039,CL:0000127,CL:0000127 total RNA-seq,encode,-0.0011679530143737,0.0011679530143737,COMPLETED
Enh220_RNASEH2C,Enh220,Enh220,ENSG00000172922,CL:0000127,CL:0000127 total RNA-seq,encode,0.0002690553665161,-0.0002690553665161,COMPLETED
Enh221_ARL2,Enh221,Enh221,ENSG00000213465,CL:0000127,CL:0000127 total RNA-seq,encode,-0.0011870265007019,0.0011870265007019,COMPLETED
Enh221_CCDC85B,Enh221,Enh221,ENSG00000175602,CL:0000127,CL:0000127 total RNA-seq,encode,-0.0024918317794799,0.0024918317794799,COMPLETED
Enh221_CFL1,Enh221,Enh221,ENSG00000172757,CL:0000127,CL:0000127 total RNA-seq,encode,0.0004899501800537,-0.0004899501800537,COMPLETED
Enh221_DRAP1,Enh221,Enh221,ENSG00000175550,CL:0000127,CL:0000127 total RNA-seq,encode,0.0010766983032226,-0.0010766983032226,COMPLETED
Enh221_FAU,Enh221,Enh221,ENSG00000149806,CL:0000127,CL:0000127 total RNA-seq,encode,0.0015640258789062,-0.0015640258789062,COMPLETED
Enh221_FIBP,Enh221,Enh221,ENSG00000172500,CL:0000127,CL:0000127 total RNA-seq,encode,-0.0006518959999084,0.0006518959999084,COMPLETED
Enh221_MALAT1,Enh221,Enh221,ENSG00000251562,CL:0000127,CL:0000127 total RNA-seq,encode,-0.004814863204956,0.004814863204956,COMPLETED
Enh221_NEAT1,Enh221,Enh221,ENSG00000245532,CL:0000127,CL:0000127 total RNA-seq,encode,0.0109080076217651,-0.0109080076217651,COMPLETED
Enh221_RNASEH2C,Enh221,Enh221,ENSG00000172922,CL:0000127,CL:0000127 total RNA-seq,encode,-0.0010720491409301,0.0010720491409301,COMPLETED
Enh222_ARL2,Enh222,Enh222,ENSG00000213465,CL:0000127,CL:0000127 total RNA-seq,encode,-0.0016912817955017,0.0016912817955017,COMPLETED
Enh222_C11orf68,Enh222,Enh222,ENSG00000175573,CL:0000127,CL:0000127 total RNA-seq,encode,-0.0007997751235961,0.0007997751235961,COMPLETED
Enh222_CAPN1,Enh222,Enh222,ENSG00000014216,CL:0000127,CL:0000127 total RNA-seq,encode,-0.0003415942192077,0.0003415942192077,COMPLETED
Enh222_CCDC85B,Enh222,Enh222,ENSG00000175602,CL:0000127,CL:0000127 total RNA-seq,encode,0.0017985105514526,-0.0017985105514526,COMPLETED
Enh222_CFL1,Enh222,Enh222,ENSG00000172757,CL:0000127,CL:0000127 total RNA-seq,encode,-0.002131700515747,0.002131700515747,COMPLETED
Enh222_DPF2,Enh222,Enh222,ENSG00000133884,CL:0000127,CL:0000127 total RNA-seq,encode,-0.0004944205284118,0.0004944205284118,COMPLETED
Enh222_DRAP1,Enh222,Enh222,ENSG00000175550,CL:0000127,CL:0000127 total RNA-seq,encode,7.045269012451172e-05,-7.045269012451172e-05,COMPLETED
Enh222_EFEMP2,Enh222,Enh222,ENSG00000172638,CL:0000127,CL:0000127 total RNA-seq,encode,-0.0005793571472167,0.0005793571472167,COMPLETED
Enh222_FAM89B,Enh222,Enh222,ENSG00000176973,CL:0000127,CL:0000127 total RNA-seq,encode,-0.0047779083251953,0.0047779083251953,COMPLETED
Enh222_FAU,Enh222,Enh222,ENSG00000149806,CL:0000127,CL:0000127 total RNA-seq,encode,0.0025014877319335,-0.0025014877319335,COMPLETED
Enh222_FIBP,Enh222,Enh222,ENSG00000172500,CL:0000127,CL:0000127 total RNA-seq,encode,-0.0005297064781188,0.0005297064781188,COMPLETED
Enh222_FOSL1,Enh222,Enh222,ENSG00000175592,CL:0000127,CL:0000127 total RNA-seq,encode,-0.0048743784427642,0.0048743784427642,COMPLETED
Enh222_LTBP3,Enh222,Enh222,ENSG00000168056,CL:0000127,CL:0000127 total RNA-seq,encode,-0.0036281198263168,0.0036281198263168,COMPLETED
Enh222_MALAT1,Enh222,Enh222,ENSG00000251562,CL:0000127,CL:0000127 total RNA-seq,encode,-0.0032944679260253,0.0032944679260253,COMPLETED
Enh222_NEAT1,Enh222,Enh222,ENSG00000245532,CL:0000127,CL:0000127 total RNA-seq,encode,-0.0078970193862915,0.0078970193862915,COMPLETED
Enh222_RELA,Enh222,Enh222,ENSG00000173039,CL:0000127,CL:0000127 total RNA-seq,encode,0.0018310546875,-0.0018310546875,COMPLETED
Enh222_RNASEH2C,Enh222,Enh222,ENSG00000172922,CL:0000127,CL:0000127 total RNA-seq,encode,-0.0006543397903442,0.0006543397903442,COMPLETED
Enh222_SAC3D1,Enh222,Enh222,ENSG00000168061,CL:0000127,CL:0000127 total RNA-seq,encode,-0.0016226172447204,0.0016226172447204,COMPLETED
Enh222_SCYL1,Enh222,Enh222,ENSG00000142186,CL:0000127,CL:0000127 total RNA-seq,encode,-0.0054156780242919,0.0054156780242919,COMPLETED
Enh222_VPS51,Enh222,Enh222,ENSG00000149823,CL:0000127,CL:0000127 total RNA-seq,encode,-0.0006837844848632,0.0006837844848632,COMPLETED
Enh222_ZFPL1,Enh222,Enh222,ENSG00000162300,CL:0000127,CL:0000127 total RNA-seq,encode,0.0023016929626464,-0.0023016929626464,COMPLETED
Enh222_ZNRD2,Enh222,Enh222,ENSG00000173465,CL:0000127,CL:0000127 total RNA-seq,encode,-0.0036783814430236,0.0036783814430236,COMPLETED
Enh223_ARL2,Enh223,Enh223,ENSG00000213465,CL:0000127,CL:0000127 total RNA-seq,encode,0.00302654504776,-0.00302654504776,COMPLETED
Enh223_C11orf68,Enh223,Enh223,ENSG00000175573,CL:0000127,CL:0000127 total RNA-seq,encode,0.0031838417053222,-0.0031838417053222,COMPLETED
Enh223_CAPN1,Enh223,Enh223,ENSG00000014216,CL:0000127,CL:0000127 total RNA-seq,encode,0.0026634931564331,-0.0026634931564331,COMPLETED
Enh223_CCDC85B,Enh223,Enh223,ENSG00000175602,CL:0000127,CL:0000127 total RNA-seq,encode,0.0003741979598999,-0.0003741979598999,COMPLETED
Enh223_CFL1,Enh223,Enh223,ENSG00000172757,CL:0000127,CL:0000127 total RNA-seq,encode,0.0016906261444091,-0.0016906261444091,COMPLETED
Enh223_DPF2,Enh223,Enh223,ENSG00000133884,CL:0000127,CL:0000127 total RNA-seq,encode,-0.0015773773193359,0.0015773773193359,COMPLETED
Enh223_DRAP1,Enh223,Enh223,ENSG00000175550,CL:0000127,CL:0000127 total RNA-seq,encode,0.0010056495666503,-0.0010056495666503,COMPLETED
Enh223_EFEMP2,Enh223,Enh223,ENSG00000172638,CL:0000127,CL:0000127 total RNA-seq,encode,0.0053616762161254,-0.0053616762161254,COMPLETED
Enh223_EHBP1L1,Enh223,Enh223,ENSG00000173442,CL:0000127,CL:0000127 total RNA-seq,encode,0.0004049912095069,-0.0004049912095069,COMPLETED
Enh223_FAM89B,Enh223,Enh223,ENSG00000176973,CL:0000127,CL:0000127 total RNA-seq,encode,0.0042194724082946,-0.0042194724082946,COMPLETED
Enh223_FAU,Enh223,Enh223,ENSG00000149806,CL:0000127,CL:0000127 total RNA-seq,encode,0.0014092922210693,-0.0014092922210693,COMPLETED
Enh223_FIBP,Enh223,Enh223,ENSG00000172500,CL:0000127,CL:0000127 total RNA-seq,encode,0.002360463142395,-0.002360463142395,COMPLETED
Enh223_FOSL1,Enh223,Enh223,ENSG00000175592,CL:0000127,CL:0000127 total RNA-seq,encode,0.0052535869181156,-0.0052535869181156,COMPLETED
Enh223_LTBP3,Enh223,Enh223,ENSG00000168056,CL:0000127,CL:0000127 total RNA-seq,encode,7.870793342590332e-05,-7.870793342590332e-05,COMPLETED
Enh223_MALAT1,Enh223,Enh223,ENSG00000251562,CL:0000127,CL:0000127 total RNA-seq,encode,-0.0068135261535644,0.0068135261535644,COMPLETED
Enh223_MUS81,Enh223,Enh223,ENSG00000172732,CL:0000127,CL:0000127 total RNA-seq,encode,0.0013294070959091,-0.0013294070959091,COMPLETED
Enh223_NEAT1,Enh223,Enh223,ENSG00000245532,CL:0000127,CL:0000127 total RNA-seq,encode,-0.0011185407638549,0.0011185407638549,COMPLETED
Enh223_RELA,Enh223,Enh223,ENSG00000173039,CL:0000127,CL:0000127 total RNA-seq,encode,0.0036651194095611,-0.0036651194095611,COMPLETED
Enh223_RNASEH2C,Enh223,Enh223,ENSG00000172922,CL:0000127,CL:0000127 total RNA-seq,encode,-0.0015093684196472,0.0015093684196472,COMPLETED
Enh223_SAC3D1,Enh223,Enh223,ENSG00000168061,CL:0000127,CL:0000127 total RNA-seq,encode,0.0023203939199447,-0.0023203939199447,COMPLETED
Enh223_SART1,Enh223,Enh223,ENSG00000175467,CL:0000127,CL:0000127 total RNA-seq,encode,0.0017323493957519,-0.0017323493957519,COMPLETED
Enh223_SCYL1,Enh223,Enh223,ENSG00000142186,CL:0000127,CL:0000127 total RNA-seq,encode,-7.212162017822266e-06,7.212162017822266e-06,COMPLETED
Enh223_VPS51,Enh223,Enh223,ENSG00000149823,CL:0000127,CL:0000127 total RNA-seq,encode,0.0013825893402099,-0.0013825893402099,COMPLETED
Enh223_ZFPL1,Enh223,Enh223,ENSG00000162300,CL:0000127,CL:0000127 total RNA-seq,encode,0.0071067512035369,-0.0071067512035369,COMPLETED
Enh223_ZNRD2,Enh223,Enh223,ENSG00000173465,CL:0000127,CL:0000127 total RNA-seq,encode,0.0035962462425231,-0.0035962462425231,COMPLETED
Enh224_ARL2,Enh224,Enh224,ENSG00000213465,CL:0000127,CL:0000127 total RNA-seq,encode,-0.001641035079956,0.001641035079956,COMPLETED
Enh224_CCDC85B,Enh224,Enh224,ENSG00000175602,CL:0000127,CL:0000127 total RNA-seq,encode,0.0017452239990234,-0.0017452239990234,COMPLETED
Enh224_CFL1,Enh224,Enh224,ENSG00000172757,CL:0000127,CL:0000127 total RNA-seq,encode,0.0010702610015869,-0.0010702610015869,COMPLETED
Enh224_DRAP1,Enh224,Enh224,ENSG00000175550,CL:0000127,CL:0000127 total RNA-seq,encode,-0.0011099576950073,0.0011099576950073,COMPLETED
Enh224_FAU,Enh224,Enh224,ENSG00000149806,CL:0000127,CL:0000127 total RNA-seq,encode,0.0028023719787597,-0.0028023719787597,COMPLETED
Enh224_FIBP,Enh224,Enh224,ENSG00000172500,CL:0000127,CL:0000127 total RNA-seq,encode,0.000116229057312,-0.000116229057312,COMPLETED
Enh224_MALAT1,Enh224,Enh224,ENSG00000251562,CL:0000127,CL:0000127 total RNA-seq,encode,-0.0012075901031494,0.0012075901031494,COMPLETED
Enh224_NEAT1,Enh224,Enh224,ENSG00000245532,CL:0000127,CL:0000127 total RNA-seq,encode,-0.0016875267028808,0.0016875267028808,COMPLETED
Enh224_RNASEH2C,Enh224,Enh224,ENSG00000172922,CL:0000127,CL:0000127 total RNA-seq,encode,0.0008721351623535,-0.0008721351623535,COMPLETED
Enh225_ARL2,Enh225,Enh225,ENSG00000213465,CL:0000127,CL:0000127 total RNA-seq,encode,-0.0024548768997192,0.0024548768997192,COMPLETED
Enh225_C11orf68,Enh225,Enh225,ENSG00000175573,CL:0000127,CL:0000127 total RNA-seq,encode,0.0009490251541137,-0.0009490251541137,COMPLETED
Enh225_CCDC85B,Enh225,Enh225,ENSG00000175602,CL:0000127,CL:0000127 total RNA-seq,encode,0.001024842262268,-0.001024842262268,COMPLETED
Enh225_CFL1,Enh225,Enh225,ENSG00000172757,CL:0000127,CL:0000127 total RNA-seq,encode,-0.0002181529998779,0.0002181529998779,COMPLETED
Enh225_DPF2,Enh225,Enh225,ENSG00000133884,CL:0000127,CL:0000127 total RNA-seq,encode,0.0020394921302795,-0.0020394921302795,COMPLETED
Enh225_DRAP1,Enh225,Enh225,ENSG00000175550,CL:0000127,CL:0000127 total RNA-seq,encode,0.0006488561630249,-0.0006488561630249,COMPLETED
Enh225_EFEMP2,Enh225,Enh225,ENSG00000172638,CL:0000127,CL:0000127 total RNA-seq,encode,-0.0008949041366577,0.0008949041366577,COMPLETED
Enh225_EHBP1L1,Enh225,Enh225,ENSG00000173442,CL:0000127,CL:0000127 total RNA-seq,encode,-0.0002012252807617,0.0002012252807617,COMPLETED
Enh225_FAM89B,Enh225,Enh225,ENSG00000176973,CL:0000127,CL:0000127 total RNA-seq,encode,-0.0060033500194549,0.0060033500194549,COMPLETED
Enh225_FAU,Enh225,Enh225,ENSG00000149806,CL:0000127,CL:0000127 total RNA-seq,encode,0.0013363361358642,-0.0013363361358642,COMPLETED
Enh225_FIBP,Enh225,Enh225,ENSG00000172500,CL:0000127,CL:0000127 total RNA-seq,encode,0.0004475116729736,-0.0004475116729736,COMPLETED
Enh225_MALAT1,Enh225,Enh225,ENSG00000251562,CL:0000127,CL:0000127 total RNA-seq,encode,-0.0017380714416503,0.0017380714416503,COMPLETED
Enh225_NEAT1,Enh225,Enh225,ENSG00000245532,CL:0000127,CL:0000127 total RNA-seq,encode,0.0049201250076293,-0.0049201250076293,COMPLETED
Enh225_RELA,Enh225,Enh225,ENSG00000173039,CL:0000127,CL:0000127 total RNA-seq,encode,0.0014261305332183,-0.0014261305332183,COMPLETED
Enh225_RNASEH2C,Enh225,Enh225,ENSG00000172922,CL:0000127,CL:0000127 total RNA-seq,encode,0.001505970954895,-0.001505970954895,COMPLETED
Enh225_SAC3D1,Enh225,Enh225,ENSG00000168061,CL:0000127,CL:0000127 total RNA-seq,encode,-0.0011810660362243,0.0011810660362243,COMPLETED
Enh225_SCYL1,Enh225,Enh225,ENSG00000142186,CL:0000127,CL:0000127 total RNA-seq,encode,-0.0001550912857055,0.0001550912857055,COMPLETED
Enh225_ZNRD2,Enh225,Enh225,ENSG00000173465,CL:0000127,CL:0000127 total RNA-seq,encode,-0.0050804018974304,0.0050804018974304,COMPLETED
Enh226_ARL2,Enh226,Enh226,ENSG00000213465,CL:0000127,CL:0000127 total RNA-seq,encode,-0.0009006857872009,0.0009006857872009,COMPLETED
Enh226_C11orf68,Enh226,Enh226,ENSG00000175573,CL:0000127,CL:0000127 total RNA-seq,encode,0.00327068567276,-0.00327068567276,COMPLETED
Enh226_CCDC85B,Enh226,Enh226,ENSG00000175602,CL:0000127,CL:0000127 total RNA-seq,encode,-0.0017716884613037,0.0017716884613037,COMPLETED
Enh226_CFL1,Enh226,Enh226,ENSG00000172757,CL:0000127,CL:0000127 total RNA-seq,encode,-0.000500202178955,0.000500202178955,COMPLETED
Enh226_DPF2,Enh226,Enh226,ENSG00000133884,CL:0000127,CL:0000127 total RNA-seq,encode,0.0034869909286499,-0.0034869909286499,COMPLETED
Enh226_DRAP1,Enh226,Enh226,ENSG00000175550,CL:0000127,CL:0000127 total RNA-seq,encode,0.0032227039337158,-0.0032227039337158,COMPLETED
Enh226_EFEMP2,Enh226,Enh226,ENSG00000172638,CL:0000127,CL:0000127 total RNA-seq,encode,0.0003487467765808,-0.0003487467765808,COMPLETED
Enh226_FAM89B,Enh226,Enh226,ENSG00000176973,CL:0000127,CL:0000127 total RNA-seq,encode,-0.0051632225513458,0.0051632225513458,COMPLETED
Enh226_FAU,Enh226,Enh226,ENSG00000149806,CL:0000127,CL:0000127 total RNA-seq,encode,0.0030996799468994,-0.0030996799468994,COMPLETED
Enh226_FIBP,Enh226,Enh226,ENSG00000172500,CL:0000127,CL:0000127 total RNA-seq,encode,0.0011143684387207,-0.0011143684387207,COMPLETED
Enh226_MALAT1,Enh226,Enh226,ENSG00000251562,CL:0000127,CL:0000127 total RNA-seq,encode,-0.0170042514801025,0.0170042514801025,COMPLETED
Enh226_NEAT1,Enh226,Enh226,ENSG00000245532,CL:0000127,CL:0000127 total RNA-seq,encode,-0.0047097206115722,0.0047097206115722,COMPLETED
Enh226_RELA,Enh226,Enh226,ENSG00000173039,CL:0000127,CL:0000127 total RNA-seq,encode,0.0007806867361068,-0.0007806867361068,COMPLETED
Enh226_RNASEH2C,Enh226,Enh226,ENSG00000172922,CL:0000127,CL:0000127 total RNA-seq,encode,-0.0015105009078979,0.0015105009078979,COMPLETED
Enh226_SAC3D1,Enh226,Enh226,ENSG00000168061,CL:0000127,CL:0000127 total RNA-seq,encode,-0.002741128206253,0.002741128206253,COMPLETED
Enh226_SCYL1,Enh226,Enh226,ENSG00000142186,CL:0000127,CL:0000127 total RNA-seq,encode,-0.0027093887329101,0.0027093887329101,COMPLETED
Enh226_ZNRD2,Enh226,Enh226,ENSG00000173465,CL:0000127,CL:0000127 total RNA-seq,encode,-0.004944622516632,0.004944622516632,COMPLETED
Enh227_ARL2,Enh227,Enh227,ENSG00000213465,CL:0000127,CL:0000127 total RNA-seq,encode,-0.0023170709609985,0.0023170709609985,COMPLETED
Enh227_CCDC85B,Enh227,Enh227,ENSG00000175602,CL:0000127,CL:0000127 total RNA-seq,encode,-0.0021808147430419,0.0021808147430419,COMPLETED
Enh227_CFL1,Enh227,Enh227,ENSG00000172757,CL:0000127,CL:0000127 total RNA-seq,encode,-0.0015771389007568,0.0015771389007568,COMPLETED
Enh227_DRAP1,Enh227,Enh227,ENSG00000175550,CL:0000127,CL:0000127 total RNA-seq,encode,-0.0008139610290527,0.0008139610290527,COMPLETED
Enh227_EFEMP2,Enh227,Enh227,ENSG00000172638,CL:0000127,CL:0000127 total RNA-seq,encode,-0.000616431236267,0.000616431236267,COMPLETED
Enh227_FAU,Enh227,Enh227,ENSG00000149806,CL:0000127,CL:0000127 total RNA-seq,encode,0.0033600330352783,-0.0033600330352783,COMPLETED
Enh227_FIBP,Enh227,Enh227,ENSG00000172500,CL:0000127,CL:0000127 total RNA-seq,encode,0.0013172030448913,-0.0013172030448913,COMPLETED
Enh227_MALAT1,Enh227,Enh227,ENSG00000251562,CL:0000127,CL:0000127 total RNA-seq,encode,-0.0050878524780273,0.0050878524780273,COMPLETED
Enh227_NEAT1,Enh227,Enh227,ENSG00000245532,CL:0000127,CL:0000127 total RNA-seq,encode,0.0033233165740966,-0.0033233165740966,COMPLETED
Enh227_RELA,Enh227,Enh227,ENSG00000173039,CL:0000127,CL:0000127 total RNA-seq,encode,0.0006783604621887,-0.0006783604621887,COMPLETED
Enh227_RNASEH2C,Enh227,Enh227,ENSG00000172922,CL:0000127,CL:0000127 total RNA-seq,encode,0.0003971457481384,-0.0003971457481384,COMPLETED
Enh228_ARL2,Enh228,Enh228,ENSG00000213465,CL:0000127,CL:0000127 total RNA-seq,encode,-0.0014216899871826,0.0014216899871826,COMPLETED
Enh228_CCDC85B,Enh228,Enh228,ENSG00000175602,CL:0000127,CL:0000127 total RNA-seq,encode,0.0018364191055297,-0.0018364191055297,COMPLETED
Enh228_CFL1,Enh228,Enh228,ENSG00000172757,CL:0000127,CL:0000127 total RNA-seq,encode,0.0003905296325683,-0.0003905296325683,COMPLETED
Enh228_DRAP1,Enh228,Enh228,ENSG00000175550,CL:0000127,CL:0000127 total RNA-seq,encode,-0.0002919435501098,0.0002919435501098,COMPLETED
Enh228_EFEMP2,Enh228,Enh228,ENSG00000172638,CL:0000127,CL:0000127 total RNA-seq,encode,0.0002287626266479,-0.0002287626266479,COMPLETED
Enh228_FAM89B,Enh228,Enh228,ENSG00000176973,CL:0000127,CL:0000127 total RNA-seq,encode,0.0025465488433837,-0.0025465488433837,COMPLETED
Enh228_FAU,Enh228,Enh228,ENSG00000149806,CL:0000127,CL:0000127 total RNA-seq,encode,0.0023248195648193,-0.0023248195648193,COMPLETED
Enh228_FIBP,Enh228,Enh228,ENSG00000172500,CL:0000127,CL:0000127 total RNA-seq,encode,-0.0010179877281188,0.0010179877281188,COMPLETED
Enh228_MALAT1,Enh228,Enh228,ENSG00000251562,CL:0000127,CL:0000127 total RNA-seq,encode,-0.0017991065979003,0.0017991065979003,COMPLETED
Enh228_NEAT1,Enh228,Enh228,ENSG00000245532,CL:0000127,CL:0000127 total RNA-seq,encode,-0.0018296241760253,0.0018296241760253,COMPLETED
Enh228_RELA,Enh228,Enh228,ENSG00000173039,CL:0000127,CL:0000127 total RNA-seq,encode,0.0002693831920623,-0.0002693831920623,COMPLETED
Enh228_RNASEH2C,Enh228,Enh228,ENSG00000172922,CL:0000127,CL:0000127 total RNA-seq,encode,-0.0005427002906799,0.0005427002906799,COMPLETED
Enh229_ARL2,Enh229,Enh229,ENSG00000213465,CL:0000127,CL:0000127 total RNA-seq,encode,-0.0008967518806457,0.0008967518806457,COMPLETED
Enh229_BANF1,Enh229,Enh229,ENSG00000175334,CL:0000127,CL:0000127 total RNA-seq,encode,0.0030021667480468,-0.0030021667480468,COMPLETED
Enh229_CCDC85B,Enh229,Enh229,ENSG00000175602,CL:0000127,CL:0000127 total RNA-seq,encode,-0.0014090538024902,0.0014090538024902,COMPLETED
Enh229_CFL1,Enh229,Enh229,ENSG00000172757,CL:0000127,CL:0000127 total RNA-seq,encode,-0.0005240440368652,0.0005240440368652,COMPLETED
Enh229_DRAP1,Enh229,Enh229,ENSG00000175550,CL:0000127,CL:0000127 total RNA-seq,encode,0.0013660192489624,-0.0013660192489624,COMPLETED
Enh229_FAU,Enh229,Enh229,ENSG00000149806,CL:0000127,CL:0000127 total RNA-seq,encode,-0.0003173351287841,0.0003173351287841,COMPLETED
Enh229_FIBP,Enh229,Enh229,ENSG00000172500,CL:0000127,CL:0000127 total RNA-seq,encode,0.0011728405952453,-0.0011728405952453,COMPLETED
Enh229_MALAT1,Enh229,Enh229,ENSG00000251562,CL:0000127,CL:0000127 total RNA-seq,encode,-0.0220534801483154,0.0220534801483154,COMPLETED
Enh229_NEAT1,Enh229,Enh229,ENSG00000245532,CL:0000127,CL:0000127 total RNA-seq,encode,-0.0117524862289428,0.0117524862289428,COMPLETED
Enh229_RNASEH2C,Enh229,Enh229,ENSG00000172922,CL:0000127,CL:0000127 total RNA-seq,encode,0.000988483428955,-0.000988483428955,COMPLETED
Enh22_PRRX1,Enh22,Enh22,ENSG00000116132,CL:0000127,CL:0000127 total RNA-seq,encode,-0.0412022620439529,0.0412022620439529,COMPLETED
Enh230_BANF1,Enh230,Enh230,ENSG00000175334,CL:0000127,CL:0000127 total RNA-seq,encode,0.0008530020713806,-0.0008530020713806,COMPLETED
Enh230_C11orf68,Enh230,Enh230,ENSG00000175573,CL:0000127,CL:0000127 total RNA-seq,encode,-0.0015704631805419,0.0015704631805419,COMPLETED
Enh230_CCDC85B,Enh230,Enh230,ENSG00000175602,CL:0000127,CL:0000127 total RNA-seq,encode,-0.0067932605743408,0.0067932605743408,COMPLETED
Enh230_CFL1,Enh230,Enh230,ENSG00000172757,CL:0000127,CL:0000127 total RNA-seq,encode,-0.0210685729980468,0.0210685729980468,COMPLETED
Enh230_DPF2,Enh230,Enh230,ENSG00000133884,CL:0000127,CL:0000127 total RNA-seq,encode,0.000236690044403,-0.000236690044403,COMPLETED
Enh230_DRAP1,Enh230,Enh230,ENSG00000175550,CL:0000127,CL:0000127 total RNA-seq,encode,0.0018374919891357,-0.0018374919891357,COMPLETED
Enh230_EFEMP2,Enh230,Enh230,ENSG00000172638,CL:0000127,CL:0000127 total RNA-seq,encode,-0.004582405090332,0.004582405090332,COMPLETED
Enh230_FAM89B,Enh230,Enh230,ENSG00000176973,CL:0000127,CL:0000127 total RNA-seq,encode,-0.0019205808639526,0.0019205808639526,COMPLETED
Enh230_FIBP,Enh230,Enh230,ENSG00000172500,CL:0000127,CL:0000127 total RNA-seq,encode,-0.0023512840270996,0.0023512840270996,COMPLETED
Enh230_MALAT1,Enh230,Enh230,ENSG00000251562,CL:0000127,CL:0000127 total RNA-seq,encode,0.0009932518005371,-0.0009932518005371,COMPLETED
Enh230_NEAT1,Enh230,Enh230,ENSG00000245532,CL:0000127,CL:0000127 total RNA-seq,encode,0.0008033514022827,-0.0008033514022827,COMPLETED
Enh230_PACS1,Enh230,Enh230,ENSG00000175115,CL:0000127,CL:0000127 total RNA-seq,encode,0.0013070106506347,-0.0013070106506347,COMPLETED
Enh230_RAB1B,Enh230,Enh230,ENSG00000174903,CL:0000127,CL:0000127 total RNA-seq,encode,-0.0003055334091186,0.0003055334091186,COMPLETED
Enh230_RELA,Enh230,Enh230,ENSG00000173039,CL:0000127,CL:0000127 total RNA-seq,encode,0.001453474164009,-0.001453474164009,COMPLETED
Enh230_RNASEH2C,Enh230,Enh230,ENSG00000172922,CL:0000127,CL:0000127 total RNA-seq,encode,0.0046184062957763,-0.0046184062957763,COMPLETED
Enh230_SCYL1,Enh230,Enh230,ENSG00000142186,CL:0000127,CL:0000127 total RNA-seq,encode,-0.0029218196868896,0.0029218196868896,COMPLETED
Enh230_SF3B2,Enh230,Enh230,ENSG00000087365,CL:0000127,CL:0000127 total RNA-seq,encode,0.0015561878681182,-0.0015561878681182,COMPLETED
Enh230_YIF1A,Enh230,Enh230,ENSG00000174851,CL:0000127,CL:0000127 total RNA-seq,encode,-0.0012427568435668,0.0012427568435668,COMPLETED
Enh230_ZNRD2,Enh230,Enh230,ENSG00000173465,CL:0000127,CL:0000127 total RNA-seq,encode,-0.0017361044883728,0.0017361044883728,COMPLETED
Enh231_COA4,Enh231,Enh231,ENSG00000181924,CL:0000127,CL:0000127 total RNA-seq,encode,-0.0014765039086341,0.0014765039086341,COMPLETED
Enh232_COA4,Enh232,Enh232,ENSG00000181924,CL:0000127,CL:0000127 total RNA-seq,encode,-0.0005527958273887,0.0005527958273887,COMPLETED
Enh232_MRPL48,Enh232,Enh232,ENSG00000175581,CL:0000127,CL:0000127 total RNA-seq,encode,-0.011783480644226,0.011783480644226,COMPLETED
Enh232_PPME1,Enh232,Enh232,ENSG00000214517,CL:0000127,CL:0000127 total RNA-seq,encode,-0.0006086230278015,0.0006086230278015,COMPLETED
Enh232_RAB6A,Enh232,Enh232,ENSG00000175582,CL:0000127,CL:0000127 total RNA-seq,encode,-0.0280803442001342,0.0280803442001342,COMPLETED
Enh233_RNF169,Enh233,Enh233,ENSG00000166439,CL:0000127,CL:0000127 total RNA-seq,encode,-0.0179701447486877,0.0179701447486877,COMPLETED
Enh233_SPCS2,Enh233,Enh233,ENSG00000118363,CL:0000127,CL:0000127 total RNA-seq,encode,-0.0003579854965209,0.0003579854965209,COMPLETED
Enh234_SPCS2,Enh234,Enh234,ENSG00000118363,CL:0000127,CL:0000127 total RNA-seq,encode,0.0021997094154357,-0.0021997094154357,COMPLETED
Enh235_RPS3,Enh235,Enh235,ENSG00000149273,CL:0000127,CL:0000127 total RNA-seq,encode,-0.0004444122314453,0.0004444122314453,COMPLETED
Enh235_SPCS2,Enh235,Enh235,ENSG00000118363,CL:0000127,CL:0000127 total RNA-seq,encode,0.0261040925979614,-0.0261040925979614,COMPLETED
Enh236_RPS3,Enh236,Enh236,ENSG00000149273,CL:0000127,CL:0000127 total RNA-seq,encode,-0.0005526542663574,0.0005526542663574,COMPLETED
Enh236_SERPINH1,Enh236,Enh236,ENSG00000149257,CL:0000127,CL:0000127 total RNA-seq,encode,-0.2135112285614013,0.2135112285614013,COMPLETED
Enh236_UVRAG,Enh236,Enh236,ENSG00000198382,CL:0000127,CL:0000127 total RNA-seq,encode,0.0010485649108886,-0.0010485649108886,COMPLETED
Enh237_RPS3,Enh237,Enh237,ENSG00000149273,CL:0000127,CL:0000127 total RNA-seq,encode,-0.0005676746368408,0.0005676746368408,COMPLETED
Enh237_SERPINH1,Enh237,Enh237,ENSG00000149257,CL:0000127,CL:0000127 total RNA-seq,encode,-0.089043378829956,0.089043378829956,COMPLETED
Enh238_THAP12,Enh238,Enh238,ENSG00000137492,CL:0000127,CL:0000127 total RNA-seq,encode,5.459785461425781e-05,-5.459785461425781e-05,COMPLETED
Enh23_RCC2,Enh23,Enh23,ENSG00000179051,CL:0000127,CL:0000127 total RNA-seq,encode,-0.0018000602722167,0.0018000602722167,COMPLETED
Enh23_SDHB,Enh23,Enh23,ENSG00000117118,CL:0000127,CL:0000127 total RNA-seq,encode,0.0008877515792846,-0.0008877515792846,COMPLETED
Enh241_FAT3,Enh241,Enh241,ENSG00000165323,CL:0000127,CL:0000127 total RNA-seq,encode,-0.6433019638061523,0.6433019638061523,COMPLETED
Enh244_AKIP1,Enh244,Enh244,ENSG00000166452,CL:0000127,CL:0000127 total RNA-seq,encode,-0.0029205381870269,0.0029205381870269,COMPLETED
Enh244_IPO7,Enh244,Enh244,ENSG00000205339,CL:0000127,CL:0000127 total RNA-seq,encode,-0.2866500616073608,0.2866500616073608,COMPLETED
Enh244_SWAP70,Enh244,Enh244,ENSG00000133789,CL:0000127,CL:0000127 total RNA-seq,encode,0.0063393712043762,-0.0063393712043762,COMPLETED
Enh244_TMEM9B,Enh244,Enh244,ENSG00000175348,CL:0000127,CL:0000127 total RNA-seq,encode,0.0010154247283935,-0.0010154247283935,COMPLETED
Enh245_CWC15,Enh245,Enh245,ENSG00000150316,CL:0000127,CL:0000127 total RNA-seq,encode,-0.0009826347231864,0.0009826347231864,COMPLETED
Enh246_CWC15,Enh246,Enh246,ENSG00000150316,CL:0000127,CL:0000127 total RNA-seq,encode,-0.0006531849503517,0.0006531849503517,COMPLETED
Enh247_IPO7,Enh247,Enh247,ENSG00000205339,CL:0000127,CL:0000127 total RNA-seq,encode,-0.0031336545944213,0.0031336545944213,COMPLETED
Enh247_SWAP70,Enh247,Enh247,ENSG00000133789,CL:0000127,CL:0000127 total RNA-seq,encode,0.0109328627586364,-0.0109328627586364,COMPLETED
Enh247_WEE1,Enh247,Enh247,ENSG00000166483,CL:0000127,CL:0000127 total RNA-seq,encode,0.047964334487915,-0.047964334487915,COMPLETED
Enh248_IPO7,Enh248,Enh248,ENSG00000205339,CL:0000127,CL:0000127 total RNA-seq,encode,0.001024842262268,-0.001024842262268,COMPLETED
Enh248_WEE1,Enh248,Enh248,ENSG00000166483,CL:0000127,CL:0000127 total RNA-seq,encode,-0.1737647056579589,0.1737647056579589,COMPLETED
Enh249_IPO7,Enh249,Enh249,ENSG00000205339,CL:0000127,CL:0000127 total RNA-seq,encode,0.000274658203125,-0.000274658203125,COMPLETED
Enh249_SWAP70,Enh249,Enh249,ENSG00000133789,CL:0000127,CL:0000127 total RNA-seq,encode,-0.0259793996810913,0.0259793996810913,COMPLETED
Enh249_WEE1,Enh249,Enh249,ENSG00000166483,CL:0000127,CL:0000127 total RNA-seq,encode,-0.0076442956924438,0.0076442956924438,COMPLETED
Enh250_IPO7,Enh250,Enh250,ENSG00000205339,CL:0000127,CL:0000127 total RNA-seq,encode,0.0018839240074157,-0.0018839240074157,COMPLETED
Enh250_SWAP70,Enh250,Enh250,ENSG00000133789,CL:0000127,CL:0000127 total RNA-seq,encode,0.0140383243560791,-0.0140383243560791,COMPLETED
Enh251_CKAP4,Enh251,Enh251,ENSG00000136026,CL:0000127,CL:0000127 total RNA-seq,encode,-0.0029505491256713,0.0029505491256713,COMPLETED
Enh252_CKAP4,Enh252,Enh252,ENSG00000136026,CL:0000127,CL:0000127 total RNA-seq,encode,-0.0037822723388671,0.0037822723388671,COMPLETED
Enh252_NUAK1,Enh252,Enh252,ENSG00000074590,CL:0000127,CL:0000127 total RNA-seq,encode,-0.0884073376655578,0.0884073376655578,COMPLETED
Enh253_ARPC3,Enh253,Enh253,ENSG00000111229,CL:0000127,CL:0000127 total RNA-seq,encode,-0.0023969411849975,0.0023969411849975,COMPLETED
Enh253_GLTP,Enh253,Enh253,ENSG00000139433,CL:0000127,CL:0000127 total RNA-seq,encode,0.0047841072082519,-0.0047841072082519,COMPLETED
Enh253_VPS29,Enh253,Enh253,ENSG00000111237,CL:0000127,CL:0000127 total RNA-seq,encode,-0.0013768970966339,0.0013768970966339,COMPLETED
Enh254_ANAPC7,Enh254,Enh254,ENSG00000196510,CL:0000127,CL:0000127 total RNA-seq,encode,0.0040470361709594,-0.0040470361709594,COMPLETED
Enh254_ANKRD13A,Enh254,Enh254,ENSG00000076513,CL:0000127,CL:0000127 total RNA-seq,encode,0.0025230050086975,-0.0025230050086975,COMPLETED
Enh254_ARPC3,Enh254,Enh254,ENSG00000111229,CL:0000127,CL:0000127 total RNA-seq,encode,0.0005111694335937,-0.0005111694335937,COMPLETED
Enh254_ATP2A2,Enh254,Enh254,ENSG00000174437,CL:0000127,CL:0000127 total RNA-seq,encode,0.032891035079956,-0.032891035079956,COMPLETED
Enh254_GIT2,Enh254,Enh254,ENSG00000139436,CL:0000127,CL:0000127 total RNA-seq,encode,-0.0012562274932861,0.0012562274932861,COMPLETED
Enh254_GLTP,Enh254,Enh254,ENSG00000139433,CL:0000127,CL:0000127 total RNA-seq,encode,0.0007985234260559,-0.0007985234260559,COMPLETED
Enh254_GPN3,Enh254,Enh254,ENSG00000111231,CL:0000127,CL:0000127 total RNA-seq,encode,0.0027105510234832,-0.0027105510234832,COMPLETED
Enh254_VPS29,Enh254,Enh254,ENSG00000111237,CL:0000127,CL:0000127 total RNA-seq,encode,0.0007252097129821,-0.0007252097129821,COMPLETED
Enh255_ARPC3,Enh255,Enh255,ENSG00000111229,CL:0000127,CL:0000127 total RNA-seq,encode,-0.0012681484222412,0.0012681484222412,COMPLETED
Enh255_GLTP,Enh255,Enh255,ENSG00000139433,CL:0000127,CL:0000127 total RNA-seq,encode,0.0040656924247741,-0.0040656924247741,COMPLETED
Enh255_VPS29,Enh255,Enh255,ENSG00000111237,CL:0000127,CL:0000127 total RNA-seq,encode,-0.0004425346851348,0.0004425346851348,COMPLETED
Enh256_ATXN2,Enh256,Enh256,ENSG00000204842,CL:0000127,CL:0000127 total RNA-seq,encode,-0.0265545845031738,0.0265545845031738,COMPLETED
Enh256_ERP29,Enh256,Enh256,ENSG00000089248,CL:0000127,CL:0000127 total RNA-seq,encode,0.0014823675155639,-0.0014823675155639,COMPLETED
Enh257_ERP29,Enh257,Enh257,ENSG00000089248,CL:0000127,CL:0000127 total RNA-seq,encode,-0.0008509755134582,0.0008509755134582,COMPLETED
Enh257_PTPN11,Enh257,Enh257,ENSG00000179295,CL:0000127,CL:0000127 total RNA-seq,encode,-0.0018068552017211,0.0018068552017211,COMPLETED
Enh257_RPL6,Enh257,Enh257,ENSG00000089009,CL:0000127,CL:0000127 total RNA-seq,encode,-0.0031338930130004,0.0031338930130004,COMPLETED
Enh257_TRAFD1,Enh257,Enh257,ENSG00000135148,CL:0000127,CL:0000127 total RNA-seq,encode,-0.0123706459999084,0.0123706459999084,COMPLETED
Enh258_ERP29,Enh258,Enh258,ENSG00000089248,CL:0000127,CL:0000127 total RNA-seq,encode,0.0007029920816421,-0.0007029920816421,COMPLETED
Enh258_PTPN11,Enh258,Enh258,ENSG00000179295,CL:0000127,CL:0000127 total RNA-seq,encode,0.0010156631469726,-0.0010156631469726,COMPLETED
Enh258_RPL6,Enh258,Enh258,ENSG00000089009,CL:0000127,CL:0000127 total RNA-seq,encode,0.0003372430801391,-0.0003372430801391,COMPLETED
Enh258_TRAFD1,Enh258,Enh258,ENSG00000135148,CL:0000127,CL:0000127 total RNA-seq,encode,-0.0108251199126243,0.0108251199126243,COMPLETED
Enh259_COX6A1,Enh259,Enh259,ENSG00000111775,CL:0000127,CL:0000127 total RNA-seq,encode,0.0009173154830932,-0.0009173154830932,COMPLETED
Enh259_DYNLL1,Enh259,Enh259,ENSG00000088986,CL:0000127,CL:0000127 total RNA-seq,encode,0.0016857385635375,-0.0016857385635375,COMPLETED
Enh259_MLEC,Enh259,Enh259,ENSG00000110917,CL:0000127,CL:0000127 total RNA-seq,encode,0.0005903244018554,-0.0005903244018554,COMPLETED
Enh259_POP5,Enh259,Enh259,ENSG00000167272,CL:0000127,CL:0000127 total RNA-seq,encode,0.0017211437225341,-0.0017211437225341,COMPLETED
Enh259_PXN,Enh259,Enh259,ENSG00000089159,CL:0000127,CL:0000127 total RNA-seq,encode,-0.0058114826679229,0.0058114826679229,COMPLETED
Enh259_RNF10,Enh259,Enh259,ENSG00000022840,CL:0000127,CL:0000127 total RNA-seq,encode,-0.0012260377407073,0.0012260377407073,COMPLETED
Enh259_RPLP0,Enh259,Enh259,ENSG00000089157,CL:0000127,CL:0000127 total RNA-seq,encode,-0.0038769245147705,0.0038769245147705,COMPLETED
Enh259_SRSF9,Enh259,Enh259,ENSG00000111786,CL:0000127,CL:0000127 total RNA-seq,encode,0.0006581544876098,-0.0006581544876098,COMPLETED
Enh259_TRIAP1,Enh259,Enh259,ENSG00000170855,CL:0000127,CL:0000127 total RNA-seq,encode,-0.0007240772247314,0.0007240772247314,COMPLETED
Enh25_ARPC5,Enh25,Enh25,ENSG00000162704,CL:0000127,CL:0000127 total RNA-seq,encode,-0.001518428325653,0.001518428325653,COMPLETED
Enh260_COX6A1,Enh260,Enh260,ENSG00000111775,CL:0000127,CL:0000127 total RNA-seq,encode,-0.0007199048995971,0.0007199048995971,COMPLETED
Enh260_DYNLL1,Enh260,Enh260,ENSG00000088986,CL:0000127,CL:0000127 total RNA-seq,encode,-0.0011694431304931,0.0011694431304931,COMPLETED
Enh260_MLEC,Enh260,Enh260,ENSG00000110917,CL:0000127,CL:0000127 total RNA-seq,encode,0.0043811798095703,-0.0043811798095703,COMPLETED
Enh260_POP5,Enh260,Enh260,ENSG00000167272,CL:0000127,CL:0000127 total RNA-seq,encode,0.0074570178985595,-0.0074570178985595,COMPLETED
Enh260_PXN,Enh260,Enh260,ENSG00000089159,CL:0000127,CL:0000127 total RNA-seq,encode,0.0003518760204315,-0.0003518760204315,COMPLETED
Enh260_RNF10,Enh260,Enh260,ENSG00000022840,CL:0000127,CL:0000127 total RNA-seq,encode,-0.0063608735799789,0.0063608735799789,COMPLETED
Enh260_RPLP0,Enh260,Enh260,ENSG00000089157,CL:0000127,CL:0000127 total RNA-seq,encode,-0.0017290115356445,0.0017290115356445,COMPLETED
Enh260_SRSF9,Enh260,Enh260,ENSG00000111786,CL:0000127,CL:0000127 total RNA-seq,encode,-2.384185791015625e-05,2.384185791015625e-05,COMPLETED
Enh261_COX6A1,Enh261,Enh261,ENSG00000111775,CL:0000127,CL:0000127 total RNA-seq,encode,-0.0008637905120849,0.0008637905120849,COMPLETED
Enh261_DYNLL1,Enh261,Enh261,ENSG00000088986,CL:0000127,CL:0000127 total RNA-seq,encode,-0.0032571554183959,0.0032571554183959,COMPLETED
Enh261_MLEC,Enh261,Enh261,ENSG00000110917,CL:0000127,CL:0000127 total RNA-seq,encode,0.0001580715179443,-0.0001580715179443,COMPLETED
Enh261_POP5,Enh261,Enh261,ENSG00000167272,CL:0000127,CL:0000127 total RNA-seq,encode,-0.010222315788269,0.010222315788269,COMPLETED
Enh261_PXN,Enh261,Enh261,ENSG00000089159,CL:0000127,CL:0000127 total RNA-seq,encode,-0.0014452338218688,0.0014452338218688,COMPLETED
Enh261_RNF10,Enh261,Enh261,ENSG00000022840,CL:0000127,CL:0000127 total RNA-seq,encode,-0.0056555867195129,0.0056555867195129,COMPLETED
Enh261_RPLP0,Enh261,Enh261,ENSG00000089157,CL:0000127,CL:0000127 total RNA-seq,encode,0.000328779220581,-0.000328779220581,COMPLETED
Enh261_SRSF9,Enh261,Enh261,ENSG00000111786,CL:0000127,CL:0000127 total RNA-seq,encode,0.0016102194786071,-0.0016102194786071,COMPLETED
Enh262_ANAPC5,Enh262,Enh262,ENSG00000089053,CL:0000127,CL:0000127 total RNA-seq,encode,0.0020979940891265,-0.0020979940891265,COMPLETED
Enh262_MLEC,Enh262,Enh262,ENSG00000110917,CL:0000127,CL:0000127 total RNA-seq,encode,0.0007274150848388,-0.0007274150848388,COMPLETED
Enh263_ARL6IP4,Enh263,Enh263,ENSG00000182196,CL:0000127,CL:0000127 total RNA-seq,encode,0.0015137195587158,-0.0015137195587158,COMPLETED
Enh263_CDK2AP1,Enh263,Enh263,ENSG00000111328,CL:0000127,CL:0000127 total RNA-seq,encode,-0.0016692876815795,0.0016692876815795,COMPLETED
Enh263_DENR,Enh263,Enh263,ENSG00000139726,CL:0000127,CL:0000127 total RNA-seq,encode,-0.0006000101566314,0.0006000101566314,COMPLETED
Enh263_RSRC2,Enh263,Enh263,ENSG00000111011,CL:0000127,CL:0000127 total RNA-seq,encode,0.0002422928810119,-0.0002422928810119,COMPLETED
Enh264_NCOR2,Enh264,Enh264,ENSG00000196498,CL:0000127,CL:0000127 total RNA-seq,encode,-0.0011996030807495,0.0011996030807495,COMPLETED
Enh264_UBC,Enh264,Enh264,ENSG00000150991,CL:0000127,CL:0000127 total RNA-seq,encode,0.0003414154052734,-0.0003414154052734,COMPLETED
Enh265_NCOR2,Enh265,Enh265,ENSG00000196498,CL:0000127,CL:0000127 total RNA-seq,encode,0.0009666681289672,-0.0009666681289672,COMPLETED
Enh265_UBC,Enh265,Enh265,ENSG00000150991,CL:0000127,CL:0000127 total RNA-seq,encode,-0.0006458759307861,0.0006458759307861,COMPLETED
Enh266_DHX37,Enh266,Enh266,ENSG00000150990,CL:0000127,CL:0000127 total RNA-seq,encode,0.0007592439651489,-0.0007592439651489,COMPLETED
Enh266_NCOR2,Enh266,Enh266,ENSG00000196498,CL:0000127,CL:0000127 total RNA-seq,encode,-0.0208847522735595,0.0208847522735595,COMPLETED
Enh266_UBC,Enh266,Enh266,ENSG00000150991,CL:0000127,CL:0000127 total RNA-seq,encode,0.0001347064971923,-0.0001347064971923,COMPLETED
Enh267_NCOR2,Enh267,Enh267,ENSG00000196498,CL:0000127,CL:0000127 total RNA-seq,encode,0.001939058303833,-0.001939058303833,COMPLETED
Enh267_UBC,Enh267,Enh267,ENSG00000150991,CL:0000127,CL:0000127 total RNA-seq,encode,0.0004537105560302,-0.0004537105560302,COMPLETED
Enh268_NCOR2,Enh268,Enh268,ENSG00000196498,CL:0000127,CL:0000127 total RNA-seq,encode,-0.0014532804489135,0.0014532804489135,COMPLETED
Enh268_UBC,Enh268,Enh268,ENSG00000150991,CL:0000127,CL:0000127 total RNA-seq,encode,-0.0002655982971191,0.0002655982971191,COMPLETED
Enh269_UBC,Enh269,Enh269,ENSG00000150991,CL:0000127,CL:0000127 total RNA-seq,encode,0.0009746551513671,-0.0009746551513671,COMPLETED
Enh270_UBC,Enh270,Enh270,ENSG00000150991,CL:0000127,CL:0000127 total RNA-seq,encode,-0.0007762908935546,0.0007762908935546,COMPLETED
Enh271_AACS,Enh271,Enh271,ENSG00000081760,CL:0000127,CL:0000127 total RNA-seq,encode,0.0013873577117919,-0.0013873577117919,COMPLETED
Enh271_DHX37,Enh271,Enh271,ENSG00000150990,CL:0000127,CL:0000127 total RNA-seq,encode,-0.001623511314392,0.001623511314392,COMPLETED
Enh271_NCOR2,Enh271,Enh271,ENSG00000196498,CL:0000127,CL:0000127 total RNA-seq,encode,-0.0012661218643188,0.0012661218643188,COMPLETED
Enh271_UBC,Enh271,Enh271,ENSG00000150991,CL:0000127,CL:0000127 total RNA-seq,encode,0.0020866394042968,-0.0020866394042968,COMPLETED
Enh272_NCOR2,Enh272,Enh272,ENSG00000196498,CL:0000127,CL:0000127 total RNA-seq,encode,-0.000661015510559,0.000661015510559,COMPLETED
Enh272_UBC,Enh272,Enh272,ENSG00000150991,CL:0000127,CL:0000127 total RNA-seq,encode,0.0016419887542724,-0.0016419887542724,COMPLETED
Enh273_NCOR2,Enh273,Enh273,ENSG00000196498,CL:0000127,CL:0000127 total RNA-seq,encode,0.00028657913208,-0.00028657913208,COMPLETED
Enh273_UBC,Enh273,Enh273,ENSG00000150991,CL:0000127,CL:0000127 total RNA-seq,encode,0.0005812644958496,-0.0005812644958496,COMPLETED
Enh274_DHX37,Enh274,Enh274,ENSG00000150990,CL:0000127,CL:0000127 total RNA-seq,encode,-0.0002607107162475,0.0002607107162475,COMPLETED
Enh274_NCOR2,Enh274,Enh274,ENSG00000196498,CL:0000127,CL:0000127 total RNA-seq,encode,-0.0006763935089111,0.0006763935089111,COMPLETED
Enh274_UBC,Enh274,Enh274,ENSG00000150991,CL:0000127,CL:0000127 total RNA-seq,encode,-0.0002024173736572,0.0002024173736572,COMPLETED
Enh275_DHX37,Enh275,Enh275,ENSG00000150990,CL:0000127,CL:0000127 total RNA-seq,encode,-0.0002734661102294,0.0002734661102294,COMPLETED
Enh275_NCOR2,Enh275,Enh275,ENSG00000196498,CL:0000127,CL:0000127 total RNA-seq,encode,-0.0086472034454345,0.0086472034454345,COMPLETED
Enh275_UBC,Enh275,Enh275,ENSG00000150991,CL:0000127,CL:0000127 total RNA-seq,encode,0.0006144046783447,-0.0006144046783447,COMPLETED
Enh276_NCOR2,Enh276,Enh276,ENSG00000196498,CL:0000127,CL:0000127 total RNA-seq,encode,-0.0014078617095947,0.0014078617095947,COMPLETED
Enh276_UBC,Enh276,Enh276,ENSG00000150991,CL:0000127,CL:0000127 total RNA-seq,encode,0.0020208358764648,-0.0020208358764648,COMPLETED
Enh277_NCOR2,Enh277,Enh277,ENSG00000196498,CL:0000127,CL:0000127 total RNA-seq,encode,-6.532669067382812e-05,6.532669067382812e-05,COMPLETED
Enh277_UBC,Enh277,Enh277,ENSG00000150991,CL:0000127,CL:0000127 total RNA-seq,encode,0.0056884288787841,-0.0056884288787841,COMPLETED
Enh278_UBC,Enh278,Enh278,ENSG00000150991,CL:0000127,CL:0000127 total RNA-seq,encode,0.0014114379882812,-0.0014114379882812,COMPLETED
Enh27_LMOD1,Enh27,Enh27,ENSG00000163431,CL:0000127,CL:0000127 total RNA-seq,encode,-0.000111386179924,0.000111386179924,COMPLETED
Enh27_NAV1,Enh27,Enh27,ENSG00000134369,CL:0000127,CL:0000127 total RNA-seq,encode,0.0005548894405364,-0.0005548894405364,COMPLETED
Enh27_TIMM17A,Enh27,Enh27,ENSG00000134375,CL:0000127,CL:0000127 total RNA-seq,encode,-0.0009357929229736,0.0009357929229736,COMPLETED
Enh281_PFKM,Enh281,Enh281,ENSG00000152556,CL:0000127,CL:0000127 total RNA-seq,encode,0.0017769336700439,-0.0017769336700439,COMPLETED
Enh281_RPAP3,Enh281,Enh281,ENSG00000005175,CL:0000127,CL:0000127 total RNA-seq,encode,0.0019772052764892,-0.0019772052764892,COMPLETED
Enh281_TMEM106C,Enh281,Enh281,ENSG00000134291,CL:0000127,CL:0000127 total RNA-seq,encode,0.0004824288189411,-0.0004824288189411,COMPLETED
Enh286_ARGLU1,Enh286,Enh286,ENSG00000134884,CL:0000127,CL:0000127 total RNA-seq,encode,0.0006913319230079,-0.0006913319230079,COMPLETED
Enh286_EFNB2,Enh286,Enh286,ENSG00000125266,CL:0000127,CL:0000127 total RNA-seq,encode,0.0082840919494628,-0.0082840919494628,COMPLETED
Enh287_MPHOSPH8,Enh287,Enh287,ENSG00000196199,CL:0000127,CL:0000127 total RNA-seq,encode,-0.0012521743774414,0.0012521743774414,COMPLETED
Enh288_MRPL57,Enh288,Enh288,ENSG00000173141,CL:0000127,CL:0000127 total RNA-seq,encode,0.0018034800887107,-0.0018034800887107,COMPLETED
Enh288_SAP18,Enh288,Enh288,ENSG00000150459,CL:0000127,CL:0000127 total RNA-seq,encode,0.002227559685707,-0.002227559685707,COMPLETED
Enh28_TMEM183A,Enh28,Enh28,ENSG00000163444,CL:0000127,CL:0000127 total RNA-seq,encode,0.0018960516899824,-0.0018960516899824,COMPLETED
Enh290_GTF3A,Enh290,Enh290,ENSG00000122034,CL:0000127,CL:0000127 total RNA-seq,encode,0.0007216930389404,-0.0007216930389404,COMPLETED
Enh290_MTIF3,Enh290,Enh290,ENSG00000122033,CL:0000127,CL:0000127 total RNA-seq,encode,-0.0008918046951293,0.0008918046951293,COMPLETED
Enh290_RPL21,Enh290,Enh290,ENSG00000122026,CL:0000127,CL:0000127 total RNA-seq,encode,0.001115083694458,-0.001115083694458,COMPLETED
Enh291_GTF3A,Enh291,Enh291,ENSG00000122034,CL:0000127,CL:0000127 total RNA-seq,encode,0.0009058117866516,-0.0009058117866516,COMPLETED
Enh291_MTIF3,Enh291,Enh291,ENSG00000122033,CL:0000127,CL:0000127 total RNA-seq,encode,-0.0041993260383605,0.0041993260383605,COMPLETED
Enh291_RPL21,Enh291,Enh291,ENSG00000122026,CL:0000127,CL:0000127 total RNA-seq,encode,-0.0002262592315673,0.0002262592315673,COMPLETED
Enh291_USP12,Enh291,Enh291,ENSG00000152484,CL:0000127,CL:0000127 total RNA-seq,encode,-0.0089331269264221,0.0089331269264221,COMPLETED
Enh292_GTF3A,Enh292,Enh292,ENSG00000122034,CL:0000127,CL:0000127 total RNA-seq,encode,0.0035968124866485,-0.0035968124866485,COMPLETED
Enh292_MTIF3,Enh292,Enh292,ENSG00000122033,CL:0000127,CL:0000127 total RNA-seq,encode,-0.0082587897777557,0.0082587897777557,COMPLETED
Enh292_POLR1D,Enh292,Enh292,ENSG00000186184,CL:0000127,CL:0000127 total RNA-seq,encode,-3.0159950256347656e-05,3.0159950256347656e-05,COMPLETED
Enh292_RPL21,Enh292,Enh292,ENSG00000122026,CL:0000127,CL:0000127 total RNA-seq,encode,0.0024200677871704,-0.0024200677871704,COMPLETED
Enh293_GTF3A,Enh293,Enh293,ENSG00000122034,CL:0000127,CL:0000127 total RNA-seq,encode,-0.0007992684841156,0.0007992684841156,COMPLETED
Enh293_MTIF3,Enh293,Enh293,ENSG00000122033,CL:0000127,CL:0000127 total RNA-seq,encode,0.0042906403541564,-0.0042906403541564,COMPLETED
Enh293_POLR1D,Enh293,Enh293,ENSG00000186184,CL:0000127,CL:0000127 total RNA-seq,encode,-0.000223159790039,0.000223159790039,COMPLETED
Enh293_RPL21,Enh293,Enh293,ENSG00000122026,CL:0000127,CL:0000127 total RNA-seq,encode,-0.0008318424224853,0.0008318424224853,COMPLETED
Enh296_HMGB1,Enh296,Enh296,ENSG00000189403,CL:0000127,CL:0000127 total RNA-seq,encode,0.0034338235855102,-0.0034338235855102,COMPLETED
Enh297_HMGB1,Enh297,Enh297,ENSG00000189403,CL:0000127,CL:0000127 total RNA-seq,encode,0.0075971484184265,-0.0075971484184265,COMPLETED
Enh297_HSPH1,Enh297,Enh297,ENSG00000120694,CL:0000127,CL:0000127 total RNA-seq,encode,0.0015362314879894,-0.0015362314879894,COMPLETED
Enh297_KATNAL1,Enh297,Enh297,ENSG00000102781,CL:0000127,CL:0000127 total RNA-seq,encode,0.0033333003520965,-0.0033333003520965,COMPLETED
Enh298_HMGB1,Enh298,Enh298,ENSG00000189403,CL:0000127,CL:0000127 total RNA-seq,encode,-0.0029414296150207,0.0029414296150207,COMPLETED
Enh299_HMGB1,Enh299,Enh299,ENSG00000189403,CL:0000127,CL:0000127 total RNA-seq,encode,-0.003818392753601,0.003818392753601,COMPLETED
Enh299_HSPH1,Enh299,Enh299,ENSG00000120694,CL:0000127,CL:0000127 total RNA-seq,encode,0.0016794502735137,-0.0016794502735137,COMPLETED
Enh29_ADIPOR1,Enh29,Enh29,ENSG00000159346,CL:0000127,CL:0000127 total RNA-seq,encode,0.0005925893783569,-0.0005925893783569,COMPLETED
Enh29_ATP2B4,Enh29,Enh29,ENSG00000058668,CL:0000127,CL:0000127 total RNA-seq,encode,-0.0014058351516723,0.0014058351516723,COMPLETED
Enh29_TMEM183A,Enh29,Enh29,ENSG00000163444,CL:0000127,CL:0000127 total RNA-seq,encode,0.0021700337529182,-0.0021700337529182,COMPLETED
Enh2_CAPZA1,Enh2,Enh2,ENSG00000116489,CL:0000127,CL:0000127 total RNA-seq,encode,-0.0025908946990966,0.0025908946990966,COMPLETED
Enh2_CTTNBP2NL,Enh2,Enh2,ENSG00000143079,CL:0000127,CL:0000127 total RNA-seq,encode,-0.0393651127815246,0.0393651127815246,COMPLETED
Enh2_RHOC,Enh2,Enh2,ENSG00000155366,CL:0000127,CL:0000127 total RNA-seq,encode,-0.0003778934478759,0.0003778934478759,COMPLETED
Enh300_HMGB1,Enh300,Enh300,ENSG00000189403,CL:0000127,CL:0000127 total RNA-seq,encode,-0.0017807483673095,0.0017807483673095,COMPLETED
Enh300_HSPH1,Enh300,Enh300,ENSG00000120694,CL:0000127,CL:0000127 total RNA-seq,encode,0.0006285200361162,-0.0006285200361162,COMPLETED
Enh301_HMGB1,Enh301,Enh301,ENSG00000189403,CL:0000127,CL:0000127 total RNA-seq,encode,0.0002189874649047,-0.0002189874649047,COMPLETED
Enh301_HSPH1,Enh301,Enh301,ENSG00000120694,CL:0000127,CL:0000127 total RNA-seq,encode,0.0023167058825492,-0.0023167058825492,COMPLETED
Enh302_HMGB1,Enh302,Enh302,ENSG00000189403,CL:0000127,CL:0000127 total RNA-seq,encode,8.90493392944336e-05,-8.90493392944336e-05,COMPLETED
Enh303_WBP4,Enh303,Enh303,ENSG00000120688,CL:0000127,CL:0000127 total RNA-seq,encode,0.003831148147583,-0.003831148147583,COMPLETED
Enh304_TSC22D1,Enh304,Enh304,ENSG00000102804,CL:0000127,CL:0000127 total RNA-seq,encode,-0.0074214339256286,0.0074214339256286,COMPLETED
Enh306_TSC22D1,Enh306,Enh306,ENSG00000102804,CL:0000127,CL:0000127 total RNA-seq,encode,0.0209632515907287,-0.0209632515907287,COMPLETED
Enh307_GPALPP1,Enh307,Enh307,ENSG00000133114,CL:0000127,CL:0000127 total RNA-seq,encode,-0.0002757310867309,0.0002757310867309,COMPLETED
Enh307_GTF2F2,Enh307,Enh307,ENSG00000188342,CL:0000127,CL:0000127 total RNA-seq,encode,0.0022208094596862,-0.0022208094596862,COMPLETED
Enh307_TPT1,Enh307,Enh307,ENSG00000133112,CL:0000127,CL:0000127 total RNA-seq,encode,-0.0013368129730224,0.0013368129730224,COMPLETED
Enh307_TSC22D1,Enh307,Enh307,ENSG00000102804,CL:0000127,CL:0000127 total RNA-seq,encode,0.0009282529354095,-0.0009282529354095,COMPLETED
Enh308_GPALPP1,Enh308,Enh308,ENSG00000133114,CL:0000127,CL:0000127 total RNA-seq,encode,0.0182065963745117,-0.0182065963745117,COMPLETED
Enh308_GTF2F2,Enh308,Enh308,ENSG00000188342,CL:0000127,CL:0000127 total RNA-seq,encode,-0.0006637573242187,0.0006637573242187,COMPLETED
Enh308_NUFIP1,Enh308,Enh308,ENSG00000083635,CL:0000127,CL:0000127 total RNA-seq,encode,0.0414638519287109,-0.0414638519287109,COMPLETED
Enh308_TPT1,Enh308,Enh308,ENSG00000133112,CL:0000127,CL:0000127 total RNA-seq,encode,0.001418113708496,-0.001418113708496,COMPLETED
Enh308_TPT1-AS1,Enh308,Enh308,ENSG00000170919,CL:0000127,CL:0000127 total RNA-seq,encode,0.0012233257293701,-0.0012233257293701,COMPLETED
Enh308_TSC22D1,Enh308,Enh308,ENSG00000102804,CL:0000127,CL:0000127 total RNA-seq,encode,0.00311940908432,-0.00311940908432,COMPLETED
Enh309_SPRY2,Enh309,Enh309,ENSG00000136158,CL:0000127,CL:0000127 total RNA-seq,encode,-0.1162171512842178,0.1162171512842178,COMPLETED
Enh30_ATP2B4,Enh30,Enh30,ENSG00000058668,CL:0000127,CL:0000127 total RNA-seq,encode,0.0024589300155639,-0.0024589300155639,COMPLETED
Enh30_SNRPE,Enh30,Enh30,ENSG00000182004,CL:0000127,CL:0000127 total RNA-seq,encode,-0.0026901140809059,0.0026901140809059,COMPLETED
Enh30_TMEM183A,Enh30,Enh30,ENSG00000163444,CL:0000127,CL:0000127 total RNA-seq,encode,-0.0010213106870651,0.0010213106870651,COMPLETED
Enh316_EML1,Enh316,Enh316,ENSG00000066629,CL:0000127,CL:0000127 total RNA-seq,encode,0.0028027892112731,-0.0028027892112731,COMPLETED
Enh316_YY1,Enh316,Enh316,ENSG00000100811,CL:0000127,CL:0000127 total RNA-seq,encode,0.0009409859776496,-0.0009409859776496,COMPLETED
Enh317_MEG3,Enh317,Enh317,ENSG00000214548,CL:0000127,CL:0000127 total RNA-seq,encode,-0.0024029910564422,0.0024029910564422,COMPLETED
Enh317_YY1,Enh317,Enh317,ENSG00000100811,CL:0000127,CL:0000127 total RNA-seq,encode,-0.0016351267695426,0.0016351267695426,COMPLETED
Enh318_DYNC1H1,Enh318,Enh318,ENSG00000197102,CL:0000127,CL:0000127 total RNA-seq,encode,0.000327706336975,-0.000327706336975,COMPLETED
Enh318_HSP90AA1,Enh318,Enh318,ENSG00000080824,CL:0000127,CL:0000127 total RNA-seq,encode,-0.0027520656585693,0.0027520656585693,COMPLETED
Enh319_CINP,Enh319,Enh319,ENSG00000100865,CL:0000127,CL:0000127 total RNA-seq,encode,0.0042100548744201,-0.0042100548744201,COMPLETED
Enh319_HSP90AA1,Enh319,Enh319,ENSG00000080824,CL:0000127,CL:0000127 total RNA-seq,encode,0.0004777908325195,-0.0004777908325195,COMPLETED
Enh31_ATP2B4,Enh31,Enh31,ENSG00000058668,CL:0000127,CL:0000127 total RNA-seq,encode,-0.0434001684188842,0.0434001684188842,COMPLETED
Enh31_SNRPE,Enh31,Enh31,ENSG00000182004,CL:0000127,CL:0000127 total RNA-seq,encode,0.0008691325783729,-0.0008691325783729,COMPLETED
Enh320_CINP,Enh320,Enh320,ENSG00000100865,CL:0000127,CL:0000127 total RNA-seq,encode,0.0012175440788269,-0.0012175440788269,COMPLETED
Enh320_HSP90AA1,Enh320,Enh320,ENSG00000080824,CL:0000127,CL:0000127 total RNA-seq,encode,-0.0001552104949951,0.0001552104949951,COMPLETED
Enh321_AHNAK2,Enh321,Enh321,ENSG00000185567,CL:0000127,CL:0000127 total RNA-seq,encode,0.0039644837379455,-0.0039644837379455,COMPLETED
Enh321_CRIP2,Enh321,Enh321,ENSG00000182809,CL:0000127,CL:0000127 total RNA-seq,encode,0.0007957220077514,-0.0007957220077514,COMPLETED
Enh321_INF2,Enh321,Enh321,ENSG00000203485,CL:0000127,CL:0000127 total RNA-seq,encode,0.0016719102859497,-0.0016719102859497,COMPLETED
Enh321_NUDT14,Enh321,Enh321,ENSG00000183828,CL:0000127,CL:0000127 total RNA-seq,encode,-0.0006887316703796,0.0006887316703796,COMPLETED
Enh321_SIVA1,Enh321,Enh321,ENSG00000184990,CL:0000127,CL:0000127 total RNA-seq,encode,0.0004568248987197,-0.0004568248987197,COMPLETED
Enh322_AHNAK2,Enh322,Enh322,ENSG00000185567,CL:0000127,CL:0000127 total RNA-seq,encode,0.0029091835021972,-0.0029091835021972,COMPLETED
Enh322_BTBD6,Enh322,Enh322,ENSG00000184887,CL:0000127,CL:0000127 total RNA-seq,encode,-0.0034667253494262,0.0034667253494262,COMPLETED
Enh322_SIVA1,Enh322,Enh322,ENSG00000184990,CL:0000127,CL:0000127 total RNA-seq,encode,0.0027704574167728,-0.0027704574167728,COMPLETED
Enh323_AHNAK2,Enh323,Enh323,ENSG00000185567,CL:0000127,CL:0000127 total RNA-seq,encode,0.0003890395164489,-0.0003890395164489,COMPLETED
Enh323_CRIP2,Enh323,Enh323,ENSG00000182809,CL:0000127,CL:0000127 total RNA-seq,encode,0.0022609829902648,-0.0022609829902648,COMPLETED
Enh323_SIVA1,Enh323,Enh323,ENSG00000184990,CL:0000127,CL:0000127 total RNA-seq,encode,-0.0007157772779464,0.0007157772779464,COMPLETED
Enh324_ACIN1,Enh324,Enh324,ENSG00000100813,CL:0000127,CL:0000127 total RNA-seq,encode,0.0014432668685913,-0.0014432668685913,COMPLETED
Enh324_C14orf119,Enh324,Enh324,ENSG00000179933,CL:0000127,CL:0000127 total RNA-seq,encode,0.0007573664188385,-0.0007573664188385,COMPLETED
Enh324_PABPN1,Enh324,Enh324,ENSG00000100836,CL:0000127,CL:0000127 total RNA-seq,encode,0.0023486614227294,-0.0023486614227294,COMPLETED
Enh325_ARHGAP5,Enh325,Enh325,ENSG00000100852,CL:0000127,CL:0000127 total RNA-seq,encode,0.0096433237195014,-0.0096433237195014,COMPLETED
Enh327_FAM177A1,Enh327,Enh327,ENSG00000151327,CL:0000127,CL:0000127 total RNA-seq,encode,0.0027074813842773,-0.0027074813842773,COMPLETED
Enh327_PPP2R3C,Enh327,Enh327,ENSG00000092020,CL:0000127,CL:0000127 total RNA-seq,encode,-0.0007282495498657,0.0007282495498657,COMPLETED
Enh327_PSMA6,Enh327,Enh327,ENSG00000100902,CL:0000127,CL:0000127 total RNA-seq,encode,-0.0058450978249311,0.0058450978249311,COMPLETED
Enh327_SRP54,Enh327,Enh327,ENSG00000100883,CL:0000127,CL:0000127 total RNA-seq,encode,-0.0014111399650573,0.0014111399650573,COMPLETED
Enh328_FAM177A1,Enh328,Enh328,ENSG00000151327,CL:0000127,CL:0000127 total RNA-seq,encode,0.0022238492965698,-0.0022238492965698,COMPLETED
Enh328_PPP2R3C,Enh328,Enh328,ENSG00000092020,CL:0000127,CL:0000127 total RNA-seq,encode,-0.0001123547554016,0.0001123547554016,COMPLETED
Enh328_PSMA6,Enh328,Enh328,ENSG00000100902,CL:0000127,CL:0000127 total RNA-seq,encode,-0.0018960200250148,0.0018960200250148,COMPLETED
Enh328_SRP54,Enh328,Enh328,ENSG00000100883,CL:0000127,CL:0000127 total RNA-seq,encode,-0.0001798272132873,0.0001798272132873,COMPLETED
Enh329_FAM177A1,Enh329,Enh329,ENSG00000151327,CL:0000127,CL:0000127 total RNA-seq,encode,-0.00123131275177,0.00123131275177,COMPLETED
Enh329_PPP2R3C,Enh329,Enh329,ENSG00000092020,CL:0000127,CL:0000127 total RNA-seq,encode,-0.0015934109687805,0.0015934109687805,COMPLETED
Enh329_PSMA6,Enh329,Enh329,ENSG00000100902,CL:0000127,CL:0000127 total RNA-seq,encode,-0.0090903602540493,0.0090903602540493,COMPLETED
Enh329_SRP54,Enh329,Enh329,ENSG00000100883,CL:0000127,CL:0000127 total RNA-seq,encode,-0.0012047290802001,0.0012047290802001,COMPLETED
Enh32_ATP2B4,Enh32,Enh32,ENSG00000058668,CL:0000127,CL:0000127 total RNA-seq,encode,0.0021101236343383,-0.0021101236343383,COMPLETED
Enh32_SNRPE,Enh32,Enh32,ENSG00000182004,CL:0000127,CL:0000127 total RNA-seq,encode,0.003080878406763,-0.003080878406763,COMPLETED
Enh330_FAM177A1,Enh330,Enh330,ENSG00000151327,CL:0000127,CL:0000127 total RNA-seq,encode,-0.0019817352294921,0.0019817352294921,COMPLETED
Enh330_PPP2R3C,Enh330,Enh330,ENSG00000092020,CL:0000127,CL:0000127 total RNA-seq,encode,-0.0009251236915588,0.0009251236915588,COMPLETED
Enh330_PSMA6,Enh330,Enh330,ENSG00000100902,CL:0000127,CL:0000127 total RNA-seq,encode,0.0012217424809932,-0.0012217424809932,COMPLETED
Enh330_SRP54,Enh330,Enh330,ENSG00000100883,CL:0000127,CL:0000127 total RNA-seq,encode,-0.0014955401420593,0.0014955401420593,COMPLETED
Enh331_PSMC6,Enh331,Enh331,ENSG00000100519,CL:0000127,CL:0000127 total RNA-seq,encode,-0.0004499554634094,0.0004499554634094,COMPLETED
Enh332_KTN1,Enh332,Enh332,ENSG00000126777,CL:0000127,CL:0000127 total RNA-seq,encode,0.0003222525119781,-0.0003222525119781,COMPLETED
Enh332_LGALS3,Enh332,Enh332,ENSG00000131981,CL:0000127,CL:0000127 total RNA-seq,encode,-0.0744520425796508,0.0744520425796508,COMPLETED
Enh332_MAPK1IP1L,Enh332,Enh332,ENSG00000168175,CL:0000127,CL:0000127 total RNA-seq,encode,-0.0154013633728027,0.0154013633728027,COMPLETED
Enh332_SOCS4,Enh332,Enh332,ENSG00000180008,CL:0000127,CL:0000127 total RNA-seq,encode,-0.0090454816818237,0.0090454816818237,COMPLETED
Enh333_KTN1,Enh333,Enh333,ENSG00000126777,CL:0000127,CL:0000127 total RNA-seq,encode,-0.0006076991558074,0.0006076991558074,COMPLETED
Enh333_LGALS3,Enh333,Enh333,ENSG00000131981,CL:0000127,CL:0000127 total RNA-seq,encode,-0.0556567907333374,0.0556567907333374,COMPLETED
Enh333_MAPK1IP1L,Enh333,Enh333,ENSG00000168175,CL:0000127,CL:0000127 total RNA-seq,encode,-0.0060546398162841,0.0060546398162841,COMPLETED
Enh333_SOCS4,Enh333,Enh333,ENSG00000180008,CL:0000127,CL:0000127 total RNA-seq,encode,0.0034862160682678,-0.0034862160682678,COMPLETED
Enh334_KTN1,Enh334,Enh334,ENSG00000126777,CL:0000127,CL:0000127 total RNA-seq,encode,-0.0005499385297298,0.0005499385297298,COMPLETED
Enh334_LGALS3,Enh334,Enh334,ENSG00000131981,CL:0000127,CL:0000127 total RNA-seq,encode,-0.2983825206756592,0.2983825206756592,COMPLETED
Enh334_MAPK1IP1L,Enh334,Enh334,ENSG00000168175,CL:0000127,CL:0000127 total RNA-seq,encode,-0.0352595597505569,0.0352595597505569,COMPLETED
Enh334_SOCS4,Enh334,Enh334,ENSG00000180008,CL:0000127,CL:0000127 total RNA-seq,encode,-0.0110082626342773,0.0110082626342773,COMPLETED
Enh335_CHURC1,Enh335,Enh335,ENSG00000258289,CL:0000127,CL:0000127 total RNA-seq,encode,0.0020347237586975,-0.0020347237586975,COMPLETED
Enh336_CHURC1,Enh336,Enh336,ENSG00000258289,CL:0000127,CL:0000127 total RNA-seq,encode,-2.6702880859375e-05,2.6702880859375e-05,COMPLETED
Enh337_CHURC1,Enh337,Enh337,ENSG00000258289,CL:0000127,CL:0000127 total RNA-seq,encode,0.000562846660614,-0.000562846660614,COMPLETED
Enh337_MAX,Enh337,Enh337,ENSG00000125952,CL:0000127,CL:0000127 total RNA-seq,encode,0.0003329515457153,-0.0003329515457153,COMPLETED
Enh338_RBM25,Enh338,Enh338,ENSG00000119707,CL:0000127,CL:0000127 total RNA-seq,encode,-0.0006276369094848,0.0006276369094848,COMPLETED
Enh339_RBM25,Enh339,Enh339,ENSG00000119707,CL:0000127,CL:0000127 total RNA-seq,encode,-0.0002815723419189,0.0002815723419189,COMPLETED
Enh33_ATP2B4,Enh33,Enh33,ENSG00000058668,CL:0000127,CL:0000127 total RNA-seq,encode,-0.0370141267776489,0.0370141267776489,COMPLETED
Enh33_SNRPE,Enh33,Enh33,ENSG00000182004,CL:0000127,CL:0000127 total RNA-seq,encode,0.0005645081400871,-0.0005645081400871,COMPLETED
Enh340_ZC3H14,Enh340,Enh340,ENSG00000100722,CL:0000127,CL:0000127 total RNA-seq,encode,-0.0018540620803833,0.0018540620803833,COMPLETED
Enh342_CALM1,Enh342,Enh342,ENSG00000198668,CL:0000127,CL:0000127 total RNA-seq,encode,0.0201997756958007,-0.0201997756958007,COMPLETED
Enh342_PSMC1,Enh342,Enh342,ENSG00000100764,CL:0000127,CL:0000127 total RNA-seq,encode,-0.0009077787399291,0.0009077787399291,COMPLETED
Enh343_DICER1,Enh343,Enh343,ENSG00000100697,CL:0000127,CL:0000127 total RNA-seq,encode,0.0018593072891235,-0.0018593072891235,COMPLETED
Enh343_GLRX5,Enh343,Enh343,ENSG00000182512,CL:0000127,CL:0000127 total RNA-seq,encode,-0.0137872099876403,0.0137872099876403,COMPLETED
Enh344_GLRX5,Enh344,Enh344,ENSG00000182512,CL:0000127,CL:0000127 total RNA-seq,encode,0.0048898458480834,-0.0048898458480834,COMPLETED
Enh346_SYNE3,Enh346,Enh346,ENSG00000176438,CL:0000127,CL:0000127 total RNA-seq,encode,0.1055805683135986,-0.1055805683135986,COMPLETED
Enh347_PAPOLA,Enh347,Enh347,ENSG00000090060,CL:0000127,CL:0000127 total RNA-seq,encode,-0.0022670030593872,0.0022670030593872,COMPLETED
Enh348_PAPOLA,Enh348,Enh348,ENSG00000090060,CL:0000127,CL:0000127 total RNA-seq,encode,0.0008465647697448,-0.0008465647697448,COMPLETED
Enh349_SELENOS,Enh349,Enh349,ENSG00000131871,CL:0000127,CL:0000127 total RNA-seq,encode,-0.0004838965833187,0.0004838965833187,COMPLETED
Enh34_CAMK2N1,Enh34,Enh34,ENSG00000162545,CL:0000127,CL:0000127 total RNA-seq,encode,-0.0026296712458133,0.0026296712458133,COMPLETED
Enh34_DDOST,Enh34,Enh34,ENSG00000244038,CL:0000127,CL:0000127 total RNA-seq,encode,0.0004210472106933,-0.0004210472106933,COMPLETED
Enh34_HP1BP3,Enh34,Enh34,ENSG00000127483,CL:0000127,CL:0000127 total RNA-seq,encode,0.0003962218761444,-0.0003962218761444,COMPLETED
Enh34_PINK1,Enh34,Enh34,ENSG00000158828,CL:0000127,CL:0000127 total RNA-seq,encode,-0.0010523498058319,0.0010523498058319,COMPLETED
Enh350_SELENOS,Enh350,Enh350,ENSG00000131871,CL:0000127,CL:0000127 total RNA-seq,encode,0.0007464997470378,-0.0007464997470378,COMPLETED
Enh351_ALDH1A3,Enh351,Enh351,ENSG00000184254,CL:0000127,CL:0000127 total RNA-seq,encode,0.0030404776334762,-0.0030404776334762,COMPLETED
Enh351_SELENOS,Enh351,Enh351,ENSG00000131871,CL:0000127,CL:0000127 total RNA-seq,encode,-0.0037758983671665,0.0037758983671665,COMPLETED
Enh352_SELENOS,Enh352,Enh352,ENSG00000131871,CL:0000127,CL:0000127 total RNA-seq,encode,0.0007349252700805,-0.0007349252700805,COMPLETED
Enh352_SNRPA1,Enh352,Enh352,ENSG00000131876,CL:0000127,CL:0000127 total RNA-seq,encode,0.0044723749160766,-0.0044723749160766,COMPLETED
Enh353_ALDH1A3,Enh353,Enh353,ENSG00000184254,CL:0000127,CL:0000127 total RNA-seq,encode,0.006095603108406,-0.006095603108406,COMPLETED
Enh353_CHSY1,Enh353,Enh353,ENSG00000131873,CL:0000127,CL:0000127 total RNA-seq,encode,-0.026053711771965,0.026053711771965,COMPLETED
Enh353_SELENOS,Enh353,Enh353,ENSG00000131871,CL:0000127,CL:0000127 total RNA-seq,encode,-0.0002260580658912,0.0002260580658912,COMPLETED
Enh353_SNRPA1,Enh353,Enh353,ENSG00000131876,CL:0000127,CL:0000127 total RNA-seq,encode,-0.0026727318763732,0.0026727318763732,COMPLETED
Enh354_ALDH1A3,Enh354,Enh354,ENSG00000184254,CL:0000127,CL:0000127 total RNA-seq,encode,0.0058450847864151,-0.0058450847864151,COMPLETED
Enh354_SELENOS,Enh354,Enh354,ENSG00000131871,CL:0000127,CL:0000127 total RNA-seq,encode,0.0010545700788497,-0.0010545700788497,COMPLETED
Enh355_UBE3A,Enh355,Enh355,ENSG00000114062,CL:0000127,CL:0000127 total RNA-seq,encode,-0.0006498098373413,0.0006498098373413,COMPLETED
Enh359_CHAC1,Enh359,Enh359,ENSG00000128965,CL:0000127,CL:0000127 total RNA-seq,encode,-0.1704320311546325,0.1704320311546325,COMPLETED
Enh359_CHP1,Enh359,Enh359,ENSG00000187446,CL:0000127,CL:0000127 total RNA-seq,encode,-0.0027737617492675,0.0027737617492675,COMPLETED
Enh359_OIP5-AS1,Enh359,Enh359,ENSG00000247556,CL:0000127,CL:0000127 total RNA-seq,encode,-0.000457763671875,0.000457763671875,COMPLETED
Enh359_RMDN3,Enh359,Enh359,ENSG00000137824,CL:0000127,CL:0000127 total RNA-seq,encode,0.0009809136390686,-0.0009809136390686,COMPLETED
Enh359_RTF1,Enh359,Enh359,ENSG00000137815,CL:0000127,CL:0000127 total RNA-seq,encode,0.0004545450210571,-0.0004545450210571,COMPLETED
Enh35_CAMK2N1,Enh35,Enh35,ENSG00000162545,CL:0000127,CL:0000127 total RNA-seq,encode,-0.1365866363048553,0.1365866363048553,COMPLETED
Enh35_DDOST,Enh35,Enh35,ENSG00000244038,CL:0000127,CL:0000127 total RNA-seq,encode,0.0009150505065917,-0.0009150505065917,COMPLETED
Enh35_HP1BP3,Enh35,Enh35,ENSG00000127483,CL:0000127,CL:0000127 total RNA-seq,encode,-0.0001868903636932,0.0001868903636932,COMPLETED
Enh35_PINK1,Enh35,Enh35,ENSG00000158828,CL:0000127,CL:0000127 total RNA-seq,encode,0.000186264514923,-0.000186264514923,COMPLETED
Enh360_COPS2,Enh360,Enh360,ENSG00000166200,CL:0000127,CL:0000127 total RNA-seq,encode,0.0020098760724067,-0.0020098760724067,COMPLETED
Enh360_EID1,Enh360,Enh360,ENSG00000255302,CL:0000127,CL:0000127 total RNA-seq,encode,-0.0013868808746337,0.0013868808746337,COMPLETED
Enh360_SECISBP2L,Enh360,Enh360,ENSG00000138593,CL:0000127,CL:0000127 total RNA-seq,encode,0.0265192985534667,-0.0265192985534667,COMPLETED
Enh361_OAZ2,Enh361,Enh361,ENSG00000180304,CL:0000127,CL:0000127 total RNA-seq,encode,0.0014726221561431,-0.0014726221561431,COMPLETED
Enh361_PCLAF,Enh361,Enh361,ENSG00000166803,CL:0000127,CL:0000127 total RNA-seq,encode,-0.0008031725883483,0.0008031725883483,COMPLETED
Enh361_PDCD7,Enh361,Enh361,ENSG00000090470,CL:0000127,CL:0000127 total RNA-seq,encode,0.0007703304290771,-0.0007703304290771,COMPLETED
Enh361_SPG21,Enh361,Enh361,ENSG00000090487,CL:0000127,CL:0000127 total RNA-seq,encode,-0.000720739364624,0.000720739364624,COMPLETED
Enh362_AAGAB,Enh362,Enh362,ENSG00000103591,CL:0000127,CL:0000127 total RNA-seq,encode,-0.0041628256440162,0.0041628256440162,COMPLETED
Enh362_RPL4,Enh362,Enh362,ENSG00000174444,CL:0000127,CL:0000127 total RNA-seq,encode,2.384185791015625e-07,-2.384185791015625e-07,COMPLETED
Enh362_SMAD3,Enh362,Enh362,ENSG00000166949,CL:0000127,CL:0000127 total RNA-seq,encode,-0.0038645751774311,0.0038645751774311,COMPLETED
Enh362_SMAD6,Enh362,Enh362,ENSG00000137834,CL:0000127,CL:0000127 total RNA-seq,encode,0.0051150321960449,-0.0051150321960449,COMPLETED
Enh362_SNAPC5,Enh362,Enh362,ENSG00000174446,CL:0000127,CL:0000127 total RNA-seq,encode,0.0009465217590332,-0.0009465217590332,COMPLETED
Enh363_AAGAB,Enh363,Enh363,ENSG00000103591,CL:0000127,CL:0000127 total RNA-seq,encode,-0.0021741911768913,0.0021741911768913,COMPLETED
Enh363_RPL4,Enh363,Enh363,ENSG00000174444,CL:0000127,CL:0000127 total RNA-seq,encode,-0.0016281604766845,0.0016281604766845,COMPLETED
Enh363_SMAD3,Enh363,Enh363,ENSG00000166949,CL:0000127,CL:0000127 total RNA-seq,encode,0.0009629419073462,-0.0009629419073462,COMPLETED
Enh363_SNAPC5,Enh363,Enh363,ENSG00000174446,CL:0000127,CL:0000127 total RNA-seq,encode,0.0010503530502319,-0.0010503530502319,COMPLETED
Enh364_RPL4,Enh364,Enh364,ENSG00000174444,CL:0000127,CL:0000127 total RNA-seq,encode,-0.0007634162902832,0.0007634162902832,COMPLETED
Enh365_RPL4,Enh365,Enh365,ENSG00000174444,CL:0000127,CL:0000127 total RNA-seq,encode,-3.5762786865234375e-06,3.5762786865234375e-06,COMPLETED
Enh365_SMAD3,Enh365,Enh365,ENSG00000166949,CL:0000127,CL:0000127 total RNA-seq,encode,-0.0017261561006307,0.0017261561006307,COMPLETED
Enh365_SNAPC5,Enh365,Enh365,ENSG00000174446,CL:0000127,CL:0000127 total RNA-seq,encode,0.0007429122924804,-0.0007429122924804,COMPLETED
Enh369_ANP32A,Enh369,Enh369,ENSG00000140350,CL:0000127,CL:0000127 total RNA-seq,encode,-0.0023683905601501,0.0023683905601501,COMPLETED
Enh36_SERTAD4-AS1,Enh36,Enh36,ENSG00000203706,CL:0000127,CL:0000127 total RNA-seq,encode,0.0069819688796997,-0.0069819688796997,COMPLETED
Enh36_UTP25,Enh36,Enh36,ENSG00000117597,CL:0000127,CL:0000127 total RNA-seq,encode,0.0072174072265625,-0.0072174072265625,COMPLETED
Enh370_ANP32A,Enh370,Enh370,ENSG00000140350,CL:0000127,CL:0000127 total RNA-seq,encode,0.0040425062179565,-0.0040425062179565,COMPLETED
Enh371_ANP32A,Enh371,Enh371,ENSG00000140350,CL:0000127,CL:0000127 total RNA-seq,encode,0.0026002526283264,-0.0026002526283264,COMPLETED
Enh372_LARP6,Enh372,Enh372,ENSG00000166173,CL:0000127,CL:0000127 total RNA-seq,encode,0.0011382699012756,-0.0011382699012756,COMPLETED
Enh373_LARP6,Enh373,Enh373,ENSG00000166173,CL:0000127,CL:0000127 total RNA-seq,encode,0.0015696138143539,-0.0015696138143539,COMPLETED
Enh374_CD276,Enh374,Enh374,ENSG00000103855,CL:0000127,CL:0000127 total RNA-seq,encode,0.0004351139068603,-0.0004351139068603,COMPLETED
Enh374_LOXL1,Enh374,Enh374,ENSG00000129038,CL:0000127,CL:0000127 total RNA-seq,encode,0.0056498050689697,-0.0056498050689697,COMPLETED
Enh374_NPTN,Enh374,Enh374,ENSG00000156642,CL:0000127,CL:0000127 total RNA-seq,encode,0.0012385249137878,-0.0012385249137878,COMPLETED
Enh374_PML,Enh374,Enh374,ENSG00000140464,CL:0000127,CL:0000127 total RNA-seq,encode,0.0046720504760742,-0.0046720504760742,COMPLETED
Enh375_CLK3,Enh375,Enh375,ENSG00000179335,CL:0000127,CL:0000127 total RNA-seq,encode,0.0048273801803588,-0.0048273801803588,COMPLETED
Enh375_COX5A,Enh375,Enh375,ENSG00000178741,CL:0000127,CL:0000127 total RNA-seq,encode,0.0018914937973022,-0.0018914937973022,COMPLETED
Enh375_CSK,Enh375,Enh375,ENSG00000103653,CL:0000127,CL:0000127 total RNA-seq,encode,0.0093039870262146,-0.0093039870262146,COMPLETED
Enh375_FAM219B,Enh375,Enh375,ENSG00000178761,CL:0000127,CL:0000127 total RNA-seq,encode,0.0032544732093811,-0.0032544732093811,COMPLETED
Enh375_SCAMP2,Enh375,Enh375,ENSG00000140497,CL:0000127,CL:0000127 total RNA-seq,encode,-0.0011176764965057,0.0011176764965057,COMPLETED
Enh376_COMMD4,Enh376,Enh376,ENSG00000140365,CL:0000127,CL:0000127 total RNA-seq,encode,-0.0051424503326416,0.0051424503326416,COMPLETED
Enh376_FBXO22,Enh376,Enh376,ENSG00000167196,CL:0000127,CL:0000127 total RNA-seq,encode,0.0009416341781616,-0.0009416341781616,COMPLETED
Enh376_IMP3,Enh376,Enh376,ENSG00000177971,CL:0000127,CL:0000127 total RNA-seq,encode,-0.0467100143432617,0.0467100143432617,COMPLETED
Enh376_SNUPN,Enh376,Enh376,ENSG00000169371,CL:0000127,CL:0000127 total RNA-seq,encode,-0.0157188773155212,0.0157188773155212,COMPLETED
Enh376_UBE2Q2,Enh376,Enh376,ENSG00000140367,CL:0000127,CL:0000127 total RNA-seq,encode,-0.002306193113327,0.002306193113327,COMPLETED
Enh377_PEAK1,Enh377,Enh377,ENSG00000173517,CL:0000127,CL:0000127 total RNA-seq,encode,-0.0742002725601196,0.0742002725601196,COMPLETED
Enh377_TSPAN3,Enh377,Enh377,ENSG00000140391,CL:0000127,CL:0000127 total RNA-seq,encode,-0.0018797516822814,0.0018797516822814,COMPLETED
Enh378_TSPAN3,Enh378,Enh378,ENSG00000140391,CL:0000127,CL:0000127 total RNA-seq,encode,0.0011027455329895,-0.0011027455329895,COMPLETED
Enh37_SYT14,Enh37,Enh37,ENSG00000143469,CL:0000127,CL:0000127 total RNA-seq,encode,-0.0755629539489746,0.0755629539489746,COMPLETED
Enh37_UTP25,Enh37,Enh37,ENSG00000117597,CL:0000127,CL:0000127 total RNA-seq,encode,-0.0053755044937133,0.0053755044937133,COMPLETED
Enh380_TSPAN3,Enh380,Enh380,ENSG00000140391,CL:0000127,CL:0000127 total RNA-seq,encode,0.0009135007858276,-0.0009135007858276,COMPLETED
Enh381_TSPAN3,Enh381,Enh381,ENSG00000140391,CL:0000127,CL:0000127 total RNA-seq,encode,0.0003608465194702,-0.0003608465194702,COMPLETED
Enh382_TSPAN3,Enh382,Enh382,ENSG00000140391,CL:0000127,CL:0000127 total RNA-seq,encode,-0.0003865957260131,0.0003865957260131,COMPLETED
Enh383_SEC11A,Enh383,Enh383,ENSG00000140612,CL:0000127,CL:0000127 total RNA-seq,encode,-0.0006258487701416,0.0006258487701416,COMPLETED
Enh384_MFGE8,Enh384,Enh384,ENSG00000140545,CL:0000127,CL:0000127 total RNA-seq,encode,0.0108033418655395,-0.0108033418655395,COMPLETED
Enh385_MFGE8,Enh385,Enh385,ENSG00000140545,CL:0000127,CL:0000127 total RNA-seq,encode,0.001625657081604,-0.001625657081604,COMPLETED
Enh386_CHD2,Enh386,Enh386,ENSG00000173575,CL:0000127,CL:0000127 total RNA-seq,encode,-0.0083156824111938,0.0083156824111938,COMPLETED
Enh387_MEF2A,Enh387,Enh387,ENSG00000068305,CL:0000127,CL:0000127 total RNA-seq,encode,-0.0022470355033874,0.0022470355033874,COMPLETED
Enh389_MEF2A,Enh389,Enh389,ENSG00000068305,CL:0000127,CL:0000127 total RNA-seq,encode,0.0224643945693969,-0.0224643945693969,COMPLETED
Enh389_SYNM,Enh389,Enh389,ENSG00000182253,CL:0000127,CL:0000127 total RNA-seq,encode,0.0024731159210205,-0.0024731159210205,COMPLETED
Enh38_UTP25,Enh38,Enh38,ENSG00000117597,CL:0000127,CL:0000127 total RNA-seq,encode,0.0076711177825927,-0.0076711177825927,COMPLETED
Enh390_MEF2A,Enh390,Enh390,ENSG00000068305,CL:0000127,CL:0000127 total RNA-seq,encode,0.0055024623870849,-0.0055024623870849,COMPLETED
Enh391_MEF2A,Enh391,Enh391,ENSG00000068305,CL:0000127,CL:0000127 total RNA-seq,encode,-0.0737720727920532,0.0737720727920532,COMPLETED
Enh393_TUFM,Enh393,Enh393,ENSG00000178952,CL:0000127,CL:0000127 total RNA-seq,encode,0.0043102502822875,-0.0043102502822875,COMPLETED
Enh394_BCL7C,Enh394,Enh394,ENSG00000099385,CL:0000127,CL:0000127 total RNA-seq,encode,-0.0002341940999031,0.0002341940999031,COMPLETED
Enh394_CD2BP2,Enh394,Enh394,ENSG00000169217,CL:0000127,CL:0000127 total RNA-seq,encode,-8.96453857421875e-05,8.96453857421875e-05,COMPLETED
Enh394_RNF40,Enh394,Enh394,ENSG00000103549,CL:0000127,CL:0000127 total RNA-seq,encode,-0.0029336214065551,0.0029336214065551,COMPLETED
Enh394_SEPHS2,Enh394,Enh394,ENSG00000179918,CL:0000127,CL:0000127 total RNA-seq,encode,-0.0038779973983764,0.0038779973983764,COMPLETED
Enh394_STX4,Enh394,Enh394,ENSG00000103496,CL:0000127,CL:0000127 total RNA-seq,encode,-0.0007696151733398,0.0007696151733398,COMPLETED
Enh394_VKORC1,Enh394,Enh394,ENSG00000167397,CL:0000127,CL:0000127 total RNA-seq,encode,-0.0010768175125122,0.0010768175125122,COMPLETED
Enh395_ELOB,Enh395,Enh395,ENSG00000103363,CL:0000127,CL:0000127 total RNA-seq,encode,0.0008044242858886,-0.0008044242858886,COMPLETED
Enh395_SRRM2,Enh395,Enh395,ENSG00000167978,CL:0000127,CL:0000127 total RNA-seq,encode,-0.0025273561477661,0.0025273561477661,COMPLETED
Enh395_TNFRSF12A,Enh395,Enh395,ENSG00000006327,CL:0000127,CL:0000127 total RNA-seq,encode,0.0007553100585937,-0.0007553100585937,COMPLETED
Enh396_ELOB,Enh396,Enh396,ENSG00000103363,CL:0000127,CL:0000127 total RNA-seq,encode,-0.0002945410087704,0.0002945410087704,COMPLETED
Enh396_HCFC1R1,Enh396,Enh396,ENSG00000103145,CL:0000127,CL:0000127 total RNA-seq,encode,0.0006740093231201,-0.0006740093231201,COMPLETED
Enh396_SRRM2,Enh396,Enh396,ENSG00000167978,CL:0000127,CL:0000127 total RNA-seq,encode,-0.0002426505088806,0.0002426505088806,COMPLETED
Enh396_TNFRSF12A,Enh396,Enh396,ENSG00000006327,CL:0000127,CL:0000127 total RNA-seq,encode,0.0004918575286865,-0.0004918575286865,COMPLETED
Enh397_DNAJA2,Enh397,Enh397,ENSG00000069345,CL:0000127,CL:0000127 total RNA-seq,encode,0.005801498889923,-0.005801498889923,COMPLETED
Enh397_VPS35,Enh397,Enh397,ENSG00000069329,CL:0000127,CL:0000127 total RNA-seq,encode,0.0041679143905639,-0.0041679143905639,COMPLETED
Enh398_DNAJA2,Enh398,Enh398,ENSG00000069345,CL:0000127,CL:0000127 total RNA-seq,encode,0.0020455718040466,-0.0020455718040466,COMPLETED
Enh398_VPS35,Enh398,Enh398,ENSG00000069329,CL:0000127,CL:0000127 total RNA-seq,encode,-0.0001386404037475,0.0001386404037475,COMPLETED
Enh3_RHOC,Enh3,Enh3,ENSG00000155366,CL:0000127,CL:0000127 total RNA-seq,encode,0.0004612207412719,-0.0004612207412719,COMPLETED
Enh400_OGFOD1,Enh400,Enh400,ENSG00000087263,CL:0000127,CL:0000127 total RNA-seq,encode,-0.0006693005561828,0.0006693005561828,COMPLETED
Enh401_OGFOD1,Enh401,Enh401,ENSG00000087263,CL:0000127,CL:0000127 total RNA-seq,encode,-0.0005494058132171,0.0005494058132171,COMPLETED
Enh402_HERPUD1,Enh402,Enh402,ENSG00000051108,CL:0000127,CL:0000127 total RNA-seq,encode,-0.000221848487854,0.000221848487854,COMPLETED
Enh402_OGFOD1,Enh402,Enh402,ENSG00000087263,CL:0000127,CL:0000127 total RNA-seq,encode,0.0009534955024719,-0.0009534955024719,COMPLETED
Enh403_ARL2BP,Enh403,Enh403,ENSG00000102931,CL:0000127,CL:0000127 total RNA-seq,encode,-0.0009850263595581,0.0009850263595581,COMPLETED
Enh404_ARL2BP,Enh404,Enh404,ENSG00000102931,CL:0000127,CL:0000127 total RNA-seq,encode,-0.0026557445526123,0.0026557445526123,COMPLETED
Enh405_ARL2BP,Enh405,Enh405,ENSG00000102931,CL:0000127,CL:0000127 total RNA-seq,encode,0.017897605895996,-0.017897605895996,COMPLETED
Enh406_ARL2BP,Enh406,Enh406,ENSG00000102931,CL:0000127,CL:0000127 total RNA-seq,encode,-0.0045881271362304,0.0045881271362304,COMPLETED
Enh406_CIAPIN1,Enh406,Enh406,ENSG00000005194,CL:0000127,CL:0000127 total RNA-seq,encode,0.0183281302452087,-0.0183281302452087,COMPLETED
Enh406_FAM192A,Enh406,Enh406,ENSG00000172775,CL:0000127,CL:0000127 total RNA-seq,encode,0.0061541125178337,-0.0061541125178337,COMPLETED
Enh406_HERPUD1,Enh406,Enh406,ENSG00000051108,CL:0000127,CL:0000127 total RNA-seq,encode,0.0034384727478027,-0.0034384727478027,COMPLETED
Enh406_POLR2C,Enh406,Enh406,ENSG00000102978,CL:0000127,CL:0000127 total RNA-seq,encode,0.0047754645347595,-0.0047754645347595,COMPLETED
Enh406_RSPRY1,Enh406,Enh406,ENSG00000159579,CL:0000127,CL:0000127 total RNA-seq,encode,0.0093022137880325,-0.0093022137880325,COMPLETED
Enh407_ARL2BP,Enh407,Enh407,ENSG00000102931,CL:0000127,CL:0000127 total RNA-seq,encode,0.0051174163818359,-0.0051174163818359,COMPLETED
Enh407_CIAPIN1,Enh407,Enh407,ENSG00000005194,CL:0000127,CL:0000127 total RNA-seq,encode,0.0011545419692993,-0.0011545419692993,COMPLETED
Enh407_COQ9,Enh407,Enh407,ENSG00000088682,CL:0000127,CL:0000127 total RNA-seq,encode,-0.000525414943695,0.000525414943695,COMPLETED
Enh407_FAM192A,Enh407,Enh407,ENSG00000172775,CL:0000127,CL:0000127 total RNA-seq,encode,0.0010993033647537,-0.0010993033647537,COMPLETED
Enh407_HERPUD1,Enh407,Enh407,ENSG00000051108,CL:0000127,CL:0000127 total RNA-seq,encode,-0.000428557395935,0.000428557395935,COMPLETED
Enh407_POLR2C,Enh407,Enh407,ENSG00000102978,CL:0000127,CL:0000127 total RNA-seq,encode,0.0006892681121826,-0.0006892681121826,COMPLETED
Enh407_RSPRY1,Enh407,Enh407,ENSG00000159579,CL:0000127,CL:0000127 total RNA-seq,encode,0.000631034374237,-0.000631034374237,COMPLETED
Enh408_CKLF,Enh408,Enh408,ENSG00000217555,CL:0000127,CL:0000127 total RNA-seq,encode,-0.0036421716213226,0.0036421716213226,COMPLETED
Enh408_TK2,Enh408,Enh408,ENSG00000166548,CL:0000127,CL:0000127 total RNA-seq,encode,0.0010119676589965,-0.0010119676589965,COMPLETED
Enh409_ATP6V0D1,Enh409,Enh409,ENSG00000159720,CL:0000127,CL:0000127 total RNA-seq,encode,-0.0001656413078308,0.0001656413078308,COMPLETED
Enh409_CES2,Enh409,Enh409,ENSG00000172831,CL:0000127,CL:0000127 total RNA-seq,encode,-0.0016684383153915,0.0016684383153915,COMPLETED
Enh409_CIAO2B,Enh409,Enh409,ENSG00000166595,CL:0000127,CL:0000127 total RNA-seq,encode,-0.0012378692626953,0.0012378692626953,COMPLETED
Enh409_DYNC1LI2,Enh409,Enh409,ENSG00000135720,CL:0000127,CL:0000127 total RNA-seq,encode,-0.0010642409324645,0.0010642409324645,COMPLETED
Enh409_TK2,Enh409,Enh409,ENSG00000166548,CL:0000127,CL:0000127 total RNA-seq,encode,-0.0030384063720703,0.0030384063720703,COMPLETED
Enh409_TMEM208,Enh409,Enh409,ENSG00000168701,CL:0000127,CL:0000127 total RNA-seq,encode,0.0017096623778343,-0.0017096623778343,COMPLETED
Enh40_SERTAD4-AS1,Enh40,Enh40,ENSG00000203706,CL:0000127,CL:0000127 total RNA-seq,encode,0.0654075145721435,-0.0654075145721435,COMPLETED
Enh40_SYT14,Enh40,Enh40,ENSG00000143469,CL:0000127,CL:0000127 total RNA-seq,encode,0.0027422904968261,-0.0027422904968261,COMPLETED
Enh40_UTP25,Enh40,Enh40,ENSG00000117597,CL:0000127,CL:0000127 total RNA-seq,encode,-0.0002297163009643,0.0002297163009643,COMPLETED
Enh410_CYB5B,Enh410,Enh410,ENSG00000103018,CL:0000127,CL:0000127 total RNA-seq,encode,0.0080656111240386,-0.0080656111240386,COMPLETED
Enh410_NFAT5,Enh410,Enh410,ENSG00000102908,CL:0000127,CL:0000127 total RNA-seq,encode,0.0015654563903808,-0.0015654563903808,COMPLETED
Enh410_NIP7,Enh410,Enh410,ENSG00000132603,CL:0000127,CL:0000127 total RNA-seq,encode,0.0009503364562988,-0.0009503364562988,COMPLETED
Enh410_NOB1,Enh410,Enh410,ENSG00000141101,CL:0000127,CL:0000127 total RNA-seq,encode,-0.0026211440563201,0.0026211440563201,COMPLETED
Enh410_NQO1,Enh410,Enh410,ENSG00000181019,CL:0000127,CL:0000127 total RNA-seq,encode,0.0001686811447143,-0.0001686811447143,COMPLETED
Enh410_SNTB2,Enh410,Enh410,ENSG00000168807,CL:0000127,CL:0000127 total RNA-seq,encode,0.0027445554733276,-0.0027445554733276,COMPLETED
Enh410_TERF2,Enh410,Enh410,ENSG00000132604,CL:0000127,CL:0000127 total RNA-seq,encode,0.0006358623504638,-0.0006358623504638,COMPLETED
Enh410_UTP4,Enh410,Enh410,ENSG00000141076,CL:0000127,CL:0000127 total RNA-seq,encode,-0.0017611384391784,0.0017611384391784,COMPLETED
Enh410_VPS4A,Enh410,Enh410,ENSG00000132612,CL:0000127,CL:0000127 total RNA-seq,encode,-0.0009275078773498,0.0009275078773498,COMPLETED
Enh411_NFAT5,Enh411,Enh411,ENSG00000102908,CL:0000127,CL:0000127 total RNA-seq,encode,0.0055116415023803,-0.0055116415023803,COMPLETED
Enh411_SNTB2,Enh411,Enh411,ENSG00000168807,CL:0000127,CL:0000127 total RNA-seq,encode,-0.0035019069910049,0.0035019069910049,COMPLETED
Enh411_TERF2,Enh411,Enh411,ENSG00000132604,CL:0000127,CL:0000127 total RNA-seq,encode,0.0018249750137329,-0.0018249750137329,COMPLETED
Enh411_VPS4A,Enh411,Enh411,ENSG00000132612,CL:0000127,CL:0000127 total RNA-seq,encode,-0.0017998106777668,0.0017998106777668,COMPLETED
Enh412_CYB5B,Enh412,Enh412,ENSG00000103018,CL:0000127,CL:0000127 total RNA-seq,encode,0.0036040544509887,-0.0036040544509887,COMPLETED
Enh412_NFAT5,Enh412,Enh412,ENSG00000102908,CL:0000127,CL:0000127 total RNA-seq,encode,-0.0073922872543334,0.0073922872543334,COMPLETED
Enh412_NIP7,Enh412,Enh412,ENSG00000132603,CL:0000127,CL:0000127 total RNA-seq,encode,-0.0001416206359863,0.0001416206359863,COMPLETED
Enh412_NOB1,Enh412,Enh412,ENSG00000141101,CL:0000127,CL:0000127 total RNA-seq,encode,0.0017107278108596,-0.0017107278108596,COMPLETED
Enh412_NQO1,Enh412,Enh412,ENSG00000181019,CL:0000127,CL:0000127 total RNA-seq,encode,0.0057021379470825,-0.0057021379470825,COMPLETED
Enh412_SNTB2,Enh412,Enh412,ENSG00000168807,CL:0000127,CL:0000127 total RNA-seq,encode,-0.0008684992790222,0.0008684992790222,COMPLETED
Enh412_TERF2,Enh412,Enh412,ENSG00000132604,CL:0000127,CL:0000127 total RNA-seq,encode,-0.0013498067855834,0.0013498067855834,COMPLETED
Enh412_VPS4A,Enh412,Enh412,ENSG00000132612,CL:0000127,CL:0000127 total RNA-seq,encode,0.0017687454819679,-0.0017687454819679,COMPLETED
Enh413_AP1G1,Enh413,Enh413,ENSG00000166747,CL:0000127,CL:0000127 total RNA-seq,encode,0.0003198906779289,-0.0003198906779289,COMPLETED
Enh413_IST1,Enh413,Enh413,ENSG00000182149,CL:0000127,CL:0000127 total RNA-seq,encode,-0.0008378624916076,0.0008378624916076,COMPLETED
Enh414_CMIP,Enh414,Enh414,ENSG00000153815,CL:0000127,CL:0000127 total RNA-seq,encode,0.0234873294830322,-0.0234873294830322,COMPLETED
Enh414_MPHOSPH6,Enh414,Enh414,ENSG00000135698,CL:0000127,CL:0000127 total RNA-seq,encode,0.0030524134635925,-0.0030524134635925,COMPLETED
Enh414_PLCG2,Enh414,Enh414,ENSG00000197943,CL:0000127,CL:0000127 total RNA-seq,encode,0.0092644691467285,-0.0092644691467285,COMPLETED
Enh415_CARHSP1,Enh415,Enh415,ENSG00000153048,CL:0000127,CL:0000127 total RNA-seq,encode,-0.0028622150421142,0.0028622150421142,COMPLETED
Enh415_USP7,Enh415,Enh415,ENSG00000187555,CL:0000127,CL:0000127 total RNA-seq,encode,0.0075896978378295,-0.0075896978378295,COMPLETED
Enh416_CARHSP1,Enh416,Enh416,ENSG00000153048,CL:0000127,CL:0000127 total RNA-seq,encode,0.0056827962398529,-0.0056827962398529,COMPLETED
Enh416_USP7,Enh416,Enh416,ENSG00000187555,CL:0000127,CL:0000127 total RNA-seq,encode,-0.0381797552108764,0.0381797552108764,COMPLETED
Enh418_PAFAH1B1,Enh418,Enh418,ENSG00000007168,CL:0000127,CL:0000127 total RNA-seq,encode,0.0032169520854949,-0.0032169520854949,COMPLETED
Enh418_TSR1,Enh418,Enh418,ENSG00000167721,CL:0000127,CL:0000127 total RNA-seq,encode,0.0016035884618759,-0.0016035884618759,COMPLETED
Enh419_FLOT2,Enh419,Enh419,ENSG00000132589,CL:0000127,CL:0000127 total RNA-seq,encode,0.0019376277923583,-0.0019376277923583,COMPLETED
Enh419_NUFIP2,Enh419,Enh419,ENSG00000108256,CL:0000127,CL:0000127 total RNA-seq,encode,-0.0055803060531616,0.0055803060531616,COMPLETED
Enh419_RAB34,Enh419,Enh419,ENSG00000109113,CL:0000127,CL:0000127 total RNA-seq,encode,0.0032317638397216,-0.0032317638397216,COMPLETED
Enh419_RPL23A,Enh419,Enh419,ENSG00000198242,CL:0000127,CL:0000127 total RNA-seq,encode,-0.0007538795471191,0.0007538795471191,COMPLETED
Enh419_TAOK1,Enh419,Enh419,ENSG00000160551,CL:0000127,CL:0000127 total RNA-seq,encode,-0.0012268126010894,0.0012268126010894,COMPLETED
Enh41_UTP25,Enh41,Enh41,ENSG00000117597,CL:0000127,CL:0000127 total RNA-seq,encode,0.0003447532653808,-0.0003447532653808,COMPLETED
Enh420_NUFIP2,Enh420,Enh420,ENSG00000108256,CL:0000127,CL:0000127 total RNA-seq,encode,-0.0711287260055542,0.0711287260055542,COMPLETED
Enh420_TAOK1,Enh420,Enh420,ENSG00000160551,CL:0000127,CL:0000127 total RNA-seq,encode,-0.0006944835186004,0.0006944835186004,COMPLETED
Enh421_BLMH,Enh421,Enh421,ENSG00000108578,CL:0000127,CL:0000127 total RNA-seq,encode,-0.0175187885761261,0.0175187885761261,COMPLETED
Enh421_GOSR1,Enh421,Enh421,ENSG00000108587,CL:0000127,CL:0000127 total RNA-seq,encode,-0.0029261112213134,0.0029261112213134,COMPLETED
Enh421_NSRP1,Enh421,Enh421,ENSG00000126653,CL:0000127,CL:0000127 total RNA-seq,encode,-0.0009965896606445,0.0009965896606445,COMPLETED
Enh421_SSH2,Enh421,Enh421,ENSG00000141298,CL:0000127,CL:0000127 total RNA-seq,encode,0.0031147003173828,-0.0031147003173828,COMPLETED
Enh422_PAFAH1B1,Enh422,Enh422,ENSG00000007168,CL:0000127,CL:0000127 total RNA-seq,encode,0.0041158348321914,-0.0041158348321914,COMPLETED
Enh423_COPRS,Enh423,Enh423,ENSG00000172301,CL:0000127,CL:0000127 total RNA-seq,encode,0.0063840746879577,-0.0063840746879577,COMPLETED
Enh423_NF1,Enh423,Enh423,ENSG00000196712,CL:0000127,CL:0000127 total RNA-seq,encode,0.0004054307937622,-0.0004054307937622,COMPLETED
Enh423_SUZ12,Enh423,Enh423,ENSG00000178691,CL:0000127,CL:0000127 total RNA-seq,encode,0.001508355140686,-0.001508355140686,COMPLETED
Enh423_UTP6,Enh423,Enh423,ENSG00000108651,CL:0000127,CL:0000127 total RNA-seq,encode,0.0011521577835083,-0.0011521577835083,COMPLETED
Enh424_COPRS,Enh424,Enh424,ENSG00000172301,CL:0000127,CL:0000127 total RNA-seq,encode,-0.0008132457733154,0.0008132457733154,COMPLETED
Enh424_SUZ12,Enh424,Enh424,ENSG00000178691,CL:0000127,CL:0000127 total RNA-seq,encode,-0.0028538107872009,0.0028538107872009,COMPLETED
Enh425_COPRS,Enh425,Enh425,ENSG00000172301,CL:0000127,CL:0000127 total RNA-seq,encode,0.0656548738479614,-0.0656548738479614,COMPLETED
Enh427_CCL2,Enh427,Enh427,ENSG00000108691,CL:0000127,CL:0000127 total RNA-seq,encode,-0.5335817337036133,0.5335817337036133,COMPLETED
Enh428_PSMB3,Enh428,Enh428,ENSG00000277791,CL:0000127,CL:0000127 total RNA-seq,encode,0.0009031295776367,-0.0009031295776367,COMPLETED
Enh428_RPL19,Enh428,Enh428,ENSG00000108298,CL:0000127,CL:0000127 total RNA-seq,encode,-0.0016775131225585,0.0016775131225585,COMPLETED
Enh428_RPL23,Enh428,Enh428,ENSG00000125691,CL:0000127,CL:0000127 total RNA-seq,encode,0.0015474557876586,-0.0015474557876586,COMPLETED
Enh429_CDK12,Enh429,Enh429,ENSG00000167258,CL:0000127,CL:0000127 total RNA-seq,encode,0.0038527250289916,-0.0038527250289916,COMPLETED
Enh429_MED1,Enh429,Enh429,ENSG00000125686,CL:0000127,CL:0000127 total RNA-seq,encode,-0.0033949017524719,0.0033949017524719,COMPLETED
Enh429_MIEN1,Enh429,Enh429,ENSG00000141741,CL:0000127,CL:0000127 total RNA-seq,encode,-0.001904422417283,0.001904422417283,COMPLETED
Enh429_PSMD3,Enh429,Enh429,ENSG00000108344,CL:0000127,CL:0000127 total RNA-seq,encode,0.0016451478004455,-0.0016451478004455,COMPLETED
Enh429_RPL19,Enh429,Enh429,ENSG00000108298,CL:0000127,CL:0000127 total RNA-seq,encode,4.649162292480469e-05,-4.649162292480469e-05,COMPLETED
Enh42_UTP25,Enh42,Enh42,ENSG00000117597,CL:0000127,CL:0000127 total RNA-seq,encode,-0.002752661705017,0.002752661705017,COMPLETED
Enh430_CASC3,Enh430,Enh430,ENSG00000108349,CL:0000127,CL:0000127 total RNA-seq,encode,0.0006950795650482,-0.0006950795650482,COMPLETED
Enh430_CDK12,Enh430,Enh430,ENSG00000167258,CL:0000127,CL:0000127 total RNA-seq,encode,-0.0019024610519409,0.0019024610519409,COMPLETED
Enh430_MED1,Enh430,Enh430,ENSG00000125686,CL:0000127,CL:0000127 total RNA-seq,encode,0.001777172088623,-0.001777172088623,COMPLETED
Enh430_MIEN1,Enh430,Enh430,ENSG00000141741,CL:0000127,CL:0000127 total RNA-seq,encode,-0.0174262970685958,0.0174262970685958,COMPLETED
Enh430_MSL1,Enh430,Enh430,ENSG00000188895,CL:0000127,CL:0000127 total RNA-seq,encode,-0.0003121942281723,0.0003121942281723,COMPLETED
Enh430_PSMD3,Enh430,Enh430,ENSG00000108344,CL:0000127,CL:0000127 total RNA-seq,encode,-0.0003133416175842,0.0003133416175842,COMPLETED
Enh430_WIPF2,Enh430,Enh430,ENSG00000171475,CL:0000127,CL:0000127 total RNA-seq,encode,-0.0001293420791625,0.0001293420791625,COMPLETED
Enh431_KPNB1,Enh431,Enh431,ENSG00000108424,CL:0000127,CL:0000127 total RNA-seq,encode,-0.0009849071502685,0.0009849071502685,COMPLETED
Enh431_NPEPPS,Enh431,Enh431,ENSG00000141279,CL:0000127,CL:0000127 total RNA-seq,encode,-0.0019787549972534,0.0019787549972534,COMPLETED
Enh432_CBX1,Enh432,Enh432,ENSG00000108468,CL:0000127,CL:0000127 total RNA-seq,encode,0.0029791593551635,-0.0029791593551635,COMPLETED
Enh432_COPZ2,Enh432,Enh432,ENSG00000005243,CL:0000127,CL:0000127 total RNA-seq,encode,0.0012961328029632,-0.0012961328029632,COMPLETED
Enh432_KPNB1,Enh432,Enh432,ENSG00000108424,CL:0000127,CL:0000127 total RNA-seq,encode,-0.0040451884269714,0.0040451884269714,COMPLETED
Enh432_NFE2L1,Enh432,Enh432,ENSG00000082641,CL:0000127,CL:0000127 total RNA-seq,encode,0.0015546083450317,-0.0015546083450317,COMPLETED
Enh432_NPEPPS,Enh432,Enh432,ENSG00000141279,CL:0000127,CL:0000127 total RNA-seq,encode,0.0008410215377807,-0.0008410215377807,COMPLETED
Enh433_CBX1,Enh433,Enh433,ENSG00000108468,CL:0000127,CL:0000127 total RNA-seq,encode,0.0017077922821044,-0.0017077922821044,COMPLETED
Enh433_COPZ2,Enh433,Enh433,ENSG00000005243,CL:0000127,CL:0000127 total RNA-seq,encode,-0.0087115764617919,0.0087115764617919,COMPLETED
Enh433_KPNB1,Enh433,Enh433,ENSG00000108424,CL:0000127,CL:0000127 total RNA-seq,encode,0.0012339353561401,-0.0012339353561401,COMPLETED
Enh433_NFE2L1,Enh433,Enh433,ENSG00000082641,CL:0000127,CL:0000127 total RNA-seq,encode,-0.0025254487991333,0.0025254487991333,COMPLETED
Enh433_NPEPPS,Enh433,Enh433,ENSG00000141279,CL:0000127,CL:0000127 total RNA-seq,encode,0.0036506652832031,-0.0036506652832031,COMPLETED
Enh434_CBX1,Enh434,Enh434,ENSG00000108468,CL:0000127,CL:0000127 total RNA-seq,encode,-0.0025389790534973,0.0025389790534973,COMPLETED
Enh434_COPZ2,Enh434,Enh434,ENSG00000005243,CL:0000127,CL:0000127 total RNA-seq,encode,-0.0126657485961914,0.0126657485961914,COMPLETED
Enh434_KPNB1,Enh434,Enh434,ENSG00000108424,CL:0000127,CL:0000127 total RNA-seq,encode,0.0001641511917114,-0.0001641511917114,COMPLETED
Enh434_NFE2L1,Enh434,Enh434,ENSG00000082641,CL:0000127,CL:0000127 total RNA-seq,encode,-0.0021077394485473,0.0021077394485473,COMPLETED
Enh434_NPEPPS,Enh434,Enh434,ENSG00000141279,CL:0000127,CL:0000127 total RNA-seq,encode,0.0009605884552001,-0.0009605884552001,COMPLETED
Enh435_CBX1,Enh435,Enh435,ENSG00000108468,CL:0000127,CL:0000127 total RNA-seq,encode,0.0039247274398803,-0.0039247274398803,COMPLETED
Enh435_COPZ2,Enh435,Enh435,ENSG00000005243,CL:0000127,CL:0000127 total RNA-seq,encode,-0.0185252726078033,0.0185252726078033,COMPLETED
Enh435_KPNB1,Enh435,Enh435,ENSG00000108424,CL:0000127,CL:0000127 total RNA-seq,encode,0.0011672973632812,-0.0011672973632812,COMPLETED
Enh435_NFE2L1,Enh435,Enh435,ENSG00000082641,CL:0000127,CL:0000127 total RNA-seq,encode,0.0002498626708984,-0.0002498626708984,COMPLETED
Enh436_CBX1,Enh436,Enh436,ENSG00000108468,CL:0000127,CL:0000127 total RNA-seq,encode,-0.0019621849060058,0.0019621849060058,COMPLETED
Enh436_COPZ2,Enh436,Enh436,ENSG00000005243,CL:0000127,CL:0000127 total RNA-seq,encode,0.0069971680641174,-0.0069971680641174,COMPLETED
Enh436_KPNB1,Enh436,Enh436,ENSG00000108424,CL:0000127,CL:0000127 total RNA-seq,encode,-0.0001136660575866,0.0001136660575866,COMPLETED
Enh436_NFE2L1,Enh436,Enh436,ENSG00000082641,CL:0000127,CL:0000127 total RNA-seq,encode,-0.0041459798812866,0.0041459798812866,COMPLETED
Enh437_ATP5MC1,Enh437,Enh437,ENSG00000159199,CL:0000127,CL:0000127 total RNA-seq,encode,-0.0013820528984069,0.0013820528984069,COMPLETED
Enh437_CALCOCO2,Enh437,Enh437,ENSG00000136436,CL:0000127,CL:0000127 total RNA-seq,encode,0.0003001391887664,-0.0003001391887664,COMPLETED
Enh437_IGF2BP1,Enh437,Enh437,ENSG00000159217,CL:0000127,CL:0000127 total RNA-seq,encode,-0.0049877166748046,0.0049877166748046,COMPLETED
Enh437_PHB,Enh437,Enh437,ENSG00000167085,CL:0000127,CL:0000127 total RNA-seq,encode,0.000878095626831,-0.000878095626831,COMPLETED
Enh437_SNF8,Enh437,Enh437,ENSG00000159210,CL:0000127,CL:0000127 total RNA-seq,encode,0.0026592463254928,-0.0026592463254928,COMPLETED
Enh437_UBE2Z,Enh437,Enh437,ENSG00000159202,CL:0000127,CL:0000127 total RNA-seq,encode,0.0007703900337219,-0.0007703900337219,COMPLETED
Enh438_ATP5MC1,Enh438,Enh438,ENSG00000159199,CL:0000127,CL:0000127 total RNA-seq,encode,-0.0022804737091064,0.0022804737091064,COMPLETED
Enh438_CALCOCO2,Enh438,Enh438,ENSG00000136436,CL:0000127,CL:0000127 total RNA-seq,encode,-0.0036770701408386,0.0036770701408386,COMPLETED
Enh438_IGF2BP1,Enh438,Enh438,ENSG00000159217,CL:0000127,CL:0000127 total RNA-seq,encode,-0.006366491317749,0.006366491317749,COMPLETED
Enh438_PHB,Enh438,Enh438,ENSG00000167085,CL:0000127,CL:0000127 total RNA-seq,encode,-0.000474214553833,0.000474214553833,COMPLETED
Enh438_SNF8,Enh438,Enh438,ENSG00000159210,CL:0000127,CL:0000127 total RNA-seq,encode,-0.0017381459474563,0.0017381459474563,COMPLETED
Enh438_UBE2Z,Enh438,Enh438,ENSG00000159202,CL:0000127,CL:0000127 total RNA-seq,encode,-0.0001695156097412,0.0001695156097412,COMPLETED
Enh439_COL1A1,Enh439,Enh439,ENSG00000108821,CL:0000127,CL:0000127 total RNA-seq,encode,1.9073486328125e-06,-1.9073486328125e-06,COMPLETED
Enh439_ITGA3,Enh439,Enh439,ENSG00000005884,CL:0000127,CL:0000127 total RNA-seq,encode,-0.0379741191864013,0.0379741191864013,COMPLETED
Enh439_LRRC59,Enh439,Enh439,ENSG00000108829,CL:0000127,CL:0000127 total RNA-seq,encode,-0.00042724609375,0.00042724609375,COMPLETED
Enh439_MRPL27,Enh439,Enh439,ENSG00000108826,CL:0000127,CL:0000127 total RNA-seq,encode,-0.0018298625946044,0.0018298625946044,COMPLETED
Enh439_SLC35B1,Enh439,Enh439,ENSG00000121073,CL:0000127,CL:0000127 total RNA-seq,encode,-0.0012851357460021,0.0012851357460021,COMPLETED
Enh43_CDC42,Enh43,Enh43,ENSG00000070831,CL:0000127,CL:0000127 total RNA-seq,encode,0.0024296604096889,-0.0024296604096889,COMPLETED
Enh43_HSPG2,Enh43,Enh43,ENSG00000142798,CL:0000127,CL:0000127 total RNA-seq,encode,0.0081313848495483,-0.0081313848495483,COMPLETED
Enh43_USP48,Enh43,Enh43,ENSG00000090686,CL:0000127,CL:0000127 total RNA-seq,encode,0.0001358985900878,-0.0001358985900878,COMPLETED
Enh441_MRC2,Enh441,Enh441,ENSG00000011028,CL:0000127,CL:0000127 total RNA-seq,encode,0.0003297328948974,-0.0003297328948974,COMPLETED
Enh442_DDX5,Enh442,Enh442,ENSG00000108654,CL:0000127,CL:0000127 total RNA-seq,encode,0.0003281831741333,-0.0003281831741333,COMPLETED
Enh442_SMURF2,Enh442,Enh442,ENSG00000108854,CL:0000127,CL:0000127 total RNA-seq,encode,0.0024113655090332,-0.0024113655090332,COMPLETED
Enh443_C17orf49,Enh443,Enh443,ENSG00000258315,CL:0000127,CL:0000127 total RNA-seq,encode,-0.0070937424898147,0.0070937424898147,COMPLETED
Enh443_CTDNEP1,Enh443,Enh443,ENSG00000175826,CL:0000127,CL:0000127 total RNA-seq,encode,-0.0004300624132156,0.0004300624132156,COMPLETED
Enh443_GABARAP,Enh443,Enh443,ENSG00000170296,CL:0000127,CL:0000127 total RNA-seq,encode,0.0001240968704223,-0.0001240968704223,COMPLETED
Enh443_MED31,Enh443,Enh443,ENSG00000108590,CL:0000127,CL:0000127 total RNA-seq,encode,-0.0153024196624755,0.0153024196624755,COMPLETED
Enh443_PHF23,Enh443,Enh443,ENSG00000040633,CL:0000127,CL:0000127 total RNA-seq,encode,-0.0034257024526596,0.0034257024526596,COMPLETED
Enh443_RNASEK,Enh443,Enh443,ENSG00000219200,CL:0000127,CL:0000127 total RNA-seq,encode,-0.0017380118370056,0.0017380118370056,COMPLETED
Enh443_TXNDC17,Enh443,Enh443,ENSG00000129235,CL:0000127,CL:0000127 total RNA-seq,encode,-0.0029868930578231,0.0029868930578231,COMPLETED
Enh444_RPL38,Enh444,Enh444,ENSG00000172809,CL:0000127,CL:0000127 total RNA-seq,encode,-0.0012153387069702,0.0012153387069702,COMPLETED
Enh445_MXRA7,Enh445,Enh445,ENSG00000182534,CL:0000127,CL:0000127 total RNA-seq,encode,0.0007632970809936,-0.0007632970809936,COMPLETED
Enh445_SEC14L1,Enh445,Enh445,ENSG00000129657,CL:0000127,CL:0000127 total RNA-seq,encode,-0.000743806362152,0.000743806362152,COMPLETED
Enh445_SEPTIN9,Enh445,Enh445,ENSG00000184640,CL:0000127,CL:0000127 total RNA-seq,encode,0.0015761405229568,-0.0015761405229568,COMPLETED
Enh445_SNHG16,Enh445,Enh445,ENSG00000163597,CL:0000127,CL:0000127 total RNA-seq,encode,-0.0014841556549072,0.0014841556549072,COMPLETED
Enh445_SRSF2,Enh445,Enh445,ENSG00000161547,CL:0000127,CL:0000127 total RNA-seq,encode,0.0010708570480346,-0.0010708570480346,COMPLETED
Enh446_SEPTIN9,Enh446,Enh446,ENSG00000184640,CL:0000127,CL:0000127 total RNA-seq,encode,-0.0012077093124389,0.0012077093124389,COMPLETED
Enh446_SYNGR2,Enh446,Enh446,ENSG00000108639,CL:0000127,CL:0000127 total RNA-seq,encode,0.0033333003520965,-0.0033333003520965,COMPLETED
Enh447_SYNGR2,Enh447,Enh447,ENSG00000108639,CL:0000127,CL:0000127 total RNA-seq,encode,-0.0012247860431671,0.0012247860431671,COMPLETED
Enh448_SOCS3,Enh448,Enh448,ENSG00000184557,CL:0000127,CL:0000127 total RNA-seq,encode,-0.0531926751136779,0.0531926751136779,COMPLETED
Enh448_SYNGR2,Enh448,Enh448,ENSG00000108639,CL:0000127,CL:0000127 total RNA-seq,encode,0.0062020123004913,-0.0062020123004913,COMPLETED
Enh448_USP36,Enh448,Enh448,ENSG00000055483,CL:0000127,CL:0000127 total RNA-seq,encode,-0.0013343095779418,0.0013343095779418,COMPLETED
Enh449_TIMP2,Enh449,Enh449,ENSG00000035862,CL:0000127,CL:0000127 total RNA-seq,encode,-0.0728715658187866,0.0728715658187866,COMPLETED
Enh44_CDC42,Enh44,Enh44,ENSG00000070831,CL:0000127,CL:0000127 total RNA-seq,encode,4.860013723373413e-05,-4.860013723373413e-05,COMPLETED
Enh44_HSPG2,Enh44,Enh44,ENSG00000142798,CL:0000127,CL:0000127 total RNA-seq,encode,0.0057520866394042,-0.0057520866394042,COMPLETED
Enh44_USP48,Enh44,Enh44,ENSG00000090686,CL:0000127,CL:0000127 total RNA-seq,encode,0.0003067255020141,-0.0003067255020141,COMPLETED
Enh450_CANT1,Enh450,Enh450,ENSG00000171302,CL:0000127,CL:0000127 total RNA-seq,encode,-0.0001985430717468,0.0001985430717468,COMPLETED
Enh450_LGALS3BP,Enh450,Enh450,ENSG00000108679,CL:0000127,CL:0000127 total RNA-seq,encode,-0.0008978843688964,0.0008978843688964,COMPLETED
Enh450_TIMP2,Enh450,Enh450,ENSG00000035862,CL:0000127,CL:0000127 total RNA-seq,encode,-0.0001935958862304,0.0001935958862304,COMPLETED
Enh450_USP36,Enh450,Enh450,ENSG00000055483,CL:0000127,CL:0000127 total RNA-seq,encode,0.001970887184143,-0.001970887184143,COMPLETED
Enh451_VAPA,Enh451,Enh451,ENSG00000101558,CL:0000127,CL:0000127 total RNA-seq,encode,-0.0026293992996215,0.0026293992996215,COMPLETED
Enh452_NAPG,Enh452,Enh452,ENSG00000134265,CL:0000127,CL:0000127 total RNA-seq,encode,-0.0092273950576782,0.0092273950576782,COMPLETED
Enh455_AFG3L2,Enh455,Enh455,ENSG00000141385,CL:0000127,CL:0000127 total RNA-seq,encode,0.0015428066253662,-0.0015428066253662,COMPLETED
Enh455_IMPA2,Enh455,Enh455,ENSG00000141401,CL:0000127,CL:0000127 total RNA-seq,encode,0.0099880695343017,-0.0099880695343017,COMPLETED
Enh455_TUBB6,Enh455,Enh455,ENSG00000176014,CL:0000127,CL:0000127 total RNA-seq,encode,0.0001468658447265,-0.0001468658447265,COMPLETED
Enh456_AFG3L2,Enh456,Enh456,ENSG00000141385,CL:0000127,CL:0000127 total RNA-seq,encode,0.0008774846792221,-0.0008774846792221,COMPLETED
Enh456_CHMP1B,Enh456,Enh456,ENSG00000255112,CL:0000127,CL:0000127 total RNA-seq,encode,0.0006881356239318,-0.0006881356239318,COMPLETED
Enh456_TUBB6,Enh456,Enh456,ENSG00000176014,CL:0000127,CL:0000127 total RNA-seq,encode,0.0012362003326416,-0.0012362003326416,COMPLETED
Enh45_PARP1,Enh45,Enh45,ENSG00000143799,CL:0000127,CL:0000127 total RNA-seq,encode,-0.0003379583358764,0.0003379583358764,COMPLETED
Enh463_KDSR,Enh463,Enh463,ENSG00000119537,CL:0000127,CL:0000127 total RNA-seq,encode,0.0022129416465759,-0.0022129416465759,COMPLETED
Enh463_VPS4B,Enh463,Enh463,ENSG00000119541,CL:0000127,CL:0000127 total RNA-seq,encode,7.638707756996155e-05,-7.638707756996155e-05,COMPLETED
Enh464_CARM1,Enh464,Enh464,ENSG00000142453,CL:0000127,CL:0000127 total RNA-seq,encode,0.0008001700043678,-0.0008001700043678,COMPLETED
Enh464_CDC37,Enh464,Enh464,ENSG00000105401,CL:0000127,CL:0000127 total RNA-seq,encode,-0.000199556350708,0.000199556350708,COMPLETED
Enh464_DNMT1,Enh464,Enh464,ENSG00000130816,CL:0000127,CL:0000127 total RNA-seq,encode,-0.0001285672187805,0.0001285672187805,COMPLETED
Enh464_EIF3G,Enh464,Enh464,ENSG00000130811,CL:0000127,CL:0000127 total RNA-seq,encode,0.0007920265197753,-0.0007920265197753,COMPLETED
Enh464_FDX2,Enh464,Enh464,ENSG00000267673,CL:0000127,CL:0000127 total RNA-seq,encode,-0.0012025237083435,0.0012025237083435,COMPLETED
Enh464_ILF3,Enh464,Enh464,ENSG00000129351,CL:0000127,CL:0000127 total RNA-seq,encode,-0.0012827515602111,0.0012827515602111,COMPLETED
Enh464_SLC44A2,Enh464,Enh464,ENSG00000129353,CL:0000127,CL:0000127 total RNA-seq,encode,0.0315355658531188,-0.0315355658531188,COMPLETED
Enh464_SMARCA4,Enh464,Enh464,ENSG00000127616,CL:0000127,CL:0000127 total RNA-seq,encode,0.0007529556751251,-0.0007529556751251,COMPLETED
Enh464_YIPF2,Enh464,Enh464,ENSG00000130733,CL:0000127,CL:0000127 total RNA-seq,encode,-0.0004718899726867,0.0004718899726867,COMPLETED
Enh465_CNN1,Enh465,Enh465,ENSG00000130176,CL:0000127,CL:0000127 total RNA-seq,encode,-0.0890882015228271,0.0890882015228271,COMPLETED
Enh465_PRKCSH,Enh465,Enh465,ENSG00000130175,CL:0000127,CL:0000127 total RNA-seq,encode,0.0030471086502075,-0.0030471086502075,COMPLETED
Enh466_CALR,Enh466,Enh466,ENSG00000179218,CL:0000127,CL:0000127 total RNA-seq,encode,0.0031054019927978,-0.0031054019927978,COMPLETED
Enh466_FARSA,Enh466,Enh466,ENSG00000179115,CL:0000127,CL:0000127 total RNA-seq,encode,-0.0009744763374328,0.0009744763374328,COMPLETED
Enh466_GADD45GIP1,Enh466,Enh466,ENSG00000179271,CL:0000127,CL:0000127 total RNA-seq,encode,-0.0060571432113647,0.0060571432113647,COMPLETED
Enh466_GET3,Enh466,Enh466,ENSG00000198356,CL:0000127,CL:0000127 total RNA-seq,encode,0.0003174543380737,-0.0003174543380737,COMPLETED
Enh466_IER2,Enh466,Enh466,ENSG00000160888,CL:0000127,CL:0000127 total RNA-seq,encode,0.0013332962989807,-0.0013332962989807,COMPLETED
Enh466_NACC1,Enh466,Enh466,ENSG00000160877,CL:0000127,CL:0000127 total RNA-seq,encode,0.00568687915802,-0.00568687915802,COMPLETED
Enh466_NFIX,Enh466,Enh466,ENSG00000008441,CL:0000127,CL:0000127 total RNA-seq,encode,-0.0030073523521423,0.0030073523521423,COMPLETED
Enh466_PRDX2,Enh466,Enh466,ENSG00000167815,CL:0000127,CL:0000127 total RNA-seq,encode,-0.0011415481567382,0.0011415481567382,COMPLETED
Enh466_RAD23A,Enh466,Enh466,ENSG00000179262,CL:0000127,CL:0000127 total RNA-seq,encode,-0.0052038431167602,0.0052038431167602,COMPLETED
Enh466_TRIR,Enh466,Enh466,ENSG00000123144,CL:0000127,CL:0000127 total RNA-seq,encode,0.0001846551895141,-0.0001846551895141,COMPLETED
Enh466_WDR83OS,Enh466,Enh466,ENSG00000105583,CL:0000127,CL:0000127 total RNA-seq,encode,0.0026358366012573,-0.0026358366012573,COMPLETED
Enh466_ZNF791,Enh466,Enh466,ENSG00000173875,CL:0000127,CL:0000127 total RNA-seq,encode,0.0017220973968505,-0.0017220973968505,COMPLETED
Enh467_CALR,Enh467,Enh467,ENSG00000179218,CL:0000127,CL:0000127 total RNA-seq,encode,0.0022010803222656,-0.0022010803222656,COMPLETED
Enh467_DHPS,Enh467,Enh467,ENSG00000095059,CL:0000127,CL:0000127 total RNA-seq,encode,-0.000215321779251,0.000215321779251,COMPLETED
Enh467_DNASE2,Enh467,Enh467,ENSG00000105612,CL:0000127,CL:0000127 total RNA-seq,encode,-0.0038074851036071,0.0038074851036071,COMPLETED
Enh467_FARSA,Enh467,Enh467,ENSG00000179115,CL:0000127,CL:0000127 total RNA-seq,encode,-0.0002598166465759,0.0002598166465759,COMPLETED
Enh467_GADD45GIP1,Enh467,Enh467,ENSG00000179271,CL:0000127,CL:0000127 total RNA-seq,encode,0.0012810230255126,-0.0012810230255126,COMPLETED
Enh467_GET3,Enh467,Enh467,ENSG00000198356,CL:0000127,CL:0000127 total RNA-seq,encode,-0.0013622045516967,0.0013622045516967,COMPLETED
Enh467_IER2,Enh467,Enh467,ENSG00000160888,CL:0000127,CL:0000127 total RNA-seq,encode,-0.0008447766304016,0.0008447766304016,COMPLETED
Enh467_NACC1,Enh467,Enh467,ENSG00000160877,CL:0000127,CL:0000127 total RNA-seq,encode,0.0023372769355773,-0.0023372769355773,COMPLETED
Enh467_NFIX,Enh467,Enh467,ENSG00000008441,CL:0000127,CL:0000127 total RNA-seq,encode,0.0022119283676147,-0.0022119283676147,COMPLETED
Enh467_PRDX2,Enh467,Enh467,ENSG00000167815,CL:0000127,CL:0000127 total RNA-seq,encode,-0.0032672882080078,0.0032672882080078,COMPLETED
Enh467_RAD23A,Enh467,Enh467,ENSG00000179262,CL:0000127,CL:0000127 total RNA-seq,encode,0.0004674196243286,-0.0004674196243286,COMPLETED
Enh467_STX10,Enh467,Enh467,ENSG00000104915,CL:0000127,CL:0000127 total RNA-seq,encode,0.001207947731018,-0.001207947731018,COMPLETED
Enh467_TRIR,Enh467,Enh467,ENSG00000123144,CL:0000127,CL:0000127 total RNA-seq,encode,-0.0006535053253173,0.0006535053253173,COMPLETED
Enh467_WDR83OS,Enh467,Enh467,ENSG00000105583,CL:0000127,CL:0000127 total RNA-seq,encode,0.0016471147537231,-0.0016471147537231,COMPLETED
Enh467_ZNF791,Enh467,Enh467,ENSG00000173875,CL:0000127,CL:0000127 total RNA-seq,encode,0.0007317066192626,-0.0007317066192626,COMPLETED
Enh468_CALR,Enh468,Enh468,ENSG00000179218,CL:0000127,CL:0000127 total RNA-seq,encode,-0.0012001991271972,0.0012001991271972,COMPLETED
Enh468_FARSA,Enh468,Enh468,ENSG00000179115,CL:0000127,CL:0000127 total RNA-seq,encode,-0.0006497502326965,0.0006497502326965,COMPLETED
Enh468_GADD45GIP1,Enh468,Enh468,ENSG00000179271,CL:0000127,CL:0000127 total RNA-seq,encode,0.0012011528015136,-0.0012011528015136,COMPLETED
Enh468_GET3,Enh468,Enh468,ENSG00000198356,CL:0000127,CL:0000127 total RNA-seq,encode,0.0008144378662109,-0.0008144378662109,COMPLETED
Enh468_IER2,Enh468,Enh468,ENSG00000160888,CL:0000127,CL:0000127 total RNA-seq,encode,0.0767488181591034,-0.0767488181591034,COMPLETED
Enh468_NACC1,Enh468,Enh468,ENSG00000160877,CL:0000127,CL:0000127 total RNA-seq,encode,0.0034403204917907,-0.0034403204917907,COMPLETED
Enh468_NFIX,Enh468,Enh468,ENSG00000008441,CL:0000127,CL:0000127 total RNA-seq,encode,0.0018029808998107,-0.0018029808998107,COMPLETED
Enh468_PRDX2,Enh468,Enh468,ENSG00000167815,CL:0000127,CL:0000127 total RNA-seq,encode,-0.0009504556655883,0.0009504556655883,COMPLETED
Enh468_RAD23A,Enh468,Enh468,ENSG00000179262,CL:0000127,CL:0000127 total RNA-seq,encode,-0.0032451748847961,0.0032451748847961,COMPLETED
Enh468_STX10,Enh468,Enh468,ENSG00000104915,CL:0000127,CL:0000127 total RNA-seq,encode,0.0092446208000183,-0.0092446208000183,COMPLETED
Enh468_TRIR,Enh468,Enh468,ENSG00000123144,CL:0000127,CL:0000127 total RNA-seq,encode,-0.0015203952789306,0.0015203952789306,COMPLETED
Enh468_WDR83OS,Enh468,Enh468,ENSG00000105583,CL:0000127,CL:0000127 total RNA-seq,encode,0.0021524429321289,-0.0021524429321289,COMPLETED
Enh469_CALR,Enh469,Enh469,ENSG00000179218,CL:0000127,CL:0000127 total RNA-seq,encode,0.0006043910980224,-0.0006043910980224,COMPLETED
Enh469_DNASE2,Enh469,Enh469,ENSG00000105612,CL:0000127,CL:0000127 total RNA-seq,encode,-0.0012822598218917,0.0012822598218917,COMPLETED
Enh469_FARSA,Enh469,Enh469,ENSG00000179115,CL:0000127,CL:0000127 total RNA-seq,encode,0.0015735030174255,-0.0015735030174255,COMPLETED
Enh469_GADD45GIP1,Enh469,Enh469,ENSG00000179271,CL:0000127,CL:0000127 total RNA-seq,encode,-0.0014967322349548,0.0014967322349548,COMPLETED
Enh469_GET3,Enh469,Enh469,ENSG00000198356,CL:0000127,CL:0000127 total RNA-seq,encode,-0.0011060237884521,0.0011060237884521,COMPLETED
Enh469_IER2,Enh469,Enh469,ENSG00000160888,CL:0000127,CL:0000127 total RNA-seq,encode,-0.061098963022232,0.061098963022232,COMPLETED
Enh469_NACC1,Enh469,Enh469,ENSG00000160877,CL:0000127,CL:0000127 total RNA-seq,encode,-0.0042376518249511,0.0042376518249511,COMPLETED
Enh469_NFIX,Enh469,Enh469,ENSG00000008441,CL:0000127,CL:0000127 total RNA-seq,encode,0.0026392340660095,-0.0026392340660095,COMPLETED
Enh469_PRDX2,Enh469,Enh469,ENSG00000167815,CL:0000127,CL:0000127 total RNA-seq,encode,-0.0014295578002929,0.0014295578002929,COMPLETED
Enh469_RAD23A,Enh469,Enh469,ENSG00000179262,CL:0000127,CL:0000127 total RNA-seq,encode,0.0041474103927612,-0.0041474103927612,COMPLETED
Enh469_STX10,Enh469,Enh469,ENSG00000104915,CL:0000127,CL:0000127 total RNA-seq,encode,-0.0030469894409179,0.0030469894409179,COMPLETED
Enh469_TRIR,Enh469,Enh469,ENSG00000123144,CL:0000127,CL:0000127 total RNA-seq,encode,0.0006816387176513,-0.0006816387176513,COMPLETED
Enh469_WDR83OS,Enh469,Enh469,ENSG00000105583,CL:0000127,CL:0000127 total RNA-seq,encode,0.0006335973739624,-0.0006335973739624,COMPLETED
Enh46_CDC42BPA,Enh46,Enh46,ENSG00000143776,CL:0000127,CL:0000127 total RNA-seq,encode,0.0068698823451995,-0.0068698823451995,COMPLETED
Enh470_C19orf53,Enh470,Enh470,ENSG00000104979,CL:0000127,CL:0000127 total RNA-seq,encode,-0.0028528571128845,0.0028528571128845,COMPLETED
Enh471_AC020916.1,Enh471,Enh471,ENSG00000267519,CL:0000127,CL:0000127 total RNA-seq,encode,-0.1030194759368896,0.1030194759368896,COMPLETED
Enh471_C19orf53,Enh471,Enh471,ENSG00000104979,CL:0000127,CL:0000127 total RNA-seq,encode,-0.0001701116561889,0.0001701116561889,COMPLETED
Enh471_PRKACA,Enh471,Enh471,ENSG00000072062,CL:0000127,CL:0000127 total RNA-seq,encode,-0.0042324066162109,0.0042324066162109,COMPLETED
Enh472_AC020916.1,Enh472,Enh472,ENSG00000267519,CL:0000127,CL:0000127 total RNA-seq,encode,-0.0138096809387207,0.0138096809387207,COMPLETED
Enh472_C19orf53,Enh472,Enh472,ENSG00000104979,CL:0000127,CL:0000127 total RNA-seq,encode,-0.0007634758949279,0.0007634758949279,COMPLETED
Enh473_AC020916.1,Enh473,Enh473,ENSG00000267519,CL:0000127,CL:0000127 total RNA-seq,encode,-0.043431282043457,0.043431282043457,COMPLETED
Enh473_C19orf53,Enh473,Enh473,ENSG00000104979,CL:0000127,CL:0000127 total RNA-seq,encode,0.0025534629821777,-0.0025534629821777,COMPLETED
Enh473_PRKACA,Enh473,Enh473,ENSG00000072062,CL:0000127,CL:0000127 total RNA-seq,encode,-0.0019519329071044,0.0019519329071044,COMPLETED
Enh474_AC020916.1,Enh474,Enh474,ENSG00000267519,CL:0000127,CL:0000127 total RNA-seq,encode,0.0008587837219238,-0.0008587837219238,COMPLETED
Enh474_C19orf53,Enh474,Enh474,ENSG00000104979,CL:0000127,CL:0000127 total RNA-seq,encode,-0.0027862787246704,0.0027862787246704,COMPLETED
Enh475_AC020916.1,Enh475,Enh475,ENSG00000267519,CL:0000127,CL:0000127 total RNA-seq,encode,-0.2508745193481445,0.2508745193481445,COMPLETED
Enh475_C19orf53,Enh475,Enh475,ENSG00000104979,CL:0000127,CL:0000127 total RNA-seq,encode,0.0036691427230834,-0.0036691427230834,COMPLETED
Enh475_PRKACA,Enh475,Enh475,ENSG00000072062,CL:0000127,CL:0000127 total RNA-seq,encode,0.0028705596923828,-0.0028705596923828,COMPLETED
Enh475_RFX1,Enh475,Enh475,ENSG00000132005,CL:0000127,CL:0000127 total RNA-seq,encode,-0.0013201236724853,0.0013201236724853,COMPLETED
Enh476_AP1M1,Enh476,Enh476,ENSG00000072958,CL:0000127,CL:0000127 total RNA-seq,encode,-0.0035435557365417,0.0035435557365417,COMPLETED
Enh476_FAM32A,Enh476,Enh476,ENSG00000105058,CL:0000127,CL:0000127 total RNA-seq,encode,0.0001840591430664,-0.0001840591430664,COMPLETED
Enh476_RAB8A,Enh476,Enh476,ENSG00000167461,CL:0000127,CL:0000127 total RNA-seq,encode,0.0018838047981262,-0.0018838047981262,COMPLETED
Enh476_SMIM7,Enh476,Enh476,ENSG00000214046,CL:0000127,CL:0000127 total RNA-seq,encode,-0.0006923675537109,0.0006923675537109,COMPLETED
Enh476_TPM4,Enh476,Enh476,ENSG00000167460,CL:0000127,CL:0000127 total RNA-seq,encode,-0.0002610683441162,0.0002610683441162,COMPLETED
Enh477_BABAM1,Enh477,Enh477,ENSG00000105393,CL:0000127,CL:0000127 total RNA-seq,encode,0.0004426836967468,-0.0004426836967468,COMPLETED
Enh477_DDA1,Enh477,Enh477,ENSG00000130311,CL:0000127,CL:0000127 total RNA-seq,encode,0.0002855062484741,-0.0002855062484741,COMPLETED
Enh477_MRPL34,Enh477,Enh477,ENSG00000130312,CL:0000127,CL:0000127 total RNA-seq,encode,-0.0010789483785629,0.0010789483785629,COMPLETED
Enh477_MYO9B,Enh477,Enh477,ENSG00000099331,CL:0000127,CL:0000127 total RNA-seq,encode,-0.0022227466106414,0.0022227466106414,COMPLETED
Enh477_NR2F6,Enh477,Enh477,ENSG00000160113,CL:0000127,CL:0000127 total RNA-seq,encode,0.0003179311752319,-0.0003179311752319,COMPLETED
Enh477_SIN3B,Enh477,Enh477,ENSG00000127511,CL:0000127,CL:0000127 total RNA-seq,encode,-0.0173419713973999,0.0173419713973999,COMPLETED
Enh477_SLC35E1,Enh477,Enh477,ENSG00000127526,CL:0000127,CL:0000127 total RNA-seq,encode,0.0014566034078598,-0.0014566034078598,COMPLETED
Enh477_SMIM7,Enh477,Enh477,ENSG00000214046,CL:0000127,CL:0000127 total RNA-seq,encode,0.0008302330970764,-0.0008302330970764,COMPLETED
Enh477_USE1,Enh477,Enh477,ENSG00000053501,CL:0000127,CL:0000127 total RNA-seq,encode,0.0008397102355957,-0.0008397102355957,COMPLETED
Enh478_CCDC124,Enh478,Enh478,ENSG00000007080,CL:0000127,CL:0000127 total RNA-seq,encode,-0.0447946786880493,0.0447946786880493,COMPLETED
Enh478_LSM4,Enh478,Enh478,ENSG00000130520,CL:0000127,CL:0000127 total RNA-seq,encode,0.0003219246864318,-0.0003219246864318,COMPLETED
Enh478_PGLS,Enh478,Enh478,ENSG00000130313,CL:0000127,CL:0000127 total RNA-seq,encode,-0.0009466707706451,0.0009466707706451,COMPLETED
Enh478_PIK3R2,Enh478,Enh478,ENSG00000105647,CL:0000127,CL:0000127 total RNA-seq,encode,-0.0016953945159912,0.0016953945159912,COMPLETED
Enh478_RPL18A,Enh478,Enh478,ENSG00000105640,CL:0000127,CL:0000127 total RNA-seq,encode,0.0064864158630371,-0.0064864158630371,COMPLETED
Enh479_AP3D1,Enh479,Enh479,ENSG00000065000,CL:0000127,CL:0000127 total RNA-seq,encode,0.0013436675071716,-0.0013436675071716,COMPLETED
Enh479_LSM7,Enh479,Enh479,ENSG00000130332,CL:0000127,CL:0000127 total RNA-seq,encode,-0.0012066960334777,0.0012066960334777,COMPLETED
Enh479_OAZ1,Enh479,Enh479,ENSG00000104904,CL:0000127,CL:0000127 total RNA-seq,encode,0.0004100799560546,-0.0004100799560546,COMPLETED
Enh479_TIMM13,Enh479,Enh479,ENSG00000099800,CL:0000127,CL:0000127 total RNA-seq,encode,-0.0035122632980346,0.0035122632980346,COMPLETED
Enh47_RAB4A,Enh47,Enh47,ENSG00000168118,CL:0000127,CL:0000127 total RNA-seq,encode,-0.0012204870581626,0.0012204870581626,COMPLETED
Enh47_RNF187,Enh47,Enh47,ENSG00000168159,CL:0000127,CL:0000127 total RNA-seq,encode,-0.0010804203338921,0.0010804203338921,COMPLETED
Enh480_AP3D1,Enh480,Enh480,ENSG00000065000,CL:0000127,CL:0000127 total RNA-seq,encode,-0.0008728504180908,0.0008728504180908,COMPLETED
Enh480_LSM7,Enh480,Enh480,ENSG00000130332,CL:0000127,CL:0000127 total RNA-seq,encode,-0.0045318305492401,0.0045318305492401,COMPLETED
Enh480_OAZ1,Enh480,Enh480,ENSG00000104904,CL:0000127,CL:0000127 total RNA-seq,encode,0.0004475116729736,-0.0004475116729736,COMPLETED
Enh480_PLEKHJ1,Enh480,Enh480,ENSG00000104886,CL:0000127,CL:0000127 total RNA-seq,encode,0.0001233331859111,-0.0001233331859111,COMPLETED
Enh480_TIMM13,Enh480,Enh480,ENSG00000099800,CL:0000127,CL:0000127 total RNA-seq,encode,-0.0032702088356018,0.0032702088356018,COMPLETED
Enh481_AP3D1,Enh481,Enh481,ENSG00000065000,CL:0000127,CL:0000127 total RNA-seq,encode,-0.0002026557922363,0.0002026557922363,COMPLETED
Enh481_LSM7,Enh481,Enh481,ENSG00000130332,CL:0000127,CL:0000127 total RNA-seq,encode,-0.0016833841800689,0.0016833841800689,COMPLETED
Enh481_OAZ1,Enh481,Enh481,ENSG00000104904,CL:0000127,CL:0000127 total RNA-seq,encode,-0.00197434425354,0.00197434425354,COMPLETED
Enh481_TIMM13,Enh481,Enh481,ENSG00000099800,CL:0000127,CL:0000127 total RNA-seq,encode,4.392862319946289e-05,-4.392862319946289e-05,COMPLETED
Enh482_KIAA0355,Enh482,Enh482,ENSG00000166398,CL:0000127,CL:0000127 total RNA-seq,encode,-0.0007365942001342,0.0007365942001342,COMPLETED
Enh482_LSM14A,Enh482,Enh482,ENSG00000257103,CL:0000127,CL:0000127 total RNA-seq,encode,-0.0006389021873474,0.0006389021873474,COMPLETED
Enh482_PEPD,Enh482,Enh482,ENSG00000124299,CL:0000127,CL:0000127 total RNA-seq,encode,0.0007352232933044,-0.0007352232933044,COMPLETED
Enh483_GPI,Enh483,Enh483,ENSG00000105220,CL:0000127,CL:0000127 total RNA-seq,encode,0.0016478896141052,-0.0016478896141052,COMPLETED
Enh483_KIAA0355,Enh483,Enh483,ENSG00000166398,CL:0000127,CL:0000127 total RNA-seq,encode,0.0004682540893554,-0.0004682540893554,COMPLETED
Enh483_LSM14A,Enh483,Enh483,ENSG00000257103,CL:0000127,CL:0000127 total RNA-seq,encode,0.0165954232215881,-0.0165954232215881,COMPLETED
Enh484_GPI,Enh484,Enh484,ENSG00000105220,CL:0000127,CL:0000127 total RNA-seq,encode,0.0005494952201843,-0.0005494952201843,COMPLETED
Enh484_KIAA0355,Enh484,Enh484,ENSG00000166398,CL:0000127,CL:0000127 total RNA-seq,encode,0.0018866062164306,-0.0018866062164306,COMPLETED
Enh484_LSM14A,Enh484,Enh484,ENSG00000257103,CL:0000127,CL:0000127 total RNA-seq,encode,0.0022278279066085,-0.0022278279066085,COMPLETED
Enh485_GPI,Enh485,Enh485,ENSG00000105220,CL:0000127,CL:0000127 total RNA-seq,encode,-0.0014622211456298,0.0014622211456298,COMPLETED
Enh485_KIAA0355,Enh485,Enh485,ENSG00000166398,CL:0000127,CL:0000127 total RNA-seq,encode,0.0039596557617187,-0.0039596557617187,COMPLETED
Enh485_LSM14A,Enh485,Enh485,ENSG00000257103,CL:0000127,CL:0000127 total RNA-seq,encode,0.0006340593099594,-0.0006340593099594,COMPLETED
Enh485_UBA2,Enh485,Enh485,ENSG00000126261,CL:0000127,CL:0000127 total RNA-seq,encode,-0.0078176259994506,0.0078176259994506,COMPLETED
Enh486_ACTN4,Enh486,Enh486,ENSG00000130402,CL:0000127,CL:0000127 total RNA-seq,encode,0.0004794597625732,-0.0004794597625732,COMPLETED
Enh486_EIF3K,Enh486,Enh486,ENSG00000178982,CL:0000127,CL:0000127 total RNA-seq,encode,0.0013920664787292,-0.0013920664787292,COMPLETED
Enh486_HNRNPL,Enh486,Enh486,ENSG00000104824,CL:0000127,CL:0000127 total RNA-seq,encode,0.0004653930664062,-0.0004653930664062,COMPLETED
Enh486_MED29,Enh486,Enh486,ENSG00000063322,CL:0000127,CL:0000127 total RNA-seq,encode,0.0005069151520729,-0.0005069151520729,COMPLETED
Enh486_MRPS12,Enh486,Enh486,ENSG00000128626,CL:0000127,CL:0000127 total RNA-seq,encode,0.0006700456142425,-0.0006700456142425,COMPLETED
Enh486_PAF1,Enh486,Enh486,ENSG00000006712,CL:0000127,CL:0000127 total RNA-seq,encode,0.0013162791728973,-0.0013162791728973,COMPLETED
Enh486_RPS16,Enh486,Enh486,ENSG00000105193,CL:0000127,CL:0000127 total RNA-seq,encode,0.0009087324142456,-0.0009087324142456,COMPLETED
Enh486_SAMD4B,Enh486,Enh486,ENSG00000179134,CL:0000127,CL:0000127 total RNA-seq,encode,0.0026921033859252,-0.0026921033859252,COMPLETED
Enh486_SUPT5H,Enh486,Enh486,ENSG00000196235,CL:0000127,CL:0000127 total RNA-seq,encode,0.0010800659656524,-0.0010800659656524,COMPLETED
Enh486_TIMM50,Enh486,Enh486,ENSG00000105197,CL:0000127,CL:0000127 total RNA-seq,encode,0.0016433596611022,-0.0016433596611022,COMPLETED
Enh487_ACTN4,Enh487,Enh487,ENSG00000130402,CL:0000127,CL:0000127 total RNA-seq,encode,0.0043709278106689,-0.0043709278106689,COMPLETED
Enh487_ECH1,Enh487,Enh487,ENSG00000104823,CL:0000127,CL:0000127 total RNA-seq,encode,-0.0032797455787658,0.0032797455787658,COMPLETED
Enh487_EID2,Enh487,Enh487,ENSG00000176396,CL:0000127,CL:0000127 total RNA-seq,encode,-0.0048460066318511,0.0048460066318511,COMPLETED
Enh487_EIF3K,Enh487,Enh487,ENSG00000178982,CL:0000127,CL:0000127 total RNA-seq,encode,-0.0002747774124145,0.0002747774124145,COMPLETED
Enh487_FBXO17,Enh487,Enh487,ENSG00000269190,CL:0000127,CL:0000127 total RNA-seq,encode,-0.050575315952301,0.050575315952301,COMPLETED
Enh487_HNRNPL,Enh487,Enh487,ENSG00000104824,CL:0000127,CL:0000127 total RNA-seq,encode,0.0004457235336303,-0.0004457235336303,COMPLETED
Enh487_MED29,Enh487,Enh487,ENSG00000063322,CL:0000127,CL:0000127 total RNA-seq,encode,-0.004758596420288,0.004758596420288,COMPLETED
Enh487_MRPS12,Enh487,Enh487,ENSG00000128626,CL:0000127,CL:0000127 total RNA-seq,encode,-0.0034691989421844,0.0034691989421844,COMPLETED
Enh487_PAF1,Enh487,Enh487,ENSG00000006712,CL:0000127,CL:0000127 total RNA-seq,encode,-0.0025843679904937,0.0025843679904937,COMPLETED
Enh487_RPS16,Enh487,Enh487,ENSG00000105193,CL:0000127,CL:0000127 total RNA-seq,encode,-0.0030555725097656,0.0030555725097656,COMPLETED
Enh487_SAMD4B,Enh487,Enh487,ENSG00000179134,CL:0000127,CL:0000127 total RNA-seq,encode,-0.0007024407386779,0.0007024407386779,COMPLETED
Enh487_SIRT2,Enh487,Enh487,ENSG00000068903,CL:0000127,CL:0000127 total RNA-seq,encode,-0.0004604458808898,0.0004604458808898,COMPLETED
Enh487_SUPT5H,Enh487,Enh487,ENSG00000196235,CL:0000127,CL:0000127 total RNA-seq,encode,-0.0029963664710521,0.0029963664710521,COMPLETED
Enh487_TIMM50,Enh487,Enh487,ENSG00000105197,CL:0000127,CL:0000127 total RNA-seq,encode,-0.0004596412181854,0.0004596412181854,COMPLETED
Enh487_ZFP36,Enh487,Enh487,ENSG00000128016,CL:0000127,CL:0000127 total RNA-seq,encode,0.0012609958648681,-0.0012609958648681,COMPLETED
Enh488_EEF2,Enh488,Enh488,ENSG00000167658,CL:0000127,CL:0000127 total RNA-seq,encode,-0.0166242122650146,0.0166242122650146,COMPLETED
Enh488_MAP2K2,Enh488,Enh488,ENSG00000126934,CL:0000127,CL:0000127 total RNA-seq,encode,0.0002370774745941,-0.0002370774745941,COMPLETED
Enh489_PSMC4,Enh489,Enh489,ENSG00000013275,CL:0000127,CL:0000127 total RNA-seq,encode,0.002052903175354,-0.002052903175354,COMPLETED
Enh489_SERTAD1,Enh489,Enh489,ENSG00000197019,CL:0000127,CL:0000127 total RNA-seq,encode,-0.008754551410675,0.008754551410675,COMPLETED
Enh48_RAB4A,Enh48,Enh48,ENSG00000168118,CL:0000127,CL:0000127 total RNA-seq,encode,0.0008859187364578,-0.0008859187364578,COMPLETED
Enh48_RNF187,Enh48,Enh48,ENSG00000168159,CL:0000127,CL:0000127 total RNA-seq,encode,0.0008029462769627,-0.0008029462769627,COMPLETED
Enh490_BLVRB,Enh490,Enh490,ENSG00000090013,CL:0000127,CL:0000127 total RNA-seq,encode,-0.0517331361770629,0.0517331361770629,COMPLETED
Enh490_PLD3,Enh490,Enh490,ENSG00000105223,CL:0000127,CL:0000127 total RNA-seq,encode,-0.0008550882339477,0.0008550882339477,COMPLETED
Enh490_PSMC4,Enh490,Enh490,ENSG00000013275,CL:0000127,CL:0000127 total RNA-seq,encode,0.0025762319564819,-0.0025762319564819,COMPLETED
Enh490_SNRPA,Enh490,Enh490,ENSG00000077312,CL:0000127,CL:0000127 total RNA-seq,encode,-8.097290992736816e-05,8.097290992736816e-05,COMPLETED
Enh491_BLVRB,Enh491,Enh491,ENSG00000090013,CL:0000127,CL:0000127 total RNA-seq,encode,0.0033603310585021,-0.0033603310585021,COMPLETED
Enh491_PLD3,Enh491,Enh491,ENSG00000105223,CL:0000127,CL:0000127 total RNA-seq,encode,0.0021132826805114,-0.0021132826805114,COMPLETED
Enh492_AKT2,Enh492,Enh492,ENSG00000105221,CL:0000127,CL:0000127 total RNA-seq,encode,-0.0018132328987121,0.0018132328987121,COMPLETED
Enh492_BLVRB,Enh492,Enh492,ENSG00000090013,CL:0000127,CL:0000127 total RNA-seq,encode,0.0077472478151321,-0.0077472478151321,COMPLETED
Enh492_EGLN2,Enh492,Enh492,ENSG00000269858,CL:0000127,CL:0000127 total RNA-seq,encode,0.0045453011989593,-0.0045453011989593,COMPLETED
Enh492_PLD3,Enh492,Enh492,ENSG00000105223,CL:0000127,CL:0000127 total RNA-seq,encode,-0.0003930330276489,0.0003930330276489,COMPLETED
Enh492_SERTAD1,Enh492,Enh492,ENSG00000197019,CL:0000127,CL:0000127 total RNA-seq,encode,0.003490072209388,-0.003490072209388,COMPLETED
Enh492_SNRPA,Enh492,Enh492,ENSG00000077312,CL:0000127,CL:0000127 total RNA-seq,encode,0.0083182454109191,-0.0083182454109191,COMPLETED
Enh493_AP2S1,Enh493,Enh493,ENSG00000042753,CL:0000127,CL:0000127 total RNA-seq,encode,-0.0018084049224853,0.0018084049224853,COMPLETED
Enh494_AP2S1,Enh494,Enh494,ENSG00000042753,CL:0000127,CL:0000127 total RNA-seq,encode,-0.0225245952606201,0.0225245952606201,COMPLETED
Enh494_ARHGAP35,Enh494,Enh494,ENSG00000160007,CL:0000127,CL:0000127 total RNA-seq,encode,0.0149847567081451,-0.0149847567081451,COMPLETED
Enh494_CALM3,Enh494,Enh494,ENSG00000160014,CL:0000127,CL:0000127 total RNA-seq,encode,6.794929504394531e-06,-6.794929504394531e-06,COMPLETED
Enh494_TMEM160,Enh494,Enh494,ENSG00000130748,CL:0000127,CL:0000127 total RNA-seq,encode,-0.0020918250083923,0.0020918250083923,COMPLETED
Enh495_AP2S1,Enh495,Enh495,ENSG00000042753,CL:0000127,CL:0000127 total RNA-seq,encode,-0.0005441904067993,0.0005441904067993,COMPLETED
Enh495_C5AR2,Enh495,Enh495,ENSG00000134830,CL:0000127,CL:0000127 total RNA-seq,encode,-0.0015907287597656,0.0015907287597656,COMPLETED
Enh495_EHD2,Enh495,Enh495,ENSG00000024422,CL:0000127,CL:0000127 total RNA-seq,encode,0.0010380744934082,-0.0010380744934082,COMPLETED
Enh495_NAPA,Enh495,Enh495,ENSG00000105402,CL:0000127,CL:0000127 total RNA-seq,encode,0.0023942478001117,-0.0023942478001117,COMPLETED
Enh495_SAE1,Enh495,Enh495,ENSG00000142230,CL:0000127,CL:0000127 total RNA-seq,encode,-0.0019285678863525,0.0019285678863525,COMPLETED
Enh495_TMEM160,Enh495,Enh495,ENSG00000130748,CL:0000127,CL:0000127 total RNA-seq,encode,-0.0036983489990234,0.0036983489990234,COMPLETED
Enh496_AP2S1,Enh496,Enh496,ENSG00000042753,CL:0000127,CL:0000127 total RNA-seq,encode,0.0006299018859863,-0.0006299018859863,COMPLETED
Enh496_ARHGAP35,Enh496,Enh496,ENSG00000160007,CL:0000127,CL:0000127 total RNA-seq,encode,0.0004955232143402,-0.0004955232143402,COMPLETED
Enh496_EHD2,Enh496,Enh496,ENSG00000024422,CL:0000127,CL:0000127 total RNA-seq,encode,-0.0019128322601318,0.0019128322601318,COMPLETED
Enh496_NAPA,Enh496,Enh496,ENSG00000105402,CL:0000127,CL:0000127 total RNA-seq,encode,0.0029011890292167,-0.0029011890292167,COMPLETED
Enh496_SAE1,Enh496,Enh496,ENSG00000142230,CL:0000127,CL:0000127 total RNA-seq,encode,-0.0057557821273803,0.0057557821273803,COMPLETED
Enh496_TMEM160,Enh496,Enh496,ENSG00000130748,CL:0000127,CL:0000127 total RNA-seq,encode,-0.0008986592292785,0.0008986592292785,COMPLETED
Enh497_AP2S1,Enh497,Enh497,ENSG00000042753,CL:0000127,CL:0000127 total RNA-seq,encode,0.0005116462707519,-0.0005116462707519,COMPLETED
Enh497_EHD2,Enh497,Enh497,ENSG00000024422,CL:0000127,CL:0000127 total RNA-seq,encode,0.0006430149078369,-0.0006430149078369,COMPLETED
Enh497_NAPA,Enh497,Enh497,ENSG00000105402,CL:0000127,CL:0000127 total RNA-seq,encode,9.465590119361876e-05,-9.465590119361876e-05,COMPLETED
Enh497_SAE1,Enh497,Enh497,ENSG00000142230,CL:0000127,CL:0000127 total RNA-seq,encode,-0.0060451030731201,0.0060451030731201,COMPLETED
Enh497_TMEM160,Enh497,Enh497,ENSG00000130748,CL:0000127,CL:0000127 total RNA-seq,encode,-0.0030969977378845,0.0030969977378845,COMPLETED
Enh498_AP2S1,Enh498,Enh498,ENSG00000042753,CL:0000127,CL:0000127 total RNA-seq,encode,0.0004419088363647,-0.0004419088363647,COMPLETED
Enh498_ARHGAP35,Enh498,Enh498,ENSG00000160007,CL:0000127,CL:0000127 total RNA-seq,encode,0.0039500296115875,-0.0039500296115875,COMPLETED
Enh498_EHD2,Enh498,Enh498,ENSG00000024422,CL:0000127,CL:0000127 total RNA-seq,encode,0.0026032924652099,-0.0026032924652099,COMPLETED
Enh498_NAPA,Enh498,Enh498,ENSG00000105402,CL:0000127,CL:0000127 total RNA-seq,encode,0.0021865074522793,-0.0021865074522793,COMPLETED
Enh498_SAE1,Enh498,Enh498,ENSG00000142230,CL:0000127,CL:0000127 total RNA-seq,encode,-0.0289201140403747,0.0289201140403747,COMPLETED
Enh498_SLC1A5,Enh498,Enh498,ENSG00000105281,CL:0000127,CL:0000127 total RNA-seq,encode,0.0030782222747802,-0.0030782222747802,COMPLETED
Enh498_STRN4,Enh498,Enh498,ENSG00000090372,CL:0000127,CL:0000127 total RNA-seq,encode,0.0030339583754539,-0.0030339583754539,COMPLETED
Enh498_TMEM160,Enh498,Enh498,ENSG00000130748,CL:0000127,CL:0000127 total RNA-seq,encode,0.0010863542556762,-0.0010863542556762,COMPLETED
Enh499_EHD2,Enh499,Enh499,ENSG00000024422,CL:0000127,CL:0000127 total RNA-seq,encode,0.0052976608276367,-0.0052976608276367,COMPLETED
Enh499_NAPA,Enh499,Enh499,ENSG00000105402,CL:0000127,CL:0000127 total RNA-seq,encode,0.0031578317284584,-0.0031578317284584,COMPLETED
Enh499_SAE1,Enh499,Enh499,ENSG00000142230,CL:0000127,CL:0000127 total RNA-seq,encode,0.0012641549110412,-0.0012641549110412,COMPLETED
Enh499_SELENOW,Enh499,Enh499,ENSG00000178980,CL:0000127,CL:0000127 total RNA-seq,encode,0.0019116103649139,-0.0019116103649139,COMPLETED
Enh49_GALNT2,Enh49,Enh49,ENSG00000143641,CL:0000127,CL:0000127 total RNA-seq,encode,0.000994324684143,-0.000994324684143,COMPLETED
Enh4_CSDE1,Enh4,Enh4,ENSG00000009307,CL:0000127,CL:0000127 total RNA-seq,encode,0.0004150867462158,-0.0004150867462158,COMPLETED
Enh500_ALKBH7,Enh500,Enh500,ENSG00000125652,CL:0000127,CL:0000127 total RNA-seq,encode,-0.0016753673553466,0.0016753673553466,COMPLETED
Enh500_CLPP,Enh500,Enh500,ENSG00000125656,CL:0000127,CL:0000127 total RNA-seq,encode,-0.0006280094385147,0.0006280094385147,COMPLETED
Enh500_GTF2F1,Enh500,Enh500,ENSG00000125651,CL:0000127,CL:0000127 total RNA-seq,encode,0.0019153356552124,-0.0019153356552124,COMPLETED
Enh500_KHSRP,Enh500,Enh500,ENSG00000088247,CL:0000127,CL:0000127 total RNA-seq,encode,0.0027935802936553,-0.0027935802936553,COMPLETED
Enh501_ALKBH7,Enh501,Enh501,ENSG00000125652,CL:0000127,CL:0000127 total RNA-seq,encode,-0.0015925168991088,0.0015925168991088,COMPLETED
Enh501_CLPP,Enh501,Enh501,ENSG00000125656,CL:0000127,CL:0000127 total RNA-seq,encode,0.0009893327951431,-0.0009893327951431,COMPLETED
Enh501_GPR108,Enh501,Enh501,ENSG00000125734,CL:0000127,CL:0000127 total RNA-seq,encode,-0.0051636695861816,0.0051636695861816,COMPLETED
Enh501_GTF2F1,Enh501,Enh501,ENSG00000125651,CL:0000127,CL:0000127 total RNA-seq,encode,0.001656174659729,-0.001656174659729,COMPLETED
Enh501_KHSRP,Enh501,Enh501,ENSG00000088247,CL:0000127,CL:0000127 total RNA-seq,encode,-0.0004763603210449,0.0004763603210449,COMPLETED
Enh501_SLC25A23,Enh501,Enh501,ENSG00000125648,CL:0000127,CL:0000127 total RNA-seq,encode,-0.0065107941627502,0.0065107941627502,COMPLETED
Enh501_TRIP10,Enh501,Enh501,ENSG00000125733,CL:0000127,CL:0000127 total RNA-seq,encode,-0.0025369375944137,0.0025369375944137,COMPLETED
Enh502_ALKBH7,Enh502,Enh502,ENSG00000125652,CL:0000127,CL:0000127 total RNA-seq,encode,-0.0002844333648681,0.0002844333648681,COMPLETED
Enh502_CLPP,Enh502,Enh502,ENSG00000125656,CL:0000127,CL:0000127 total RNA-seq,encode,0.0010985136032104,-0.0010985136032104,COMPLETED
Enh502_GTF2F1,Enh502,Enh502,ENSG00000125651,CL:0000127,CL:0000127 total RNA-seq,encode,0.0026260614395141,-0.0026260614395141,COMPLETED
Enh502_KHSRP,Enh502,Enh502,ENSG00000088247,CL:0000127,CL:0000127 total RNA-seq,encode,0.0042088031768798,-0.0042088031768798,COMPLETED
Enh502_SLC25A23,Enh502,Enh502,ENSG00000125648,CL:0000127,CL:0000127 total RNA-seq,encode,0.0335367918014526,-0.0335367918014526,COMPLETED
Enh503_ARHGEF18,Enh503,Enh503,ENSG00000104880,CL:0000127,CL:0000127 total RNA-seq,encode,-0.0020942986011505,0.0020942986011505,COMPLETED
Enh503_GPR108,Enh503,Enh503,ENSG00000125734,CL:0000127,CL:0000127 total RNA-seq,encode,-0.0041742995381355,0.0041742995381355,COMPLETED
Enh503_MCOLN1,Enh503,Enh503,ENSG00000090674,CL:0000127,CL:0000127 total RNA-seq,encode,-0.0029171705245971,0.0029171705245971,COMPLETED
Enh503_PNPLA6,Enh503,Enh503,ENSG00000032444,CL:0000127,CL:0000127 total RNA-seq,encode,-0.0063996911048889,0.0063996911048889,COMPLETED
Enh503_TRIP10,Enh503,Enh503,ENSG00000125733,CL:0000127,CL:0000127 total RNA-seq,encode,0.0032368749380111,-0.0032368749380111,COMPLETED
Enh503_ZNF358,Enh503,Enh503,ENSG00000198816,CL:0000127,CL:0000127 total RNA-seq,encode,-0.0029962658882141,0.0029962658882141,COMPLETED
Enh504_CTXN1,Enh504,Enh504,ENSG00000178531,CL:0000127,CL:0000127 total RNA-seq,encode,0.0012048482894897,-0.0012048482894897,COMPLETED
Enh504_ELAVL1,Enh504,Enh504,ENSG00000066044,CL:0000127,CL:0000127 total RNA-seq,encode,-0.0013070628046989,0.0013070628046989,COMPLETED
Enh504_HNRNPM,Enh504,Enh504,ENSG00000099783,CL:0000127,CL:0000127 total RNA-seq,encode,0.0007084310054779,-0.0007084310054779,COMPLETED
Enh504_NDUFA7,Enh504,Enh504,ENSG00000267855,CL:0000127,CL:0000127 total RNA-seq,encode,-0.0017911568284034,0.0017911568284034,COMPLETED
Enh504_RAB11B,Enh504,Enh504,ENSG00000185236,CL:0000127,CL:0000127 total RNA-seq,encode,0.0013159047812223,-0.0013159047812223,COMPLETED
Enh504_RPS28,Enh504,Enh504,ENSG00000233927,CL:0000127,CL:0000127 total RNA-seq,encode,-0.0004423856735229,0.0004423856735229,COMPLETED
Enh504_TIMM44,Enh504,Enh504,ENSG00000104980,CL:0000127,CL:0000127 total RNA-seq,encode,0.0010099858045578,-0.0010099858045578,COMPLETED
Enh504_TRAPPC5,Enh504,Enh504,ENSG00000181029,CL:0000127,CL:0000127 total RNA-seq,encode,0.002751886844635,-0.002751886844635,COMPLETED
Enh505_CD320,Enh505,Enh505,ENSG00000167775,CL:0000127,CL:0000127 total RNA-seq,encode,0.0028673112392425,-0.0028673112392425,COMPLETED
Enh505_HNRNPM,Enh505,Enh505,ENSG00000099783,CL:0000127,CL:0000127 total RNA-seq,encode,0.0057465434074401,-0.0057465434074401,COMPLETED
Enh505_NDUFA7,Enh505,Enh505,ENSG00000267855,CL:0000127,CL:0000127 total RNA-seq,encode,0.001590259373188,-0.001590259373188,COMPLETED
Enh505_RAB11B,Enh505,Enh505,ENSG00000185236,CL:0000127,CL:0000127 total RNA-seq,encode,-5.55720180273056e-06,5.55720180273056e-06,COMPLETED
Enh505_RPS28,Enh505,Enh505,ENSG00000233927,CL:0000127,CL:0000127 total RNA-seq,encode,-0.0011048316955566,0.0011048316955566,COMPLETED
Enh506_CDC37,Enh506,Enh506,ENSG00000105401,CL:0000127,CL:0000127 total RNA-seq,encode,-0.0004692077636718,0.0004692077636718,COMPLETED
Enh506_DNMT1,Enh506,Enh506,ENSG00000130816,CL:0000127,CL:0000127 total RNA-seq,encode,-0.001484990119934,0.001484990119934,COMPLETED
Enh506_EIF3G,Enh506,Enh506,ENSG00000130811,CL:0000127,CL:0000127 total RNA-seq,encode,-0.0028283596038818,0.0028283596038818,COMPLETED
Enh506_FDX2,Enh506,Enh506,ENSG00000267673,CL:0000127,CL:0000127 total RNA-seq,encode,-0.0022231340408325,0.0022231340408325,COMPLETED
Enh506_PIN1,Enh506,Enh506,ENSG00000127445,CL:0000127,CL:0000127 total RNA-seq,encode,0.0025676451623439,-0.0025676451623439,COMPLETED
Enh506_UBL5,Enh506,Enh506,ENSG00000198258,CL:0000127,CL:0000127 total RNA-seq,encode,-0.0029066801071166,0.0029066801071166,COMPLETED
Enh507_ADAM17,Enh507,Enh507,ENSG00000151694,CL:0000127,CL:0000127 total RNA-seq,encode,0.0008351802825927,-0.0008351802825927,COMPLETED
Enh507_ODC1,Enh507,Enh507,ENSG00000115758,CL:0000127,CL:0000127 total RNA-seq,encode,-0.0003937482833862,0.0003937482833862,COMPLETED
Enh507_YWHAQ,Enh507,Enh507,ENSG00000134308,CL:0000127,CL:0000127 total RNA-seq,encode,0.0021636486053466,-0.0021636486053466,COMPLETED
Enh508_HPCAL1,Enh508,Enh508,ENSG00000115756,CL:0000127,CL:0000127 total RNA-seq,encode,-0.2889786660671234,0.2889786660671234,COMPLETED
Enh508_ODC1,Enh508,Enh508,ENSG00000115758,CL:0000127,CL:0000127 total RNA-seq,encode,-0.0014723539352416,0.0014723539352416,COMPLETED
Enh50_NTPCR,Enh50,Enh50,ENSG00000135778,CL:0000127,CL:0000127 total RNA-seq,encode,0.0019071102142333,-0.0019071102142333,COMPLETED
Enh50_SIPA1L2,Enh50,Enh50,ENSG00000116991,CL:0000127,CL:0000127 total RNA-seq,encode,-0.5905108451843262,0.5905108451843262,COMPLETED
Enh511_WDR33,Enh511,Enh511,ENSG00000136709,CL:0000127,CL:0000127 total RNA-seq,encode,3.325939178466797e-05,-3.325939178466797e-05,COMPLETED
Enh520_MZT2B,Enh520,Enh520,ENSG00000152082,CL:0000127,CL:0000127 total RNA-seq,encode,-0.0003634691238403,0.0003634691238403,COMPLETED
Enh521_RIF1,Enh521,Enh521,ENSG00000080345,CL:0000127,CL:0000127 total RNA-seq,encode,-0.0067094564437866,0.0067094564437866,COMPLETED
Enh524_GORASP2,Enh524,Enh524,ENSG00000115806,CL:0000127,CL:0000127 total RNA-seq,encode,-0.0080800242722034,0.0080800242722034,COMPLETED
Enh524_METTL8,Enh524,Enh524,ENSG00000123600,CL:0000127,CL:0000127 total RNA-seq,encode,-0.0025990009307861,0.0025990009307861,COMPLETED
Enh524_TLK1,Enh524,Enh524,ENSG00000198586,CL:0000127,CL:0000127 total RNA-seq,encode,0.001450777053833,-0.001450777053833,COMPLETED
Enh525_DNAJC10,Enh525,Enh525,ENSG00000077232,CL:0000127,CL:0000127 total RNA-seq,encode,-0.0038442611694335,0.0038442611694335,COMPLETED
Enh525_NCKAP1,Enh525,Enh525,ENSG00000061676,CL:0000127,CL:0000127 total RNA-seq,encode,-0.0022500604391098,0.0022500604391098,COMPLETED
Enh529_AGFG1,Enh529,Enh529,ENSG00000173744,CL:0000127,CL:0000127 total RNA-seq,encode,0.0039525628089904,-0.0039525628089904,COMPLETED
Enh529_MFF,Enh529,Enh529,ENSG00000168958,CL:0000127,CL:0000127 total RNA-seq,encode,0.0061172246932983,-0.0061172246932983,COMPLETED
Enh52_HNRNPR,Enh52,Enh52,ENSG00000125944,CL:0000127,CL:0000127 total RNA-seq,encode,0.001733973622322,-0.001733973622322,COMPLETED
Enh52_LUZP1,Enh52,Enh52,ENSG00000169641,CL:0000127,CL:0000127 total RNA-seq,encode,0.0006913840770721,-0.0006913840770721,COMPLETED
Enh52_RPL11,Enh52,Enh52,ENSG00000142676,CL:0000127,CL:0000127 total RNA-seq,encode,-0.0012745857238769,0.0012745857238769,COMPLETED
Enh52_SRSF10,Enh52,Enh52,ENSG00000188529,CL:0000127,CL:0000127 total RNA-seq,encode,0.0002629160881042,-0.0002629160881042,COMPLETED
Enh530_AGFG1,Enh530,Enh530,ENSG00000173744,CL:0000127,CL:0000127 total RNA-seq,encode,-0.0372107028961181,0.0372107028961181,COMPLETED
Enh530_MFF,Enh530,Enh530,ENSG00000168958,CL:0000127,CL:0000127 total RNA-seq,encode,-0.001051902770996,0.001051902770996,COMPLETED
Enh531_NCL,Enh531,Enh531,ENSG00000115053,CL:0000127,CL:0000127 total RNA-seq,encode,0.0008510649204254,-0.0008510649204254,COMPLETED
Enh531_PTMA,Enh531,Enh531,ENSG00000187514,CL:0000127,CL:0000127 total RNA-seq,encode,-0.0005500316619873,0.0005500316619873,COMPLETED
Enh532_NCL,Enh532,Enh532,ENSG00000115053,CL:0000127,CL:0000127 total RNA-seq,encode,-0.0015540719032287,0.0015540719032287,COMPLETED
Enh532_PTMA,Enh532,Enh532,ENSG00000187514,CL:0000127,CL:0000127 total RNA-seq,encode,-0.005556583404541,0.005556583404541,COMPLETED
Enh533_NCL,Enh533,Enh533,ENSG00000115053,CL:0000127,CL:0000127 total RNA-seq,encode,-0.0055567324161529,0.0055567324161529,COMPLETED
Enh533_PTMA,Enh533,Enh533,ENSG00000187514,CL:0000127,CL:0000127 total RNA-seq,encode,-0.0047798156738281,0.0047798156738281,COMPLETED
Enh534_NCL,Enh534,Enh534,ENSG00000115053,CL:0000127,CL:0000127 total RNA-seq,encode,-0.0017804205417633,0.0017804205417633,COMPLETED
Enh534_PTMA,Enh534,Enh534,ENSG00000187514,CL:0000127,CL:0000127 total RNA-seq,encode,-0.0004255771636962,0.0004255771636962,COMPLETED
Enh535_NCL,Enh535,Enh535,ENSG00000115053,CL:0000127,CL:0000127 total RNA-seq,encode,0.002392441034317,-0.002392441034317,COMPLETED
Enh535_PTMA,Enh535,Enh535,ENSG00000187514,CL:0000127,CL:0000127 total RNA-seq,encode,-0.0182051658630371,0.0182051658630371,COMPLETED
Enh536_NCL,Enh536,Enh536,ENSG00000115053,CL:0000127,CL:0000127 total RNA-seq,encode,-0.0050964951515197,0.0050964951515197,COMPLETED
Enh536_PTMA,Enh536,Enh536,ENSG00000187514,CL:0000127,CL:0000127 total RNA-seq,encode,-0.0200321674346923,0.0200321674346923,COMPLETED
Enh537_NCL,Enh537,Enh537,ENSG00000115053,CL:0000127,CL:0000127 total RNA-seq,encode,0.0010521411895751,-0.0010521411895751,COMPLETED
Enh537_PTMA,Enh537,Enh537,ENSG00000187514,CL:0000127,CL:0000127 total RNA-seq,encode,-0.0170319080352783,0.0170319080352783,COMPLETED
Enh538_NCL,Enh538,Enh538,ENSG00000115053,CL:0000127,CL:0000127 total RNA-seq,encode,-0.002224713563919,0.002224713563919,COMPLETED
Enh538_PTMA,Enh538,Enh538,ENSG00000187514,CL:0000127,CL:0000127 total RNA-seq,encode,-0.0050654411315917,0.0050654411315917,COMPLETED
Enh539_NCL,Enh539,Enh539,ENSG00000115053,CL:0000127,CL:0000127 total RNA-seq,encode,-0.0019020140171051,0.0019020140171051,COMPLETED
Enh539_PTMA,Enh539,Enh539,ENSG00000187514,CL:0000127,CL:0000127 total RNA-seq,encode,-0.008751630783081,0.008751630783081,COMPLETED
Enh53_ELOA,Enh53,Enh53,ENSG00000011007,CL:0000127,CL:0000127 total RNA-seq,encode,-0.002895358018577,0.002895358018577,COMPLETED
Enh53_HMGCL,Enh53,Enh53,ENSG00000117305,CL:0000127,CL:0000127 total RNA-seq,encode,-0.0008937120437622,0.0008937120437622,COMPLETED
Enh53_HNRNPR,Enh53,Enh53,ENSG00000125944,CL:0000127,CL:0000127 total RNA-seq,encode,-0.000167578458786,0.000167578458786,COMPLETED
Enh53_ID3,Enh53,Enh53,ENSG00000117318,CL:0000127,CL:0000127 total RNA-seq,encode,-0.0121412277221679,0.0121412277221679,COMPLETED
Enh53_LUZP1,Enh53,Enh53,ENSG00000169641,CL:0000127,CL:0000127 total RNA-seq,encode,-0.0012442469596862,0.0012442469596862,COMPLETED
Enh53_LYPLA2,Enh53,Enh53,ENSG00000011009,CL:0000127,CL:0000127 total RNA-seq,encode,-0.0024259090423583,0.0024259090423583,COMPLETED
Enh53_PITHD1,Enh53,Enh53,ENSG00000057757,CL:0000127,CL:0000127 total RNA-seq,encode,0.0001170635223388,-0.0001170635223388,COMPLETED
Enh53_PNRC2,Enh53,Enh53,ENSG00000189266,CL:0000127,CL:0000127 total RNA-seq,encode,-0.0002520680427551,0.0002520680427551,COMPLETED
Enh53_RPL11,Enh53,Enh53,ENSG00000142676,CL:0000127,CL:0000127 total RNA-seq,encode,-0.0014986991882324,0.0014986991882324,COMPLETED
Enh53_SRSF10,Enh53,Enh53,ENSG00000188529,CL:0000127,CL:0000127 total RNA-seq,encode,-0.0006436705589294,0.0006436705589294,COMPLETED
Enh53_TCEA3,Enh53,Enh53,ENSG00000204219,CL:0000127,CL:0000127 total RNA-seq,encode,0.0085941553115844,-0.0085941553115844,COMPLETED
Enh540_NCL,Enh540,Enh540,ENSG00000115053,CL:0000127,CL:0000127 total RNA-seq,encode,-0.0007602870464324,0.0007602870464324,COMPLETED
Enh540_PTMA,Enh540,Enh540,ENSG00000187514,CL:0000127,CL:0000127 total RNA-seq,encode,0.0166740417480468,-0.0166740417480468,COMPLETED
Enh541_NCL,Enh541,Enh541,ENSG00000115053,CL:0000127,CL:0000127 total RNA-seq,encode,-0.0014120638370513,0.0014120638370513,COMPLETED
Enh541_PTMA,Enh541,Enh541,ENSG00000187514,CL:0000127,CL:0000127 total RNA-seq,encode,-0.0180845260620117,0.0180845260620117,COMPLETED
Enh542_NCL,Enh542,Enh542,ENSG00000115053,CL:0000127,CL:0000127 total RNA-seq,encode,-0.0006365180015563,0.0006365180015563,COMPLETED
Enh542_PTMA,Enh542,Enh542,ENSG00000187514,CL:0000127,CL:0000127 total RNA-seq,encode,0.0054249763488769,-0.0054249763488769,COMPLETED
Enh545_LRRFIP1,Enh545,Enh545,ENSG00000124831,CL:0000127,CL:0000127 total RNA-seq,encode,0.0011334419250488,-0.0011334419250488,COMPLETED
Enh546_LRRFIP1,Enh546,Enh546,ENSG00000124831,CL:0000127,CL:0000127 total RNA-seq,encode,0.0067633986473083,-0.0067633986473083,COMPLETED
Enh547_COPS9,Enh547,Enh547,ENSG00000172428,CL:0000127,CL:0000127 total RNA-seq,encode,-0.0021782517433166,0.0021782517433166,COMPLETED
Enh547_GPC1,Enh547,Enh547,ENSG00000063660,CL:0000127,CL:0000127 total RNA-seq,encode,-0.1715090870857238,0.1715090870857238,COMPLETED
Enh547_NDUFA10,Enh547,Enh547,ENSG00000130414,CL:0000127,CL:0000127 total RNA-seq,encode,-0.0023620128631591,0.0023620128631591,COMPLETED
Enh548_GPC1,Enh548,Enh548,ENSG00000063660,CL:0000127,CL:0000127 total RNA-seq,encode,0.0020368099212646,-0.0020368099212646,COMPLETED
Enh548_HDLBP,Enh548,Enh548,ENSG00000115677,CL:0000127,CL:0000127 total RNA-seq,encode,0.0018644332885742,-0.0018644332885742,COMPLETED
Enh548_PPP1R7,Enh548,Enh548,ENSG00000115685,CL:0000127,CL:0000127 total RNA-seq,encode,-0.000228464603424,0.000228464603424,COMPLETED
Enh548_SEPTIN2,Enh548,Enh548,ENSG00000168385,CL:0000127,CL:0000127 total RNA-seq,encode,-0.0003049373626708,0.0003049373626708,COMPLETED
Enh549_DTYMK,Enh549,Enh549,ENSG00000168393,CL:0000127,CL:0000127 total RNA-seq,encode,-0.0032624900341033,0.0032624900341033,COMPLETED
Enh549_HDLBP,Enh549,Enh549,ENSG00000115677,CL:0000127,CL:0000127 total RNA-seq,encode,0.0024328231811523,-0.0024328231811523,COMPLETED
Enh549_PPP1R7,Enh549,Enh549,ENSG00000115685,CL:0000127,CL:0000127 total RNA-seq,encode,0.0002451241016387,-0.0002451241016387,COMPLETED
Enh549_SEPTIN2,Enh549,Enh549,ENSG00000168385,CL:0000127,CL:0000127 total RNA-seq,encode,0.0010195970535278,-0.0010195970535278,COMPLETED
Enh54_ELOA,Enh54,Enh54,ENSG00000011007,CL:0000127,CL:0000127 total RNA-seq,encode,-0.0008738748729228,0.0008738748729228,COMPLETED
Enh54_HNRNPR,Enh54,Enh54,ENSG00000125944,CL:0000127,CL:0000127 total RNA-seq,encode,0.0002212822437286,-0.0002212822437286,COMPLETED
Enh54_ID3,Enh54,Enh54,ENSG00000117318,CL:0000127,CL:0000127 total RNA-seq,encode,-0.1707452535629272,0.1707452535629272,COMPLETED
Enh54_LUZP1,Enh54,Enh54,ENSG00000169641,CL:0000127,CL:0000127 total RNA-seq,encode,-0.0001473724842071,0.0001473724842071,COMPLETED
Enh54_PITHD1,Enh54,Enh54,ENSG00000057757,CL:0000127,CL:0000127 total RNA-seq,encode,-0.0021387338638305,0.0021387338638305,COMPLETED
Enh54_PNRC2,Enh54,Enh54,ENSG00000189266,CL:0000127,CL:0000127 total RNA-seq,encode,-0.001009464263916,0.001009464263916,COMPLETED
Enh54_RPL11,Enh54,Enh54,ENSG00000142676,CL:0000127,CL:0000127 total RNA-seq,encode,0.0015599727630615,-0.0015599727630615,COMPLETED
Enh54_SRSF10,Enh54,Enh54,ENSG00000188529,CL:0000127,CL:0000127 total RNA-seq,encode,-0.001027226448059,0.001027226448059,COMPLETED
Enh550_PTRHD1,Enh550,Enh550,ENSG00000184924,CL:0000127,CL:0000127 total RNA-seq,encode,0.002261996269226,-0.002261996269226,COMPLETED
Enh551_HADHA,Enh551,Enh551,ENSG00000084754,CL:0000127,CL:0000127 total RNA-seq,encode,-0.0015879869461059,0.0015879869461059,COMPLETED
Enh551_HADHB,Enh551,Enh551,ENSG00000138029,CL:0000127,CL:0000127 total RNA-seq,encode,-0.0030897259712219,0.0030897259712219,COMPLETED
Enh551_RAB10,Enh551,Enh551,ENSG00000084733,CL:0000127,CL:0000127 total RNA-seq,encode,-0.0023027658462524,0.0023027658462524,COMPLETED
Enh552_HADHA,Enh552,Enh552,ENSG00000084754,CL:0000127,CL:0000127 total RNA-seq,encode,-0.0002973079681396,0.0002973079681396,COMPLETED
Enh552_HADHB,Enh552,Enh552,ENSG00000138029,CL:0000127,CL:0000127 total RNA-seq,encode,-0.0002782940864562,0.0002782940864562,COMPLETED
Enh552_RAB10,Enh552,Enh552,ENSG00000084733,CL:0000127,CL:0000127 total RNA-seq,encode,-0.0133782625198364,0.0133782625198364,COMPLETED
Enh553_EIF2B4,Enh553,Enh553,ENSG00000115211,CL:0000127,CL:0000127 total RNA-seq,encode,-0.0010233521461486,0.0010233521461486,COMPLETED
Enh553_MPV17,Enh553,Enh553,ENSG00000115204,CL:0000127,CL:0000127 total RNA-seq,encode,0.0003445744514465,-0.0003445744514465,COMPLETED
Enh553_MRPL33,Enh553,Enh553,ENSG00000243147,CL:0000127,CL:0000127 total RNA-seq,encode,-0.00344780087471,0.00344780087471,COMPLETED
Enh553_NRBP1,Enh553,Enh553,ENSG00000115216,CL:0000127,CL:0000127 total RNA-seq,encode,-0.0013140439987182,0.0013140439987182,COMPLETED
Enh553_PPM1G,Enh553,Enh553,ENSG00000115241,CL:0000127,CL:0000127 total RNA-seq,encode,0.0016108751296997,-0.0016108751296997,COMPLETED
Enh553_SLC4A1AP,Enh553,Enh553,ENSG00000163798,CL:0000127,CL:0000127 total RNA-seq,encode,-0.0006755590438842,0.0006755590438842,COMPLETED
Enh553_SNX17,Enh553,Enh553,ENSG00000115234,CL:0000127,CL:0000127 total RNA-seq,encode,0.0007351636886596,-0.0007351636886596,COMPLETED
Enh554_EIF2B4,Enh554,Enh554,ENSG00000115211,CL:0000127,CL:0000127 total RNA-seq,encode,0.0003294944763183,-0.0003294944763183,COMPLETED
Enh554_MPV17,Enh554,Enh554,ENSG00000115204,CL:0000127,CL:0000127 total RNA-seq,encode,-0.0009528398513793,0.0009528398513793,COMPLETED
Enh554_MRPL33,Enh554,Enh554,ENSG00000243147,CL:0000127,CL:0000127 total RNA-seq,encode,0.0032928884029388,-0.0032928884029388,COMPLETED
Enh554_NRBP1,Enh554,Enh554,ENSG00000115216,CL:0000127,CL:0000127 total RNA-seq,encode,0.0002075433731079,-0.0002075433731079,COMPLETED
Enh554_PPM1G,Enh554,Enh554,ENSG00000115241,CL:0000127,CL:0000127 total RNA-seq,encode,0.0013668537139892,-0.0013668537139892,COMPLETED
Enh554_SNX17,Enh554,Enh554,ENSG00000115234,CL:0000127,CL:0000127 total RNA-seq,encode,0.0006101131439208,-0.0006101131439208,COMPLETED
Enh555_EIF2B4,Enh555,Enh555,ENSG00000115211,CL:0000127,CL:0000127 total RNA-seq,encode,-0.0026924610137939,0.0026924610137939,COMPLETED
Enh555_MPV17,Enh555,Enh555,ENSG00000115204,CL:0000127,CL:0000127 total RNA-seq,encode,-0.00245201587677,0.00245201587677,COMPLETED
Enh555_MRPL33,Enh555,Enh555,ENSG00000243147,CL:0000127,CL:0000127 total RNA-seq,encode,-0.0049688220024108,0.0049688220024108,COMPLETED
Enh555_NRBP1,Enh555,Enh555,ENSG00000115216,CL:0000127,CL:0000127 total RNA-seq,encode,-0.0012145638465881,0.0012145638465881,COMPLETED
Enh555_PPM1G,Enh555,Enh555,ENSG00000115241,CL:0000127,CL:0000127 total RNA-seq,encode,0.0009741783142089,-0.0009741783142089,COMPLETED
Enh555_SNX17,Enh555,Enh555,ENSG00000115234,CL:0000127,CL:0000127 total RNA-seq,encode,-0.0001717805862426,0.0001717805862426,COMPLETED
Enh556_EIF2B4,Enh556,Enh556,ENSG00000115211,CL:0000127,CL:0000127 total RNA-seq,encode,-0.0013348460197448,0.0013348460197448,COMPLETED
Enh556_MPV17,Enh556,Enh556,ENSG00000115204,CL:0000127,CL:0000127 total RNA-seq,encode,-0.0016515254974365,0.0016515254974365,COMPLETED
Enh556_MRPL33,Enh556,Enh556,ENSG00000243147,CL:0000127,CL:0000127 total RNA-seq,encode,-0.0064215958118438,0.0064215958118438,COMPLETED
Enh556_NRBP1,Enh556,Enh556,ENSG00000115216,CL:0000127,CL:0000127 total RNA-seq,encode,0.0008584856986999,-0.0008584856986999,COMPLETED
Enh556_PPM1G,Enh556,Enh556,ENSG00000115241,CL:0000127,CL:0000127 total RNA-seq,encode,0.001450777053833,-0.001450777053833,COMPLETED
Enh556_SNX17,Enh556,Enh556,ENSG00000115234,CL:0000127,CL:0000127 total RNA-seq,encode,0.0002659559249877,-0.0002659559249877,COMPLETED
Enh557_PPP1CB,Enh557,Enh557,ENSG00000213639,CL:0000127,CL:0000127 total RNA-seq,encode,0.0015201568603515,-0.0015201568603515,COMPLETED
Enh558_YPEL5,Enh558,Enh558,ENSG00000119801,CL:0000127,CL:0000127 total RNA-seq,encode,-0.0031622052192687,0.0031622052192687,COMPLETED
Enh55_ELOA,Enh55,Enh55,ENSG00000011007,CL:0000127,CL:0000127 total RNA-seq,encode,-0.0002604015171527,0.0002604015171527,COMPLETED
Enh55_ID3,Enh55,Enh55,ENSG00000117318,CL:0000127,CL:0000127 total RNA-seq,encode,-0.0002679824829101,0.0002679824829101,COMPLETED
Enh55_LYPLA2,Enh55,Enh55,ENSG00000011009,CL:0000127,CL:0000127 total RNA-seq,encode,-0.0003265738487243,0.0003265738487243,COMPLETED
Enh55_NIPAL3,Enh55,Enh55,ENSG00000001461,CL:0000127,CL:0000127 total RNA-seq,encode,0.002530038356781,-0.002530038356781,COMPLETED
Enh55_PITHD1,Enh55,Enh55,ENSG00000057757,CL:0000127,CL:0000127 total RNA-seq,encode,-0.0001908540725708,0.0001908540725708,COMPLETED
Enh55_PNRC2,Enh55,Enh55,ENSG00000189266,CL:0000127,CL:0000127 total RNA-seq,encode,-0.0365135669708251,0.0365135669708251,COMPLETED
Enh55_RPL11,Enh55,Enh55,ENSG00000142676,CL:0000127,CL:0000127 total RNA-seq,encode,-0.0001184940338134,0.0001184940338134,COMPLETED
Enh55_SRSF10,Enh55,Enh55,ENSG00000188529,CL:0000127,CL:0000127 total RNA-seq,encode,-0.106555163860321,0.106555163860321,COMPLETED
Enh560_YPEL5,Enh560,Enh560,ENSG00000119801,CL:0000127,CL:0000127 total RNA-seq,encode,-0.0037638545036315,0.0037638545036315,COMPLETED
Enh561_EML4,Enh561,Enh561,ENSG00000143924,CL:0000127,CL:0000127 total RNA-seq,encode,0.0007160902023315,-0.0007160902023315,COMPLETED
Enh562_COX7A2L,Enh562,Enh562,ENSG00000115944,CL:0000127,CL:0000127 total RNA-seq,encode,-0.0005600154399871,0.0005600154399871,COMPLETED
Enh563_LRPPRC,Enh563,Enh563,ENSG00000138095,CL:0000127,CL:0000127 total RNA-seq,encode,0.0030928254127502,-0.0030928254127502,COMPLETED
Enh563_PREPL,Enh563,Enh563,ENSG00000138078,CL:0000127,CL:0000127 total RNA-seq,encode,0.0007467195391654,-0.0007467195391654,COMPLETED
Enh564_LRPPRC,Enh564,Enh564,ENSG00000138095,CL:0000127,CL:0000127 total RNA-seq,encode,0.0019212961196899,-0.0019212961196899,COMPLETED
Enh564_PREPL,Enh564,Enh564,ENSG00000138078,CL:0000127,CL:0000127 total RNA-seq,encode,0.0010599270462989,-0.0010599270462989,COMPLETED
Enh566_RPS27A,Enh566,Enh566,ENSG00000143947,CL:0000127,CL:0000127 total RNA-seq,encode,0.0011947154998779,-0.0011947154998779,COMPLETED
Enh566_RTN4,Enh566,Enh566,ENSG00000115310,CL:0000127,CL:0000127 total RNA-seq,encode,0.0013473033905029,-0.0013473033905029,COMPLETED
Enh567_PPP4R3B,Enh567,Enh567,ENSG00000275052,CL:0000127,CL:0000127 total RNA-seq,encode,-0.0003313422203063,0.0003313422203063,COMPLETED
Enh567_RPS27A,Enh567,Enh567,ENSG00000143947,CL:0000127,CL:0000127 total RNA-seq,encode,-0.0011138916015625,0.0011138916015625,COMPLETED
Enh567_RTN4,Enh567,Enh567,ENSG00000115310,CL:0000127,CL:0000127 total RNA-seq,encode,-0.0124009847640991,0.0124009847640991,COMPLETED
Enh568_CCDC88A,Enh568,Enh568,ENSG00000115355,CL:0000127,CL:0000127 total RNA-seq,encode,0.0013988018035888,-0.0013988018035888,COMPLETED
Enh568_CFAP36,Enh568,Enh568,ENSG00000163001,CL:0000127,CL:0000127 total RNA-seq,encode,0.0019111633300781,-0.0019111633300781,COMPLETED
Enh568_MTIF2,Enh568,Enh568,ENSG00000085760,CL:0000127,CL:0000127 total RNA-seq,encode,-0.0019998252391815,0.0019998252391815,COMPLETED
Enh568_RPS27A,Enh568,Enh568,ENSG00000143947,CL:0000127,CL:0000127 total RNA-seq,encode,-0.0010139942169189,0.0010139942169189,COMPLETED
Enh568_RTN4,Enh568,Enh568,ENSG00000115310,CL:0000127,CL:0000127 total RNA-seq,encode,-0.0093590021133422,0.0093590021133422,COMPLETED
Enh569_CCDC88A,Enh569,Enh569,ENSG00000115355,CL:0000127,CL:0000127 total RNA-seq,encode,-0.0042104721069335,0.0042104721069335,COMPLETED
Enh569_CFAP36,Enh569,Enh569,ENSG00000163001,CL:0000127,CL:0000127 total RNA-seq,encode,-0.0033483505249023,0.0033483505249023,COMPLETED
Enh569_MTIF2,Enh569,Enh569,ENSG00000085760,CL:0000127,CL:0000127 total RNA-seq,encode,-0.0042737424373626,0.0042737424373626,COMPLETED
Enh569_PPP4R3B,Enh569,Enh569,ENSG00000275052,CL:0000127,CL:0000127 total RNA-seq,encode,-0.000892698764801,0.000892698764801,COMPLETED
Enh569_RPS27A,Enh569,Enh569,ENSG00000143947,CL:0000127,CL:0000127 total RNA-seq,encode,-0.0031130313873291,0.0031130313873291,COMPLETED
Enh569_RTN4,Enh569,Enh569,ENSG00000115310,CL:0000127,CL:0000127 total RNA-seq,encode,-0.0217909812927246,0.0217909812927246,COMPLETED
Enh56_CLIC4,Enh56,Enh56,ENSG00000169504,CL:0000127,CL:0000127 total RNA-seq,encode,0.000751256942749,-0.000751256942749,COMPLETED
Enh56_LYPLA2,Enh56,Enh56,ENSG00000011009,CL:0000127,CL:0000127 total RNA-seq,encode,0.0050802826881408,-0.0050802826881408,COMPLETED
Enh56_NIPAL3,Enh56,Enh56,ENSG00000001461,CL:0000127,CL:0000127 total RNA-seq,encode,0.0038993954658508,-0.0038993954658508,COMPLETED
Enh56_PNRC2,Enh56,Enh56,ENSG00000189266,CL:0000127,CL:0000127 total RNA-seq,encode,-0.0033689737319946,0.0033689737319946,COMPLETED
Enh56_SRRM1,Enh56,Enh56,ENSG00000133226,CL:0000127,CL:0000127 total RNA-seq,encode,0.0021140575408935,-0.0021140575408935,COMPLETED
Enh56_SRSF10,Enh56,Enh56,ENSG00000188529,CL:0000127,CL:0000127 total RNA-seq,encode,0.0014150738716125,-0.0014150738716125,COMPLETED
Enh570_CCDC88A,Enh570,Enh570,ENSG00000115355,CL:0000127,CL:0000127 total RNA-seq,encode,0.0004987716674804,-0.0004987716674804,COMPLETED
Enh570_CFAP36,Enh570,Enh570,ENSG00000163001,CL:0000127,CL:0000127 total RNA-seq,encode,0.001008927822113,-0.001008927822113,COMPLETED
Enh570_MTIF2,Enh570,Enh570,ENSG00000085760,CL:0000127,CL:0000127 total RNA-seq,encode,-0.0014028847217559,0.0014028847217559,COMPLETED
Enh570_RPS27A,Enh570,Enh570,ENSG00000143947,CL:0000127,CL:0000127 total RNA-seq,encode,2.5033950805664062e-06,-2.5033950805664062e-06,COMPLETED
Enh570_RTN4,Enh570,Enh570,ENSG00000115310,CL:0000127,CL:0000127 total RNA-seq,encode,-0.0091664791107177,0.0091664791107177,COMPLETED
Enh571_CFAP36,Enh571,Enh571,ENSG00000163001,CL:0000127,CL:0000127 total RNA-seq,encode,0.0010385513305664,-0.0010385513305664,COMPLETED
Enh571_RPS27A,Enh571,Enh571,ENSG00000143947,CL:0000127,CL:0000127 total RNA-seq,encode,0.0038840770721435,-0.0038840770721435,COMPLETED
Enh571_RTN4,Enh571,Enh571,ENSG00000115310,CL:0000127,CL:0000127 total RNA-seq,encode,0.0008431673049926,-0.0008431673049926,COMPLETED
Enh572_CCDC88A,Enh572,Enh572,ENSG00000115355,CL:0000127,CL:0000127 total RNA-seq,encode,0.0027945041656494,-0.0027945041656494,COMPLETED
Enh572_CFAP36,Enh572,Enh572,ENSG00000163001,CL:0000127,CL:0000127 total RNA-seq,encode,0.0021595358848571,-0.0021595358848571,COMPLETED
Enh572_MTIF2,Enh572,Enh572,ENSG00000085760,CL:0000127,CL:0000127 total RNA-seq,encode,0.0001662969589233,-0.0001662969589233,COMPLETED
Enh572_RPS27A,Enh572,Enh572,ENSG00000143947,CL:0000127,CL:0000127 total RNA-seq,encode,-0.0007046461105346,0.0007046461105346,COMPLETED
Enh572_RTN4,Enh572,Enh572,ENSG00000115310,CL:0000127,CL:0000127 total RNA-seq,encode,-0.0031872987747192,0.0031872987747192,COMPLETED
Enh573_CCDC88A,Enh573,Enh573,ENSG00000115355,CL:0000127,CL:0000127 total RNA-seq,encode,0.0145444869995117,-0.0145444869995117,COMPLETED
Enh573_CFAP36,Enh573,Enh573,ENSG00000163001,CL:0000127,CL:0000127 total RNA-seq,encode,0.0039750933647155,-0.0039750933647155,COMPLETED
Enh573_RPS27A,Enh573,Enh573,ENSG00000143947,CL:0000127,CL:0000127 total RNA-seq,encode,0.0055718421936035,-0.0055718421936035,COMPLETED
Enh573_RTN4,Enh573,Enh573,ENSG00000115310,CL:0000127,CL:0000127 total RNA-seq,encode,-0.0043059587478637,0.0043059587478637,COMPLETED
Enh574_CCT4,Enh574,Enh574,ENSG00000115484,CL:0000127,CL:0000127 total RNA-seq,encode,0.0007046461105346,-0.0007046461105346,COMPLETED
Enh574_COMMD1,Enh574,Enh574,ENSG00000173163,CL:0000127,CL:0000127 total RNA-seq,encode,0.0010244250297546,-0.0010244250297546,COMPLETED
Enh574_USP34,Enh574,Enh574,ENSG00000115464,CL:0000127,CL:0000127 total RNA-seq,encode,0.0018882155418395,-0.0018882155418395,COMPLETED
Enh574_XPO1,Enh574,Enh574,ENSG00000082898,CL:0000127,CL:0000127 total RNA-seq,encode,0.0016065686941146,-0.0016065686941146,COMPLETED
Enh575_CCT4,Enh575,Enh575,ENSG00000115484,CL:0000127,CL:0000127 total RNA-seq,encode,-0.003136396408081,0.003136396408081,COMPLETED
Enh575_COMMD1,Enh575,Enh575,ENSG00000173163,CL:0000127,CL:0000127 total RNA-seq,encode,-0.0028912425041198,0.0028912425041198,COMPLETED
Enh575_USP34,Enh575,Enh575,ENSG00000115464,CL:0000127,CL:0000127 total RNA-seq,encode,0.0013018250465393,-0.0013018250465393,COMPLETED
Enh575_XPO1,Enh575,Enh575,ENSG00000082898,CL:0000127,CL:0000127 total RNA-seq,encode,-0.0004627108573913,0.0004627108573913,COMPLETED
Enh576_CCT4,Enh576,Enh576,ENSG00000115484,CL:0000127,CL:0000127 total RNA-seq,encode,-0.0017766952514648,0.0017766952514648,COMPLETED
Enh576_COMMD1,Enh576,Enh576,ENSG00000173163,CL:0000127,CL:0000127 total RNA-seq,encode,-0.002295970916748,0.002295970916748,COMPLETED
Enh576_USP34,Enh576,Enh576,ENSG00000115464,CL:0000127,CL:0000127 total RNA-seq,encode,0.0010874271392822,-0.0010874271392822,COMPLETED
Enh576_XPO1,Enh576,Enh576,ENSG00000082898,CL:0000127,CL:0000127 total RNA-seq,encode,-0.0029338896274566,0.0029338896274566,COMPLETED
Enh577_CCT4,Enh577,Enh577,ENSG00000115484,CL:0000127,CL:0000127 total RNA-seq,encode,-0.0116652250289917,0.0116652250289917,COMPLETED
Enh577_COMMD1,Enh577,Enh577,ENSG00000173163,CL:0000127,CL:0000127 total RNA-seq,encode,-0.0064218044281005,0.0064218044281005,COMPLETED
Enh577_USP34,Enh577,Enh577,ENSG00000115464,CL:0000127,CL:0000127 total RNA-seq,encode,-0.0073131918907165,0.0073131918907165,COMPLETED
Enh577_XPO1,Enh577,Enh577,ENSG00000082898,CL:0000127,CL:0000127 total RNA-seq,encode,-0.005015343427658,0.005015343427658,COMPLETED
Enh57_ADSS,Enh57,Enh57,ENSG00000035687,CL:0000127,CL:0000127 total RNA-seq,encode,0.0190902650356292,-0.0190902650356292,COMPLETED
Enh580_MDH1,Enh580,Enh580,ENSG00000014641,CL:0000127,CL:0000127 total RNA-seq,encode,0.001907467842102,-0.001907467842102,COMPLETED
Enh581_MDH1,Enh581,Enh581,ENSG00000014641,CL:0000127,CL:0000127 total RNA-seq,encode,0.0007088184356689,-0.0007088184356689,COMPLETED
Enh582_SERTAD2,Enh582,Enh582,ENSG00000179833,CL:0000127,CL:0000127 total RNA-seq,encode,0.0001509189605712,-0.0001509189605712,COMPLETED
Enh583_SERTAD2,Enh583,Enh583,ENSG00000179833,CL:0000127,CL:0000127 total RNA-seq,encode,0.0021984577178955,-0.0021984577178955,COMPLETED
Enh585_ACTR2,Enh585,Enh585,ENSG00000138071,CL:0000127,CL:0000127 total RNA-seq,encode,0.0003596544265747,-0.0003596544265747,COMPLETED
Enh585_RAB1A,Enh585,Enh585,ENSG00000138069,CL:0000127,CL:0000127 total RNA-seq,encode,-0.0002035498619079,0.0002035498619079,COMPLETED
Enh585_SERTAD2,Enh585,Enh585,ENSG00000179833,CL:0000127,CL:0000127 total RNA-seq,encode,0.0292192697525024,-0.0292192697525024,COMPLETED
Enh586_ACTR2,Enh586,Enh586,ENSG00000138071,CL:0000127,CL:0000127 total RNA-seq,encode,0.0020887851715087,-0.0020887851715087,COMPLETED
Enh586_RAB1A,Enh586,Enh586,ENSG00000138069,CL:0000127,CL:0000127 total RNA-seq,encode,-0.0012809038162231,0.0012809038162231,COMPLETED
Enh587_ACTR2,Enh587,Enh587,ENSG00000138071,CL:0000127,CL:0000127 total RNA-seq,encode,0.0006942749023437,-0.0006942749023437,COMPLETED
Enh587_RAB1A,Enh587,Enh587,ENSG00000138069,CL:0000127,CL:0000127 total RNA-seq,encode,0.0002236366271972,-0.0002236366271972,COMPLETED
Enh587_SERTAD2,Enh587,Enh587,ENSG00000179833,CL:0000127,CL:0000127 total RNA-seq,encode,0.0250678062438964,-0.0250678062438964,COMPLETED
Enh588_ACTR2,Enh588,Enh588,ENSG00000138071,CL:0000127,CL:0000127 total RNA-seq,encode,-0.0151139497756958,0.0151139497756958,COMPLETED
Enh588_RAB1A,Enh588,Enh588,ENSG00000138069,CL:0000127,CL:0000127 total RNA-seq,encode,0.0027046203613281,-0.0027046203613281,COMPLETED
Enh589_IAH1,Enh589,Enh589,ENSG00000134330,CL:0000127,CL:0000127 total RNA-seq,encode,0.001905620098114,-0.001905620098114,COMPLETED
Enh589_ITGB1BP1,Enh589,Enh589,ENSG00000119185,CL:0000127,CL:0000127 total RNA-seq,encode,0.0001818537712097,-0.0001818537712097,COMPLETED
Enh589_KIDINS220,Enh589,Enh589,ENSG00000134313,CL:0000127,CL:0000127 total RNA-seq,encode,-0.0004664659500122,0.0004664659500122,COMPLETED
Enh589_YWHAQ,Enh589,Enh589,ENSG00000134308,CL:0000127,CL:0000127 total RNA-seq,encode,0.0010309219360351,-0.0010309219360351,COMPLETED
Enh58_ADSS,Enh58,Enh58,ENSG00000035687,CL:0000127,CL:0000127 total RNA-seq,encode,-0.0093974471092224,0.0093974471092224,COMPLETED
Enh58_AKT3,Enh58,Enh58,ENSG00000117020,CL:0000127,CL:0000127 total RNA-seq,encode,-0.0121581554412841,0.0121581554412841,COMPLETED
Enh58_DESI2,Enh58,Enh58,ENSG00000121644,CL:0000127,CL:0000127 total RNA-seq,encode,-0.0021864175796508,0.0021864175796508,COMPLETED
Enh590_XRN2,Enh590,Enh590,ENSG00000088930,CL:0000127,CL:0000127 total RNA-seq,encode,0.0078486204147338,-0.0078486204147338,COMPLETED
Enh591_XRN2,Enh591,Enh591,ENSG00000088930,CL:0000127,CL:0000127 total RNA-seq,encode,0.0037310123443603,-0.0037310123443603,COMPLETED
Enh592_CST2,Enh592,Enh592,ENSG00000170369,CL:0000127,CL:0000127 total RNA-seq,encode,0.0170388221740722,-0.0170388221740722,COMPLETED
Enh592_CST3,Enh592,Enh592,ENSG00000101439,CL:0000127,CL:0000127 total RNA-seq,encode,-0.2001861929893493,0.2001861929893493,COMPLETED
Enh593_BCL2L1,Enh593,Enh593,ENSG00000171552,CL:0000127,CL:0000127 total RNA-seq,encode,-0.0230445861816406,0.0230445861816406,COMPLETED
Enh593_HM13,Enh593,Enh593,ENSG00000101294,CL:0000127,CL:0000127 total RNA-seq,encode,-0.0069603435695171,0.0069603435695171,COMPLETED
Enh593_ID1,Enh593,Enh593,ENSG00000125968,CL:0000127,CL:0000127 total RNA-seq,encode,-0.0008172988891601,0.0008172988891601,COMPLETED
Enh594_BCL2L1,Enh594,Enh594,ENSG00000171552,CL:0000127,CL:0000127 total RNA-seq,encode,-0.0145821571350097,0.0145821571350097,COMPLETED
Enh594_HM13,Enh594,Enh594,ENSG00000101294,CL:0000127,CL:0000127 total RNA-seq,encode,0.0023010370787233,-0.0023010370787233,COMPLETED
Enh594_ID1,Enh594,Enh594,ENSG00000125968,CL:0000127,CL:0000127 total RNA-seq,encode,0.0024924278259277,-0.0024924278259277,COMPLETED
Enh594_TM9SF4,Enh594,Enh594,ENSG00000101337,CL:0000127,CL:0000127 total RNA-seq,encode,-5.2288174629211426e-05,5.2288174629211426e-05,COMPLETED
Enh594_TPX2,Enh594,Enh594,ENSG00000088325,CL:0000127,CL:0000127 total RNA-seq,encode,0.000746876001358,-0.000746876001358,COMPLETED
Enh595_BCL2L1,Enh595,Enh595,ENSG00000171552,CL:0000127,CL:0000127 total RNA-seq,encode,0.0001044273376464,-0.0001044273376464,COMPLETED
Enh595_HM13,Enh595,Enh595,ENSG00000101294,CL:0000127,CL:0000127 total RNA-seq,encode,0.0019419677555561,-0.0019419677555561,COMPLETED
Enh595_KIF3B,Enh595,Enh595,ENSG00000101350,CL:0000127,CL:0000127 total RNA-seq,encode,-0.0017464160919189,0.0017464160919189,COMPLETED
Enh596_ASXL1,Enh596,Enh596,ENSG00000171456,CL:0000127,CL:0000127 total RNA-seq,encode,-0.0016648769378662,0.0016648769378662,COMPLETED
Enh596_COMMD7,Enh596,Enh596,ENSG00000149600,CL:0000127,CL:0000127 total RNA-seq,encode,-0.0038703978061676,0.0038703978061676,COMPLETED
Enh596_MAPRE1,Enh596,Enh596,ENSG00000101367,CL:0000127,CL:0000127 total RNA-seq,encode,0.0003516674041748,-0.0003516674041748,COMPLETED
Enh597_COMMD7,Enh597,Enh597,ENSG00000149600,CL:0000127,CL:0000127 total RNA-seq,encode,0.0007685422897338,-0.0007685422897338,COMPLETED
Enh597_MAPRE1,Enh597,Enh597,ENSG00000101367,CL:0000127,CL:0000127 total RNA-seq,encode,-0.0006914138793945,0.0006914138793945,COMPLETED
Enh598_MAPRE1,Enh598,Enh598,ENSG00000101367,CL:0000127,CL:0000127 total RNA-seq,encode,0.0009170770645141,-0.0009170770645141,COMPLETED
Enh599_CHMP4B,Enh599,Enh599,ENSG00000101421,CL:0000127,CL:0000127 total RNA-seq,encode,-0.0009315013885498,0.0009315013885498,COMPLETED
Enh599_EIF2S2,Enh599,Enh599,ENSG00000125977,CL:0000127,CL:0000127 total RNA-seq,encode,0.0032171010971069,-0.0032171010971069,COMPLETED
Enh599_ITCH,Enh599,Enh599,ENSG00000078747,CL:0000127,CL:0000127 total RNA-seq,encode,-0.0006315410137176,0.0006315410137176,COMPLETED
Enh599_RALY,Enh599,Enh599,ENSG00000125970,CL:0000127,CL:0000127 total RNA-seq,encode,-0.0064463466405868,0.0064463466405868,COMPLETED
Enh59_ADSS,Enh59,Enh59,ENSG00000035687,CL:0000127,CL:0000127 total RNA-seq,encode,-0.0060995221138,0.0060995221138,COMPLETED
Enh59_DESI2,Enh59,Enh59,ENSG00000121644,CL:0000127,CL:0000127 total RNA-seq,encode,-0.0001916289329528,0.0001916289329528,COMPLETED
Enh5_BCAS2,Enh5,Enh5,ENSG00000116752,CL:0000127,CL:0000127 total RNA-seq,encode,-0.0034487247467041,0.0034487247467041,COMPLETED
Enh5_CSDE1,Enh5,Enh5,ENSG00000009307,CL:0000127,CL:0000127 total RNA-seq,encode,-0.0002262592315673,0.0002262592315673,COMPLETED
Enh5_TRIM33,Enh5,Enh5,ENSG00000197323,CL:0000127,CL:0000127 total RNA-seq,encode,0.0395052433013916,-0.0395052433013916,COMPLETED
Enh600_BLCAP,Enh600,Enh600,ENSG00000166619,CL:0000127,CL:0000127 total RNA-seq,encode,-0.0004884600639343,0.0004884600639343,COMPLETED
Enh600_CTNNBL1,Enh600,Enh600,ENSG00000132792,CL:0000127,CL:0000127 total RNA-seq,encode,-0.0016408860683441,0.0016408860683441,COMPLETED
Enh600_MANBAL,Enh600,Enh600,ENSG00000101363,CL:0000127,CL:0000127 total RNA-seq,encode,0.0025581568479537,-0.0025581568479537,COMPLETED
Enh600_RPN2,Enh600,Enh600,ENSG00000118705,CL:0000127,CL:0000127 total RNA-seq,encode,-0.0067880153656005,0.0067880153656005,COMPLETED
Enh603_C20orf27,Enh603,Enh603,ENSG00000101220,CL:0000127,CL:0000127 total RNA-seq,encode,-0.0034272372722625,0.0034272372722625,COMPLETED
Enh603_RNF24,Enh603,Enh603,ENSG00000101236,CL:0000127,CL:0000127 total RNA-seq,encode,-0.0027073621749877,0.0027073621749877,COMPLETED
Enh607_TMEM230,Enh607,Enh607,ENSG00000089063,CL:0000127,CL:0000127 total RNA-seq,encode,-0.0020003914833068,0.0020003914833068,COMPLETED
Enh612_APP,Enh612,Enh612,ENSG00000142192,CL:0000127,CL:0000127 total RNA-seq,encode,0.0016920566558837,-0.0016920566558837,COMPLETED
Enh612_ATP5PF,Enh612,Enh612,ENSG00000154723,CL:0000127,CL:0000127 total RNA-seq,encode,-9.194016456604004e-05,9.194016456604004e-05,COMPLETED
Enh614_TTC3,Enh614,Enh614,ENSG00000182670,CL:0000127,CL:0000127 total RNA-seq,encode,-0.00022953748703,0.00022953748703,COMPLETED
Enh615_TTC3,Enh615,Enh615,ENSG00000182670,CL:0000127,CL:0000127 total RNA-seq,encode,-0.0009880661964416,0.0009880661964416,COMPLETED
Enh616_CHCHD10,Enh616,Enh616,ENSG00000250479,CL:0000127,CL:0000127 total RNA-seq,encode,-0.0011940002441406,0.0011940002441406,COMPLETED
Enh616_DDT,Enh616,Enh616,ENSG00000099977,CL:0000127,CL:0000127 total RNA-seq,encode,-0.0019292831420898,0.0019292831420898,COMPLETED
Enh616_MIF,Enh616,Enh616,ENSG00000240972,CL:0000127,CL:0000127 total RNA-seq,encode,0.0016005039215087,-0.0016005039215087,COMPLETED
Enh616_SMARCB1,Enh616,Enh616,ENSG00000099956,CL:0000127,CL:0000127 total RNA-seq,encode,-0.0047559738159179,0.0047559738159179,COMPLETED
Enh617_CHCHD10,Enh617,Enh617,ENSG00000250479,CL:0000127,CL:0000127 total RNA-seq,encode,-0.0008461475372314,0.0008461475372314,COMPLETED
Enh617_DDT,Enh617,Enh617,ENSG00000099977,CL:0000127,CL:0000127 total RNA-seq,encode,-0.002880573272705,0.002880573272705,COMPLETED
Enh617_MIF,Enh617,Enh617,ENSG00000240972,CL:0000127,CL:0000127 total RNA-seq,encode,-3.409385681152344e-05,3.409385681152344e-05,COMPLETED
Enh617_SNRPD3,Enh617,Enh617,ENSG00000100028,CL:0000127,CL:0000127 total RNA-seq,encode,-0.002137929201126,0.002137929201126,COMPLETED
Enh619_PITPNB,Enh619,Enh619,ENSG00000180957,CL:0000127,CL:0000127 total RNA-seq,encode,0.0008262246847152,-0.0008262246847152,COMPLETED
Enh61_ADSS,Enh61,Enh61,ENSG00000035687,CL:0000127,CL:0000127 total RNA-seq,encode,0.0055533051490783,-0.0055533051490783,COMPLETED
Enh61_COX20,Enh61,Enh61,ENSG00000203667,CL:0000127,CL:0000127 total RNA-seq,encode,-0.0002459287643432,0.0002459287643432,COMPLETED
Enh61_DESI2,Enh61,Enh61,ENSG00000121644,CL:0000127,CL:0000127 total RNA-seq,encode,0.0005383491516113,-0.0005383491516113,COMPLETED
Enh620_AP1B1,Enh620,Enh620,ENSG00000100280,CL:0000127,CL:0000127 total RNA-seq,encode,-0.0007968246936798,0.0007968246936798,COMPLETED
Enh620_ASCC2,Enh620,Enh620,ENSG00000100325,CL:0000127,CL:0000127 total RNA-seq,encode,-0.0143459141254425,0.0143459141254425,COMPLETED
Enh620_NF2,Enh620,Enh620,ENSG00000186575,CL:0000127,CL:0000127 total RNA-seq,encode,-0.001288890838623,0.001288890838623,COMPLETED
Enh620_NIPSNAP1,Enh620,Enh620,ENSG00000184117,CL:0000127,CL:0000127 total RNA-seq,encode,0.0033562183380126,-0.0033562183380126,COMPLETED
Enh620_UQCR10,Enh620,Enh620,ENSG00000184076,CL:0000127,CL:0000127 total RNA-seq,encode,-0.0036500096321105,0.0036500096321105,COMPLETED
Enh621_HMGXB4,Enh621,Enh621,ENSG00000100281,CL:0000127,CL:0000127 total RNA-seq,encode,0.0321577787399292,-0.0321577787399292,COMPLETED
Enh622_HMGXB4,Enh622,Enh622,ENSG00000100281,CL:0000127,CL:0000127 total RNA-seq,encode,0.000234842300415,-0.000234842300415,COMPLETED
Enh623_HMGXB4,Enh623,Enh623,ENSG00000100281,CL:0000127,CL:0000127 total RNA-seq,encode,-0.0003575086593627,0.0003575086593627,COMPLETED
Enh624_RBFOX2,Enh624,Enh624,ENSG00000100320,CL:0000127,CL:0000127 total RNA-seq,encode,0.0006122589111328,-0.0006122589111328,COMPLETED
Enh625_EIF3D,Enh625,Enh625,ENSG00000100353,CL:0000127,CL:0000127 total RNA-seq,encode,0.0008250474929809,-0.0008250474929809,COMPLETED
Enh625_MYH9,Enh625,Enh625,ENSG00000100345,CL:0000127,CL:0000127 total RNA-seq,encode,0.002286672592163,-0.002286672592163,COMPLETED
Enh625_RBFOX2,Enh625,Enh625,ENSG00000100320,CL:0000127,CL:0000127 total RNA-seq,encode,-0.0037712752819061,0.0037712752819061,COMPLETED
Enh625_TXN2,Enh625,Enh625,ENSG00000100348,CL:0000127,CL:0000127 total RNA-seq,encode,-0.0001967549324035,0.0001967549324035,COMPLETED
Enh626_EIF3D,Enh626,Enh626,ENSG00000100353,CL:0000127,CL:0000127 total RNA-seq,encode,-0.0009694099426269,0.0009694099426269,COMPLETED
Enh626_MYH9,Enh626,Enh626,ENSG00000100345,CL:0000127,CL:0000127 total RNA-seq,encode,-0.003183364868164,0.003183364868164,COMPLETED
Enh626_RBFOX2,Enh626,Enh626,ENSG00000100320,CL:0000127,CL:0000127 total RNA-seq,encode,0.0032001733779907,-0.0032001733779907,COMPLETED
Enh626_TXN2,Enh626,Enh626,ENSG00000100348,CL:0000127,CL:0000127 total RNA-seq,encode,0.0172825455665588,-0.0172825455665588,COMPLETED
Enh627_EIF3D,Enh627,Enh627,ENSG00000100353,CL:0000127,CL:0000127 total RNA-seq,encode,-0.0010209083557128,0.0010209083557128,COMPLETED
Enh627_MPST,Enh627,Enh627,ENSG00000128309,CL:0000127,CL:0000127 total RNA-seq,encode,-0.0053462237119674,0.0053462237119674,COMPLETED
Enh627_TXN2,Enh627,Enh627,ENSG00000100348,CL:0000127,CL:0000127 total RNA-seq,encode,0.0012065172195434,-0.0012065172195434,COMPLETED
Enh628_CSNK1E,Enh628,Enh628,ENSG00000213923,CL:0000127,CL:0000127 total RNA-seq,encode,-0.0010813474655151,0.0010813474655151,COMPLETED
Enh628_EIF3L,Enh628,Enh628,ENSG00000100129,CL:0000127,CL:0000127 total RNA-seq,encode,-0.008076786994934,0.008076786994934,COMPLETED
Enh628_LGALS1,Enh628,Enh628,ENSG00000100097,CL:0000127,CL:0000127 total RNA-seq,encode,-0.0028550624847412,0.0028550624847412,COMPLETED
Enh628_POLR2F,Enh628,Enh628,ENSG00000100142,CL:0000127,CL:0000127 total RNA-seq,encode,-0.0048404932022094,0.0048404932022094,COMPLETED
Enh628_TRIOBP,Enh628,Enh628,ENSG00000100106,CL:0000127,CL:0000127 total RNA-seq,encode,-0.0001924932003021,0.0001924932003021,COMPLETED
Enh629_CSNK1E,Enh629,Enh629,ENSG00000213923,CL:0000127,CL:0000127 total RNA-seq,encode,0.002629816532135,-0.002629816532135,COMPLETED
Enh629_DDX17,Enh629,Enh629,ENSG00000100201,CL:0000127,CL:0000127 total RNA-seq,encode,0.0010373592376708,-0.0010373592376708,COMPLETED
Enh629_EIF3L,Enh629,Enh629,ENSG00000100129,CL:0000127,CL:0000127 total RNA-seq,encode,0.0001848936080932,-0.0001848936080932,COMPLETED
Enh629_LGALS1,Enh629,Enh629,ENSG00000100097,CL:0000127,CL:0000127 total RNA-seq,encode,0.0015985965728759,-0.0015985965728759,COMPLETED
Enh629_POLR2F,Enh629,Enh629,ENSG00000100142,CL:0000127,CL:0000127 total RNA-seq,encode,-0.009013295173645,0.009013295173645,COMPLETED
Enh629_TRIOBP,Enh629,Enh629,ENSG00000100106,CL:0000127,CL:0000127 total RNA-seq,encode,0.0002598762512207,-0.0002598762512207,COMPLETED
Enh62_CLIC4,Enh62,Enh62,ENSG00000169504,CL:0000127,CL:0000127 total RNA-seq,encode,-0.0115838050842285,0.0115838050842285,COMPLETED
Enh62_SRRM1,Enh62,Enh62,ENSG00000133226,CL:0000127,CL:0000127 total RNA-seq,encode,-0.0023912191390991,0.0023912191390991,COMPLETED
Enh630_CBX6,Enh630,Enh630,ENSG00000183741,CL:0000127,CL:0000127 total RNA-seq,encode,0.0009747445583343,-0.0009747445583343,COMPLETED
Enh630_CSNK1E,Enh630,Enh630,ENSG00000213923,CL:0000127,CL:0000127 total RNA-seq,encode,0.0019007325172424,-0.0019007325172424,COMPLETED
Enh630_DDX17,Enh630,Enh630,ENSG00000100201,CL:0000127,CL:0000127 total RNA-seq,encode,0.0039610862731933,-0.0039610862731933,COMPLETED
Enh630_JOSD1,Enh630,Enh630,ENSG00000100221,CL:0000127,CL:0000127 total RNA-seq,encode,-0.0021237134933471,0.0021237134933471,COMPLETED
Enh630_TOMM22,Enh630,Enh630,ENSG00000100216,CL:0000127,CL:0000127 total RNA-seq,encode,0.0022791624069213,-0.0022791624069213,COMPLETED
Enh631_APOBEC3C,Enh631,Enh631,ENSG00000244509,CL:0000127,CL:0000127 total RNA-seq,encode,0.0082338601350784,-0.0082338601350784,COMPLETED
Enh631_CBX6,Enh631,Enh631,ENSG00000183741,CL:0000127,CL:0000127 total RNA-seq,encode,0.0004674643278121,-0.0004674643278121,COMPLETED
Enh631_DDX17,Enh631,Enh631,ENSG00000100201,CL:0000127,CL:0000127 total RNA-seq,encode,0.0001095533370971,-0.0001095533370971,COMPLETED
Enh631_RPL3,Enh631,Enh631,ENSG00000100316,CL:0000127,CL:0000127 total RNA-seq,encode,0.0006458759307861,-0.0006458759307861,COMPLETED
Enh631_TOMM22,Enh631,Enh631,ENSG00000100216,CL:0000127,CL:0000127 total RNA-seq,encode,-0.0001914501190185,0.0001914501190185,COMPLETED
Enh632_APOBEC3C,Enh632,Enh632,ENSG00000244509,CL:0000127,CL:0000127 total RNA-seq,encode,-0.0153317749500274,0.0153317749500274,COMPLETED
Enh632_ATF4,Enh632,Enh632,ENSG00000128272,CL:0000127,CL:0000127 total RNA-seq,encode,-0.0031361579895019,0.0031361579895019,COMPLETED
Enh632_CBX6,Enh632,Enh632,ENSG00000183741,CL:0000127,CL:0000127 total RNA-seq,encode,-0.0043830871582031,0.0043830871582031,COMPLETED
Enh632_MIEF1,Enh632,Enh632,ENSG00000100335,CL:0000127,CL:0000127 total RNA-seq,encode,-0.0038220882415771,0.0038220882415771,COMPLETED
Enh632_RPL3,Enh632,Enh632,ENSG00000100316,CL:0000127,CL:0000127 total RNA-seq,encode,-0.0265963077545166,0.0265963077545166,COMPLETED
Enh632_RPS19BP1,Enh632,Enh632,ENSG00000187051,CL:0000127,CL:0000127 total RNA-seq,encode,0.0021971985697746,-0.0021971985697746,COMPLETED
Enh632_TOMM22,Enh632,Enh632,ENSG00000100216,CL:0000127,CL:0000127 total RNA-seq,encode,-0.0018395781517028,0.0018395781517028,COMPLETED
Enh633_APOBEC3C,Enh633,Enh633,ENSG00000244509,CL:0000127,CL:0000127 total RNA-seq,encode,-0.0019197911024093,0.0019197911024093,COMPLETED
Enh633_ATF4,Enh633,Enh633,ENSG00000128272,CL:0000127,CL:0000127 total RNA-seq,encode,0.0017974376678466,-0.0017974376678466,COMPLETED
Enh633_MIEF1,Enh633,Enh633,ENSG00000100335,CL:0000127,CL:0000127 total RNA-seq,encode,-0.0008984208106994,0.0008984208106994,COMPLETED
Enh633_RPL3,Enh633,Enh633,ENSG00000100316,CL:0000127,CL:0000127 total RNA-seq,encode,-0.0002245903015136,0.0002245903015136,COMPLETED
Enh633_RPS19BP1,Enh633,Enh633,ENSG00000187051,CL:0000127,CL:0000127 total RNA-seq,encode,0.0006627887487411,-0.0006627887487411,COMPLETED
Enh634_ADSL,Enh634,Enh634,ENSG00000239900,CL:0000127,CL:0000127 total RNA-seq,encode,0.000644564628601,-0.000644564628601,COMPLETED
Enh634_EP300,Enh634,Enh634,ENSG00000100393,CL:0000127,CL:0000127 total RNA-seq,encode,0.0002883672714233,-0.0002883672714233,COMPLETED
Enh634_RBX1,Enh634,Enh634,ENSG00000100387,CL:0000127,CL:0000127 total RNA-seq,encode,-0.0020016953349113,0.0020016953349113,COMPLETED
Enh634_ST13,Enh634,Enh634,ENSG00000100380,CL:0000127,CL:0000127 total RNA-seq,encode,-0.004616379737854,0.004616379737854,COMPLETED
Enh635_ADSL,Enh635,Enh635,ENSG00000239900,CL:0000127,CL:0000127 total RNA-seq,encode,0.0011832118034362,-0.0011832118034362,COMPLETED
Enh635_EP300,Enh635,Enh635,ENSG00000100393,CL:0000127,CL:0000127 total RNA-seq,encode,-0.0005130767822265,0.0005130767822265,COMPLETED
Enh635_RBX1,Enh635,Enh635,ENSG00000100387,CL:0000127,CL:0000127 total RNA-seq,encode,-0.0008468851447105,0.0008468851447105,COMPLETED
Enh635_ST13,Enh635,Enh635,ENSG00000100380,CL:0000127,CL:0000127 total RNA-seq,encode,-0.0001242160797119,0.0001242160797119,COMPLETED
Enh636_ACO2,Enh636,Enh636,ENSG00000100412,CL:0000127,CL:0000127 total RNA-seq,encode,-0.0004451945424079,0.0004451945424079,COMPLETED
Enh636_EP300,Enh636,Enh636,ENSG00000100393,CL:0000127,CL:0000127 total RNA-seq,encode,-0.0267202854156494,0.0267202854156494,COMPLETED
Enh636_L3MBTL2,Enh636,Enh636,ENSG00000100395,CL:0000127,CL:0000127 total RNA-seq,encode,-0.0031671524047851,0.0031671524047851,COMPLETED
Enh636_PHF5A,Enh636,Enh636,ENSG00000100410,CL:0000127,CL:0000127 total RNA-seq,encode,-0.0022776126861572,0.0022776126861572,COMPLETED
Enh636_RANGAP1,Enh636,Enh636,ENSG00000100401,CL:0000127,CL:0000127 total RNA-seq,encode,0.0017479658126831,-0.0017479658126831,COMPLETED
Enh636_RBX1,Enh636,Enh636,ENSG00000100387,CL:0000127,CL:0000127 total RNA-seq,encode,-0.0082791298627853,0.0082791298627853,COMPLETED
Enh636_SLC25A17,Enh636,Enh636,ENSG00000100372,CL:0000127,CL:0000127 total RNA-seq,encode,0.0034085512161254,-0.0034085512161254,COMPLETED
Enh636_ST13,Enh636,Enh636,ENSG00000100380,CL:0000127,CL:0000127 total RNA-seq,encode,-0.0017921924591064,0.0017921924591064,COMPLETED
Enh636_TOB2,Enh636,Enh636,ENSG00000183864,CL:0000127,CL:0000127 total RNA-seq,encode,0.0045814514160156,-0.0045814514160156,COMPLETED
Enh636_ZC3H7B,Enh636,Enh636,ENSG00000100403,CL:0000127,CL:0000127 total RNA-seq,encode,0.0018818229436874,-0.0018818229436874,COMPLETED
Enh637_EP300,Enh637,Enh637,ENSG00000100393,CL:0000127,CL:0000127 total RNA-seq,encode,-0.0005651712417602,0.0005651712417602,COMPLETED
Enh637_RANGAP1,Enh637,Enh637,ENSG00000100401,CL:0000127,CL:0000127 total RNA-seq,encode,0.0006235241889953,-0.0006235241889953,COMPLETED
Enh637_RBX1,Enh637,Enh637,ENSG00000100387,CL:0000127,CL:0000127 total RNA-seq,encode,-0.0015671104192733,0.0015671104192733,COMPLETED
Enh637_ST13,Enh637,Enh637,ENSG00000100380,CL:0000127,CL:0000127 total RNA-seq,encode,0.0006773471832275,-0.0006773471832275,COMPLETED
Enh637_ZC3H7B,Enh637,Enh637,ENSG00000100403,CL:0000127,CL:0000127 total RNA-seq,encode,0.0019252002239227,-0.0019252002239227,COMPLETED
Enh638_ACO2,Enh638,Enh638,ENSG00000100412,CL:0000127,CL:0000127 total RNA-seq,encode,0.0035450085997581,-0.0035450085997581,COMPLETED
Enh638_EP300,Enh638,Enh638,ENSG00000100393,CL:0000127,CL:0000127 total RNA-seq,encode,0.0002096891403198,-0.0002096891403198,COMPLETED
Enh638_PHF5A,Enh638,Enh638,ENSG00000100410,CL:0000127,CL:0000127 total RNA-seq,encode,0.0005474686622619,-0.0005474686622619,COMPLETED
Enh638_PMM1,Enh638,Enh638,ENSG00000100417,CL:0000127,CL:0000127 total RNA-seq,encode,-0.0009328126907348,0.0009328126907348,COMPLETED
Enh638_RANGAP1,Enh638,Enh638,ENSG00000100401,CL:0000127,CL:0000127 total RNA-seq,encode,0.0020279586315155,-0.0020279586315155,COMPLETED
Enh638_RBX1,Enh638,Enh638,ENSG00000100387,CL:0000127,CL:0000127 total RNA-seq,encode,-0.0005503296852111,0.0005503296852111,COMPLETED
Enh638_SNU13,Enh638,Enh638,ENSG00000100138,CL:0000127,CL:0000127 total RNA-seq,encode,4.559755325317383e-05,-4.559755325317383e-05,COMPLETED
Enh638_XRCC6,Enh638,Enh638,ENSG00000196419,CL:0000127,CL:0000127 total RNA-seq,encode,-0.000356912612915,0.000356912612915,COMPLETED
Enh638_ZC3H7B,Enh638,Enh638,ENSG00000100403,CL:0000127,CL:0000127 total RNA-seq,encode,-0.0015656948089599,0.0015656948089599,COMPLETED
Enh639_EP300,Enh639,Enh639,ENSG00000100393,CL:0000127,CL:0000127 total RNA-seq,encode,0.0046237707138061,-0.0046237707138061,COMPLETED
Enh639_RANGAP1,Enh639,Enh639,ENSG00000100401,CL:0000127,CL:0000127 total RNA-seq,encode,0.0018221735954284,-0.0018221735954284,COMPLETED
Enh639_RBX1,Enh639,Enh639,ENSG00000100387,CL:0000127,CL:0000127 total RNA-seq,encode,0.0002940893173217,-0.0002940893173217,COMPLETED
Enh639_SNU13,Enh639,Enh639,ENSG00000100138,CL:0000127,CL:0000127 total RNA-seq,encode,0.001082956790924,-0.001082956790924,COMPLETED
Enh639_XRCC6,Enh639,Enh639,ENSG00000196419,CL:0000127,CL:0000127 total RNA-seq,encode,0.0018179416656494,-0.0018179416656494,COMPLETED
Enh639_ZC3H7B,Enh639,Enh639,ENSG00000100403,CL:0000127,CL:0000127 total RNA-seq,encode,-0.0086498409509658,0.0086498409509658,COMPLETED
Enh63_CLIC4,Enh63,Enh63,ENSG00000169504,CL:0000127,CL:0000127 total RNA-seq,encode,-0.0115888118743896,0.0115888118743896,COMPLETED
Enh63_NIPAL3,Enh63,Enh63,ENSG00000001461,CL:0000127,CL:0000127 total RNA-seq,encode,0.0003921389579772,-0.0003921389579772,COMPLETED
Enh63_SRRM1,Enh63,Enh63,ENSG00000133226,CL:0000127,CL:0000127 total RNA-seq,encode,0.000929832458496,-0.000929832458496,COMPLETED
Enh63_SYF2,Enh63,Enh63,ENSG00000117614,CL:0000127,CL:0000127 total RNA-seq,encode,-0.0005855858325958,0.0005855858325958,COMPLETED
Enh640_ACO2,Enh640,Enh640,ENSG00000100412,CL:0000127,CL:0000127 total RNA-seq,encode,-0.0321668907999992,0.0321668907999992,COMPLETED
Enh640_DESI1,Enh640,Enh640,ENSG00000100418,CL:0000127,CL:0000127 total RNA-seq,encode,-0.0051951855421066,0.0051951855421066,COMPLETED
Enh640_EP300,Enh640,Enh640,ENSG00000100393,CL:0000127,CL:0000127 total RNA-seq,encode,-0.0034579038619995,0.0034579038619995,COMPLETED
Enh640_PHF5A,Enh640,Enh640,ENSG00000100410,CL:0000127,CL:0000127 total RNA-seq,encode,-0.0172265768051147,0.0172265768051147,COMPLETED
Enh640_PMM1,Enh640,Enh640,ENSG00000100417,CL:0000127,CL:0000127 total RNA-seq,encode,-0.0072801113128662,0.0072801113128662,COMPLETED
Enh640_POLR3H,Enh640,Enh640,ENSG00000100413,CL:0000127,CL:0000127 total RNA-seq,encode,-0.0091411471366882,0.0091411471366882,COMPLETED
Enh640_RANGAP1,Enh640,Enh640,ENSG00000100401,CL:0000127,CL:0000127 total RNA-seq,encode,-0.007564753293991,0.007564753293991,COMPLETED
Enh640_RBX1,Enh640,Enh640,ENSG00000100387,CL:0000127,CL:0000127 total RNA-seq,encode,-0.0056532174348831,0.0056532174348831,COMPLETED
Enh640_SNU13,Enh640,Enh640,ENSG00000100138,CL:0000127,CL:0000127 total RNA-seq,encode,-0.0022656917572021,0.0022656917572021,COMPLETED
Enh640_TOB2,Enh640,Enh640,ENSG00000183864,CL:0000127,CL:0000127 total RNA-seq,encode,-0.0780052244663238,0.0780052244663238,COMPLETED
Enh640_XRCC6,Enh640,Enh640,ENSG00000196419,CL:0000127,CL:0000127 total RNA-seq,encode,-0.0034296512603759,0.0034296512603759,COMPLETED
Enh640_ZC3H7B,Enh640,Enh640,ENSG00000100403,CL:0000127,CL:0000127 total RNA-seq,encode,-0.0088861435651779,0.0088861435651779,COMPLETED
Enh641_RANGAP1,Enh641,Enh641,ENSG00000100401,CL:0000127,CL:0000127 total RNA-seq,encode,0.0015274286270141,-0.0015274286270141,COMPLETED
Enh641_RBX1,Enh641,Enh641,ENSG00000100387,CL:0000127,CL:0000127 total RNA-seq,encode,0.0006887912750244,-0.0006887912750244,COMPLETED
Enh641_SNU13,Enh641,Enh641,ENSG00000100138,CL:0000127,CL:0000127 total RNA-seq,encode,-0.0012961030006408,0.0012961030006408,COMPLETED
Enh641_XRCC6,Enh641,Enh641,ENSG00000196419,CL:0000127,CL:0000127 total RNA-seq,encode,-0.0003309249877929,0.0003309249877929,COMPLETED
Enh642_ATXN10,Enh642,Enh642,ENSG00000130638,CL:0000127,CL:0000127 total RNA-seq,encode,-0.0006627440452575,0.0006627440452575,COMPLETED
Enh643_ATXN10,Enh643,Enh643,ENSG00000130638,CL:0000127,CL:0000127 total RNA-seq,encode,0.0003725290298461,-0.0003725290298461,COMPLETED
Enh644_ATXN10,Enh644,Enh644,ENSG00000130638,CL:0000127,CL:0000127 total RNA-seq,encode,0.0012410283088684,-0.0012410283088684,COMPLETED
Enh644_FBLN1,Enh644,Enh644,ENSG00000077942,CL:0000127,CL:0000127 total RNA-seq,encode,0.0072239637374877,-0.0072239637374877,COMPLETED
Enh644_NUP50,Enh644,Enh644,ENSG00000093000,CL:0000127,CL:0000127 total RNA-seq,encode,-0.0117811560630798,0.0117811560630798,COMPLETED
Enh646_ATXN10,Enh646,Enh646,ENSG00000130638,CL:0000127,CL:0000127 total RNA-seq,encode,0.0009939670562744,-0.0009939670562744,COMPLETED
Enh646_FBLN1,Enh646,Enh646,ENSG00000077942,CL:0000127,CL:0000127 total RNA-seq,encode,-0.0459257364273071,0.0459257364273071,COMPLETED
Enh646_NUP50,Enh646,Enh646,ENSG00000093000,CL:0000127,CL:0000127 total RNA-seq,encode,-0.0001389980316162,0.0001389980316162,COMPLETED
Enh647_ATXN10,Enh647,Enh647,ENSG00000130638,CL:0000127,CL:0000127 total RNA-seq,encode,-0.0004423260688781,0.0004423260688781,COMPLETED
Enh647_FBLN1,Enh647,Enh647,ENSG00000077942,CL:0000127,CL:0000127 total RNA-seq,encode,0.0049971342086791,-0.0049971342086791,COMPLETED
Enh647_PRR34-AS1,Enh647,Enh647,ENSG00000241990,CL:0000127,CL:0000127 total RNA-seq,encode,-0.0175635814666748,0.0175635814666748,COMPLETED
Enh648_ATXN10,Enh648,Enh648,ENSG00000130638,CL:0000127,CL:0000127 total RNA-seq,encode,0.0030464529991149,-0.0030464529991149,COMPLETED
Enh648_PRR34-AS1,Enh648,Enh648,ENSG00000241990,CL:0000127,CL:0000127 total RNA-seq,encode,-0.014096975326538,0.014096975326538,COMPLETED
Enh649_ATXN10,Enh649,Enh649,ENSG00000130638,CL:0000127,CL:0000127 total RNA-seq,encode,-0.0008809566497802,0.0008809566497802,COMPLETED
Enh649_PRR34-AS1,Enh649,Enh649,ENSG00000241990,CL:0000127,CL:0000127 total RNA-seq,encode,-0.0680561065673828,0.0680561065673828,COMPLETED
Enh64_CLIC4,Enh64,Enh64,ENSG00000169504,CL:0000127,CL:0000127 total RNA-seq,encode,-0.05790376663208,0.05790376663208,COMPLETED
Enh64_NIPAL3,Enh64,Enh64,ENSG00000001461,CL:0000127,CL:0000127 total RNA-seq,encode,0.0047748684883117,-0.0047748684883117,COMPLETED
Enh64_RSRP1,Enh64,Enh64,ENSG00000117616,CL:0000127,CL:0000127 total RNA-seq,encode,0.0060384273529052,-0.0060384273529052,COMPLETED
Enh64_SRRM1,Enh64,Enh64,ENSG00000133226,CL:0000127,CL:0000127 total RNA-seq,encode,0.0061419010162353,-0.0061419010162353,COMPLETED
Enh64_SYF2,Enh64,Enh64,ENSG00000117614,CL:0000127,CL:0000127 total RNA-seq,encode,-0.0012973845005035,0.0012973845005035,COMPLETED
Enh64_TMEM50A,Enh64,Enh64,ENSG00000183726,CL:0000127,CL:0000127 total RNA-seq,encode,0.0038350820541381,-0.0038350820541381,COMPLETED
Enh650_ATXN10,Enh650,Enh650,ENSG00000130638,CL:0000127,CL:0000127 total RNA-seq,encode,-0.0002152323722839,0.0002152323722839,COMPLETED
Enh650_PRR34-AS1,Enh650,Enh650,ENSG00000241990,CL:0000127,CL:0000127 total RNA-seq,encode,-0.0039508342742919,0.0039508342742919,COMPLETED
Enh652_ATG3,Enh652,Enh652,ENSG00000144848,CL:0000127,CL:0000127 total RNA-seq,encode,-0.0144506692886352,0.0144506692886352,COMPLETED
Enh652_CCDC80,Enh652,Enh652,ENSG00000091986,CL:0000127,CL:0000127 total RNA-seq,encode,0.0021675825119018,-0.0021675825119018,COMPLETED
Enh653_FSTL1,Enh653,Enh653,ENSG00000163430,CL:0000127,CL:0000127 total RNA-seq,encode,0.0021679401397705,-0.0021679401397705,COMPLETED
Enh653_GSK3B,Enh653,Enh653,ENSG00000082701,CL:0000127,CL:0000127 total RNA-seq,encode,-0.0003612041473388,0.0003612041473388,COMPLETED
Enh653_LRRC58,Enh653,Enh653,ENSG00000163428,CL:0000127,CL:0000127 total RNA-seq,encode,-0.0019291043281555,0.0019291043281555,COMPLETED
Enh653_NDUFB4,Enh653,Enh653,ENSG00000065518,CL:0000127,CL:0000127 total RNA-seq,encode,0.0028759837150573,-0.0028759837150573,COMPLETED
Enh654_FSTL1,Enh654,Enh654,ENSG00000163430,CL:0000127,CL:0000127 total RNA-seq,encode,-0.017411470413208,0.017411470413208,COMPLETED
Enh654_GSK3B,Enh654,Enh654,ENSG00000082701,CL:0000127,CL:0000127 total RNA-seq,encode,-0.0017104148864746,0.0017104148864746,COMPLETED
Enh654_NDUFB4,Enh654,Enh654,ENSG00000065518,CL:0000127,CL:0000127 total RNA-seq,encode,-0.0079107582569122,0.0079107582569122,COMPLETED
Enh655_NDUFB4,Enh655,Enh655,ENSG00000065518,CL:0000127,CL:0000127 total RNA-seq,encode,0.0146864205598831,-0.0146864205598831,COMPLETED
Enh656_NDUFB4,Enh656,Enh656,ENSG00000065518,CL:0000127,CL:0000127 total RNA-seq,encode,0.0037228018045425,-0.0037228018045425,COMPLETED
Enh657_KALRN,Enh657,Enh657,ENSG00000160145,CL:0000127,CL:0000127 total RNA-seq,encode,-1.310485601425171,1.310485601425171,COMPLETED
Enh657_MYLK,Enh657,Enh657,ENSG00000065534,CL:0000127,CL:0000127 total RNA-seq,encode,0.0017122030258178,-0.0017122030258178,COMPLETED
Enh658_KALRN,Enh658,Enh658,ENSG00000160145,CL:0000127,CL:0000127 total RNA-seq,encode,0.0515704154968261,-0.0515704154968261,COMPLETED
Enh65_CLIC4,Enh65,Enh65,ENSG00000169504,CL:0000127,CL:0000127 total RNA-seq,encode,-0.0005204677581787,0.0005204677581787,COMPLETED
Enh65_RSRP1,Enh65,Enh65,ENSG00000117616,CL:0000127,CL:0000127 total RNA-seq,encode,0.0020886659622192,-0.0020886659622192,COMPLETED
Enh65_SYF2,Enh65,Enh65,ENSG00000117614,CL:0000127,CL:0000127 total RNA-seq,encode,0.0030268728733062,-0.0030268728733062,COMPLETED
Enh65_TMEM50A,Enh65,Enh65,ENSG00000183726,CL:0000127,CL:0000127 total RNA-seq,encode,-0.001705527305603,0.001705527305603,COMPLETED
Enh665_RPL32,Enh665,Enh665,ENSG00000144713,CL:0000127,CL:0000127 total RNA-seq,encode,0.0082836151123046,-0.0082836151123046,COMPLETED
Enh666_AMOTL2,Enh666,Enh666,ENSG00000114019,CL:0000127,CL:0000127 total RNA-seq,encode,-0.0240527391433715,0.0240527391433715,COMPLETED
Enh666_ANAPC13,Enh666,Enh666,ENSG00000129055,CL:0000127,CL:0000127 total RNA-seq,encode,-0.0116406679153442,0.0116406679153442,COMPLETED
Enh666_CEP63,Enh666,Enh666,ENSG00000182923,CL:0000127,CL:0000127 total RNA-seq,encode,-0.0127580165863037,0.0127580165863037,COMPLETED
Enh666_RYK,Enh666,Enh666,ENSG00000163785,CL:0000127,CL:0000127 total RNA-seq,encode,0.3220740556716919,-0.3220740556716919,COMPLETED
Enh667_ANAPC13,Enh667,Enh667,ENSG00000129055,CL:0000127,CL:0000127 total RNA-seq,encode,-0.0006575286388397,0.0006575286388397,COMPLETED
Enh669_ANAPC13,Enh669,Enh669,ENSG00000129055,CL:0000127,CL:0000127 total RNA-seq,encode,-0.0017758607864379,0.0017758607864379,COMPLETED
Enh66_SH3BGRL3,Enh66,Enh66,ENSG00000142669,CL:0000127,CL:0000127 total RNA-seq,encode,0.0027761459350585,-0.0027761459350585,COMPLETED
Enh66_ZNF593,Enh66,Enh66,ENSG00000142684,CL:0000127,CL:0000127 total RNA-seq,encode,0.0048253536224365,-0.0048253536224365,COMPLETED
Enh670_ANAPC13,Enh670,Enh670,ENSG00000129055,CL:0000127,CL:0000127 total RNA-seq,encode,0.0011472702026367,-0.0011472702026367,COMPLETED
Enh671_AMOTL2,Enh671,Enh671,ENSG00000114019,CL:0000127,CL:0000127 total RNA-seq,encode,-0.0346496105194091,0.0346496105194091,COMPLETED
Enh671_ANAPC13,Enh671,Enh671,ENSG00000129055,CL:0000127,CL:0000127 total RNA-seq,encode,-0.0021917819976806,0.0021917819976806,COMPLETED
Enh671_CEP63,Enh671,Enh671,ENSG00000182923,CL:0000127,CL:0000127 total RNA-seq,encode,-0.0083353519439697,0.0083353519439697,COMPLETED
Enh671_RYK,Enh671,Enh671,ENSG00000163785,CL:0000127,CL:0000127 total RNA-seq,encode,-0.0033642649650573,0.0033642649650573,COMPLETED
Enh676_COPB2,Enh676,Enh676,ENSG00000184432,CL:0000127,CL:0000127 total RNA-seq,encode,0.0017939656972885,-0.0017939656972885,COMPLETED
Enh677_COPB2,Enh677,Enh677,ENSG00000184432,CL:0000127,CL:0000127 total RNA-seq,encode,0.0004705935716629,-0.0004705935716629,COMPLETED
Enh678_LSM3,Enh678,Enh678,ENSG00000170860,CL:0000127,CL:0000127 total RNA-seq,encode,-0.001383364200592,0.001383364200592,COMPLETED
Enh678_XPC,Enh678,Enh678,ENSG00000154767,CL:0000127,CL:0000127 total RNA-seq,encode,-0.0016956457402557,0.0016956457402557,COMPLETED
Enh67_ARID1A,Enh67,Enh67,ENSG00000117713,CL:0000127,CL:0000127 total RNA-seq,encode,0.0014370679855346,-0.0014370679855346,COMPLETED
Enh67_DHDDS,Enh67,Enh67,ENSG00000117682,CL:0000127,CL:0000127 total RNA-seq,encode,-0.0054383873939514,0.0054383873939514,COMPLETED
Enh67_HMGN2,Enh67,Enh67,ENSG00000198830,CL:0000127,CL:0000127 total RNA-seq,encode,0.0089331865310668,-0.0089331865310668,COMPLETED
Enh67_NUDC,Enh67,Enh67,ENSG00000090273,CL:0000127,CL:0000127 total RNA-seq,encode,-0.0011346936225891,0.0011346936225891,COMPLETED
Enh67_SH3BGRL3,Enh67,Enh67,ENSG00000142669,CL:0000127,CL:0000127 total RNA-seq,encode,0.0001606941223144,-0.0001606941223144,COMPLETED
Enh67_ZNF593,Enh67,Enh67,ENSG00000142684,CL:0000127,CL:0000127 total RNA-seq,encode,0.0027662515640258,-0.0027662515640258,COMPLETED
Enh680_MBNL1,Enh680,Enh680,ENSG00000152601,CL:0000127,CL:0000127 total RNA-seq,encode,0.0005483925342559,-0.0005483925342559,COMPLETED
Enh681_SSR3,Enh681,Enh681,ENSG00000114850,CL:0000127,CL:0000127 total RNA-seq,encode,-0.0227413177490234,0.0227413177490234,COMPLETED
Enh681_TIPARP,Enh681,Enh681,ENSG00000163659,CL:0000127,CL:0000127 total RNA-seq,encode,-0.0266097486019134,0.0266097486019134,COMPLETED
Enh682_TIPARP,Enh682,Enh682,ENSG00000163659,CL:0000127,CL:0000127 total RNA-seq,encode,-0.0007928013801574,0.0007928013801574,COMPLETED
Enh683_TIPARP,Enh683,Enh683,ENSG00000163659,CL:0000127,CL:0000127 total RNA-seq,encode,-0.0012035300023853,0.0012035300023853,COMPLETED
Enh684_TIPARP,Enh684,Enh684,ENSG00000163659,CL:0000127,CL:0000127 total RNA-seq,encode,0.0048682913184165,-0.0048682913184165,COMPLETED
Enh685_TBL1XR1,Enh685,Enh685,ENSG00000177565,CL:0000127,CL:0000127 total RNA-seq,encode,-0.0003349035978317,0.0003349035978317,COMPLETED
Enh686_TBL1XR1,Enh686,Enh686,ENSG00000177565,CL:0000127,CL:0000127 total RNA-seq,encode,-0.0126051902770996,0.0126051902770996,COMPLETED
Enh68_ARID1A,Enh68,Enh68,ENSG00000117713,CL:0000127,CL:0000127 total RNA-seq,encode,0.0025229454040527,-0.0025229454040527,COMPLETED
Enh68_DHDDS,Enh68,Enh68,ENSG00000117682,CL:0000127,CL:0000127 total RNA-seq,encode,-0.0008541941642761,0.0008541941642761,COMPLETED
Enh68_HMGN2,Enh68,Enh68,ENSG00000198830,CL:0000127,CL:0000127 total RNA-seq,encode,-0.0106918811798095,0.0106918811798095,COMPLETED
Enh68_NUDC,Enh68,Enh68,ENSG00000090273,CL:0000127,CL:0000127 total RNA-seq,encode,-0.0019477009773254,0.0019477009773254,COMPLETED
Enh68_SH3BGRL3,Enh68,Enh68,ENSG00000142669,CL:0000127,CL:0000127 total RNA-seq,encode,0.0037240982055664,-0.0037240982055664,COMPLETED
Enh68_ZNF593,Enh68,Enh68,ENSG00000142684,CL:0000127,CL:0000127 total RNA-seq,encode,0.0015150308609008,-0.0015150308609008,COMPLETED
Enh691_IGF2BP2,Enh691,Enh691,ENSG00000073792,CL:0000127,CL:0000127 total RNA-seq,encode,0.0049937069416046,-0.0049937069416046,COMPLETED
Enh691_TRA2B,Enh691,Enh691,ENSG00000136527,CL:0000127,CL:0000127 total RNA-seq,encode,0.0137456655502319,-0.0137456655502319,COMPLETED
Enh692_EIF4A2,Enh692,Enh692,ENSG00000156976,CL:0000127,CL:0000127 total RNA-seq,encode,-0.0004956722259521,0.0004956722259521,COMPLETED
Enh693_EIF4A2,Enh693,Enh693,ENSG00000156976,CL:0000127,CL:0000127 total RNA-seq,encode,-0.0003103017807006,0.0003103017807006,COMPLETED
Enh694_EIF4A2,Enh694,Enh694,ENSG00000156976,CL:0000127,CL:0000127 total RNA-seq,encode,0.0015817880630493,-0.0015817880630493,COMPLETED
Enh694_TRA2B,Enh694,Enh694,ENSG00000136527,CL:0000127,CL:0000127 total RNA-seq,encode,0.0016685724258422,-0.0016685724258422,COMPLETED
Enh695_EIF4A2,Enh695,Enh695,ENSG00000156976,CL:0000127,CL:0000127 total RNA-seq,encode,0.0015462636947631,-0.0015462636947631,COMPLETED
Enh695_TRA2B,Enh695,Enh695,ENSG00000136527,CL:0000127,CL:0000127 total RNA-seq,encode,0.0003033876419067,-0.0003033876419067,COMPLETED
Enh696_LPP,Enh696,Enh696,ENSG00000145012,CL:0000127,CL:0000127 total RNA-seq,encode,0.0005420446395874,-0.0005420446395874,COMPLETED
Enh697_LPP,Enh697,Enh697,ENSG00000145012,CL:0000127,CL:0000127 total RNA-seq,encode,-0.0008152723312377,0.0008152723312377,COMPLETED
Enh698_LPP,Enh698,Enh698,ENSG00000145012,CL:0000127,CL:0000127 total RNA-seq,encode,-0.0218168497085571,0.0218168497085571,COMPLETED
Enh699_PCYT1A,Enh699,Enh699,ENSG00000161217,CL:0000127,CL:0000127 total RNA-seq,encode,-0.0017882334068417,0.0017882334068417,COMPLETED
Enh699_RNF168,Enh699,Enh699,ENSG00000163961,CL:0000127,CL:0000127 total RNA-seq,encode,-0.0006387829780578,0.0006387829780578,COMPLETED
Enh699_TFRC,Enh699,Enh699,ENSG00000072274,CL:0000127,CL:0000127 total RNA-seq,encode,-0.0143486559391021,0.0143486559391021,COMPLETED
Enh699_UBXN7,Enh699,Enh699,ENSG00000163960,CL:0000127,CL:0000127 total RNA-seq,encode,0.000812292098999,-0.000812292098999,COMPLETED
Enh69_ARID1A,Enh69,Enh69,ENSG00000117713,CL:0000127,CL:0000127 total RNA-seq,encode,0.0084209442138671,-0.0084209442138671,COMPLETED
Enh69_DHDDS,Enh69,Enh69,ENSG00000117682,CL:0000127,CL:0000127 total RNA-seq,encode,-0.0025925636291503,0.0025925636291503,COMPLETED
Enh69_HMGN2,Enh69,Enh69,ENSG00000198830,CL:0000127,CL:0000127 total RNA-seq,encode,-0.0010774135589599,0.0010774135589599,COMPLETED
Enh69_NUDC,Enh69,Enh69,ENSG00000090273,CL:0000127,CL:0000127 total RNA-seq,encode,-0.0007094740867614,0.0007094740867614,COMPLETED
Enh69_SH3BGRL3,Enh69,Enh69,ENSG00000142669,CL:0000127,CL:0000127 total RNA-seq,encode,0.0009126663208007,-0.0009126663208007,COMPLETED
Enh69_ZNF593,Enh69,Enh69,ENSG00000142684,CL:0000127,CL:0000127 total RNA-seq,encode,0.0018883645534515,-0.0018883645534515,COMPLETED
Enh6_ATP1A1,Enh6,Enh6,ENSG00000163399,CL:0000127,CL:0000127 total RNA-seq,encode,0.0163401365280151,-0.0163401365280151,COMPLETED
Enh700_EIF1B,Enh700,Enh700,ENSG00000114784,CL:0000127,CL:0000127 total RNA-seq,encode,-0.0033666491508483,0.0033666491508483,COMPLETED
Enh700_RPL14,Enh700,Enh700,ENSG00000188846,CL:0000127,CL:0000127 total RNA-seq,encode,0.0004799365997314,-0.0004799365997314,COMPLETED
Enh702_ANO10,Enh702,Enh702,ENSG00000160746,CL:0000127,CL:0000127 total RNA-seq,encode,0.0067343711853027,-0.0067343711853027,COMPLETED
Enh703_ANO10,Enh703,Enh703,ENSG00000160746,CL:0000127,CL:0000127 total RNA-seq,encode,-0.0018252879381179,0.0018252879381179,COMPLETED
Enh704_AC006058.1,Enh704,Enh704,ENSG00000261786,CL:0000127,CL:0000127 total RNA-seq,encode,-0.2656764984130859,0.2656764984130859,COMPLETED
Enh704_ANO10,Enh704,Enh704,ENSG00000160746,CL:0000127,CL:0000127 total RNA-seq,encode,-0.0024446845054626,0.0024446845054626,COMPLETED
Enh705_DHX30,Enh705,Enh705,ENSG00000132153,CL:0000127,CL:0000127 total RNA-seq,encode,-0.0027188062667846,0.0027188062667846,COMPLETED
Enh705_MAP4,Enh705,Enh705,ENSG00000047849,CL:0000127,CL:0000127 total RNA-seq,encode,-0.0513526797294616,0.0513526797294616,COMPLETED
Enh705_SHISA5,Enh705,Enh705,ENSG00000164054,CL:0000127,CL:0000127 total RNA-seq,encode,-0.0002621412277221,0.0002621412277221,COMPLETED
Enh705_SMARCC1,Enh705,Enh705,ENSG00000173473,CL:0000127,CL:0000127 total RNA-seq,encode,-0.0014911293983459,0.0014911293983459,COMPLETED
Enh705_TMA7,Enh705,Enh705,ENSG00000232112,CL:0000127,CL:0000127 total RNA-seq,encode,-0.0005947351455688,0.0005947351455688,COMPLETED
Enh705_UQCRC1,Enh705,Enh705,ENSG00000010256,CL:0000127,CL:0000127 total RNA-seq,encode,0.0006669163703918,-0.0006669163703918,COMPLETED
Enh706_MAP4,Enh706,Enh706,ENSG00000047849,CL:0000127,CL:0000127 total RNA-seq,encode,-0.0142042636871337,0.0142042636871337,COMPLETED
Enh706_TMA7,Enh706,Enh706,ENSG00000232112,CL:0000127,CL:0000127 total RNA-seq,encode,-0.000239610671997,0.000239610671997,COMPLETED
Enh706_UQCRC1,Enh706,Enh706,ENSG00000010256,CL:0000127,CL:0000127 total RNA-seq,encode,6.598234176635742e-05,-6.598234176635742e-05,COMPLETED
Enh707_DAG1,Enh707,Enh707,ENSG00000173402,CL:0000127,CL:0000127 total RNA-seq,encode,-0.1247230768203735,0.1247230768203735,COMPLETED
Enh707_LAMB2,Enh707,Enh707,ENSG00000172037,CL:0000127,CL:0000127 total RNA-seq,encode,0.0019876956939697,-0.0019876956939697,COMPLETED
Enh707_RBM6,Enh707,Enh707,ENSG00000004534,CL:0000127,CL:0000127 total RNA-seq,encode,-0.0002334713935852,0.0002334713935852,COMPLETED
Enh707_RHOA,Enh707,Enh707,ENSG00000067560,CL:0000127,CL:0000127 total RNA-seq,encode,0.0003566741943359,-0.0003566741943359,COMPLETED
Enh707_TCTA,Enh707,Enh707,ENSG00000145022,CL:0000127,CL:0000127 total RNA-seq,encode,-0.0072567537426948,0.0072567537426948,COMPLETED
Enh708_ARF4,Enh708,Enh708,ENSG00000168374,CL:0000127,CL:0000127 total RNA-seq,encode,-0.0008559226989746,0.0008559226989746,COMPLETED
Enh708_FLNB,Enh708,Enh708,ENSG00000136068,CL:0000127,CL:0000127 total RNA-seq,encode,-0.0332129597663879,0.0332129597663879,COMPLETED
Enh708_PDHB,Enh708,Enh708,ENSG00000168291,CL:0000127,CL:0000127 total RNA-seq,encode,0.0002706348896026,-0.0002706348896026,COMPLETED
Enh708_SLMAP,Enh708,Enh708,ENSG00000163681,CL:0000127,CL:0000127 total RNA-seq,encode,-0.0268301963806152,0.0268301963806152,COMPLETED
Enh70_ARID1A,Enh70,Enh70,ENSG00000117713,CL:0000127,CL:0000127 total RNA-seq,encode,-0.0194243192672729,0.0194243192672729,COMPLETED
Enh70_DHDDS,Enh70,Enh70,ENSG00000117682,CL:0000127,CL:0000127 total RNA-seq,encode,-0.0036289691925048,0.0036289691925048,COMPLETED
Enh70_GPN2,Enh70,Enh70,ENSG00000142751,CL:0000127,CL:0000127 total RNA-seq,encode,-0.004280149936676,0.004280149936676,COMPLETED
Enh70_HMGN2,Enh70,Enh70,ENSG00000198830,CL:0000127,CL:0000127 total RNA-seq,encode,-0.0006433725357055,0.0006433725357055,COMPLETED
Enh70_NUDC,Enh70,Enh70,ENSG00000090273,CL:0000127,CL:0000127 total RNA-seq,encode,-0.0021646320819854,0.0021646320819854,COMPLETED
Enh70_SH3BGRL3,Enh70,Enh70,ENSG00000142669,CL:0000127,CL:0000127 total RNA-seq,encode,0.0053937435150146,-0.0053937435150146,COMPLETED
Enh70_TRNP1,Enh70,Enh70,ENSG00000253368,CL:0000127,CL:0000127 total RNA-seq,encode,0.0028607845306396,-0.0028607845306396,COMPLETED
Enh70_ZNF593,Enh70,Enh70,ENSG00000142684,CL:0000127,CL:0000127 total RNA-seq,encode,0.0017085373401641,-0.0017085373401641,COMPLETED
Enh714_FGF2,Enh714,Enh714,ENSG00000138685,CL:0000127,CL:0000127 total RNA-seq,encode,0.0036373734474182,-0.0036373734474182,COMPLETED
Enh714_KIAA1109,Enh714,Enh714,ENSG00000138688,CL:0000127,CL:0000127 total RNA-seq,encode,-0.002159833908081,0.002159833908081,COMPLETED
Enh715_BOD1L1,Enh715,Enh715,ENSG00000038219,CL:0000127,CL:0000127 total RNA-seq,encode,0.002102255821228,-0.002102255821228,COMPLETED
Enh716_NAA15,Enh716,Enh716,ENSG00000164134,CL:0000127,CL:0000127 total RNA-seq,encode,-0.0022732019424438,0.0022732019424438,COMPLETED
Enh716_NDUFC1,Enh716,Enh716,ENSG00000109390,CL:0000127,CL:0000127 total RNA-seq,encode,0.0008658468723297,-0.0008658468723297,COMPLETED
Enh717_SCOC,Enh717,Enh717,ENSG00000153130,CL:0000127,CL:0000127 total RNA-seq,encode,-0.0044736564159393,0.0044736564159393,COMPLETED
Enh718_SCOC,Enh718,Enh718,ENSG00000153130,CL:0000127,CL:0000127 total RNA-seq,encode,0.0014345943927764,-0.0014345943927764,COMPLETED
Enh719_SCOC,Enh719,Enh719,ENSG00000153130,CL:0000127,CL:0000127 total RNA-seq,encode,0.0066242814064025,-0.0066242814064025,COMPLETED
Enh71_ARID1A,Enh71,Enh71,ENSG00000117713,CL:0000127,CL:0000127 total RNA-seq,encode,0.0015689134597778,-0.0015689134597778,COMPLETED
Enh71_NUDC,Enh71,Enh71,ENSG00000090273,CL:0000127,CL:0000127 total RNA-seq,encode,0.0007087588310241,-0.0007087588310241,COMPLETED
Enh71_WASF2,Enh71,Enh71,ENSG00000158195,CL:0000127,CL:0000127 total RNA-seq,encode,0.0021340250968933,-0.0021340250968933,COMPLETED
Enh720_SCOC,Enh720,Enh720,ENSG00000153130,CL:0000127,CL:0000127 total RNA-seq,encode,0.0117044746875762,-0.0117044746875762,COMPLETED
Enh723_CFAP97,Enh723,Enh723,ENSG00000164323,CL:0000127,CL:0000127 total RNA-seq,encode,-3.451108932495117e-05,3.451108932495117e-05,COMPLETED
Enh725_DHX15,Enh725,Enh725,ENSG00000109606,CL:0000127,CL:0000127 total RNA-seq,encode,0.0057864338159561,-0.0057864338159561,COMPLETED
Enh726_DHX15,Enh726,Enh726,ENSG00000109606,CL:0000127,CL:0000127 total RNA-seq,encode,0.0014978349208831,-0.0014978349208831,COMPLETED
Enh727_DHX15,Enh727,Enh727,ENSG00000109606,CL:0000127,CL:0000127 total RNA-seq,encode,0.0027772784233093,-0.0027772784233093,COMPLETED
Enh728_DHX15,Enh728,Enh728,ENSG00000109606,CL:0000127,CL:0000127 total RNA-seq,encode,0.0066422522068023,-0.0066422522068023,COMPLETED
Enh72_ARID1A,Enh72,Enh72,ENSG00000117713,CL:0000127,CL:0000127 total RNA-seq,encode,-0.0007077455520629,0.0007077455520629,COMPLETED
Enh72_NUDC,Enh72,Enh72,ENSG00000090273,CL:0000127,CL:0000127 total RNA-seq,encode,0.0010773539543151,-0.0010773539543151,COMPLETED
Enh72_WASF2,Enh72,Enh72,ENSG00000158195,CL:0000127,CL:0000127 total RNA-seq,encode,0.0041496492922306,-0.0041496492922306,COMPLETED
Enh733_FAM114A1,Enh733,Enh733,ENSG00000197712,CL:0000127,CL:0000127 total RNA-seq,encode,-0.0212172269821167,0.0212172269821167,COMPLETED
Enh733_KLHL5,Enh733,Enh733,ENSG00000109790,CL:0000127,CL:0000127 total RNA-seq,encode,-0.1170707941055297,0.1170707941055297,COMPLETED
Enh733_RFC1,Enh733,Enh733,ENSG00000035928,CL:0000127,CL:0000127 total RNA-seq,encode,-0.0030088424682617,0.0030088424682617,COMPLETED
Enh734_FAM114A1,Enh734,Enh734,ENSG00000197712,CL:0000127,CL:0000127 total RNA-seq,encode,0.0004500150680541,-0.0004500150680541,COMPLETED
Enh734_RFC1,Enh734,Enh734,ENSG00000035928,CL:0000127,CL:0000127 total RNA-seq,encode,0.0015787482261657,-0.0015787482261657,COMPLETED
Enh734_RPL9,Enh734,Enh734,ENSG00000163682,CL:0000127,CL:0000127 total RNA-seq,encode,0.0005582571029663,-0.0005582571029663,COMPLETED
Enh735_MRFAP1,Enh735,Enh735,ENSG00000179010,CL:0000127,CL:0000127 total RNA-seq,encode,0.0022445917129516,-0.0022445917129516,COMPLETED
Enh735_MRFAP1L1,Enh735,Enh735,ENSG00000178988,CL:0000127,CL:0000127 total RNA-seq,encode,0.037035197019577,-0.037035197019577,COMPLETED
Enh736_BLOC1S4,Enh736,Enh736,ENSG00000186222,CL:0000127,CL:0000127 total RNA-seq,encode,0.000560887157917,-0.000560887157917,COMPLETED
Enh736_GRPEL1,Enh736,Enh736,ENSG00000109519,CL:0000127,CL:0000127 total RNA-seq,encode,-0.0007365942001342,0.0007365942001342,COMPLETED
Enh736_KIAA0232,Enh736,Enh736,ENSG00000170871,CL:0000127,CL:0000127 total RNA-seq,encode,-0.0064561367034912,0.0064561367034912,COMPLETED
Enh736_MRFAP1,Enh736,Enh736,ENSG00000179010,CL:0000127,CL:0000127 total RNA-seq,encode,0.00347900390625,-0.00347900390625,COMPLETED
Enh736_MRFAP1L1,Enh736,Enh736,ENSG00000178988,CL:0000127,CL:0000127 total RNA-seq,encode,-0.0041508078575134,0.0041508078575134,COMPLETED
Enh736_WFS1,Enh736,Enh736,ENSG00000109501,CL:0000127,CL:0000127 total RNA-seq,encode,0.0024769194424152,-0.0024769194424152,COMPLETED
Enh737_BLOC1S4,Enh737,Enh737,ENSG00000186222,CL:0000127,CL:0000127 total RNA-seq,encode,-0.0258944630622863,0.0258944630622863,COMPLETED
Enh737_GRPEL1,Enh737,Enh737,ENSG00000109519,CL:0000127,CL:0000127 total RNA-seq,encode,0.0007261633872985,-0.0007261633872985,COMPLETED
Enh737_KIAA0232,Enh737,Enh737,ENSG00000170871,CL:0000127,CL:0000127 total RNA-seq,encode,-0.0957187414169311,0.0957187414169311,COMPLETED
Enh737_MAN2B2,Enh737,Enh737,ENSG00000013288,CL:0000127,CL:0000127 total RNA-seq,encode,0.0051904916763305,-0.0051904916763305,COMPLETED
Enh737_MRFAP1,Enh737,Enh737,ENSG00000179010,CL:0000127,CL:0000127 total RNA-seq,encode,0.0007351636886596,-0.0007351636886596,COMPLETED
Enh737_MRFAP1L1,Enh737,Enh737,ENSG00000178988,CL:0000127,CL:0000127 total RNA-seq,encode,-0.0123874247074127,0.0123874247074127,COMPLETED
Enh738_GRSF1,Enh738,Enh738,ENSG00000132463,CL:0000127,CL:0000127 total RNA-seq,encode,-0.0004350543022155,0.0004350543022155,COMPLETED
Enh739_CCNI,Enh739,Enh739,ENSG00000118816,CL:0000127,CL:0000127 total RNA-seq,encode,0.0149863958358764,-0.0149863958358764,COMPLETED
Enh739_SEPTIN11,Enh739,Enh739,ENSG00000138758,CL:0000127,CL:0000127 total RNA-seq,encode,-0.0120151042938232,0.0120151042938232,COMPLETED
Enh742_APC,Enh742,Enh742,ENSG00000134982,CL:0000127,CL:0000127 total RNA-seq,encode,0.0011484622955322,-0.0011484622955322,COMPLETED
Enh742_REEP5,Enh742,Enh742,ENSG00000129625,CL:0000127,CL:0000127 total RNA-seq,encode,0.0014336705207824,-0.0014336705207824,COMPLETED
Enh742_SRP19,Enh742,Enh742,ENSG00000153037,CL:0000127,CL:0000127 total RNA-seq,encode,-0.0007596015930175,0.0007596015930175,COMPLETED
Enh743_APC,Enh743,Enh743,ENSG00000134982,CL:0000127,CL:0000127 total RNA-seq,encode,-0.0039875507354736,0.0039875507354736,COMPLETED
Enh743_REEP5,Enh743,Enh743,ENSG00000129625,CL:0000127,CL:0000127 total RNA-seq,encode,0.0007479786872863,-0.0007479786872863,COMPLETED
Enh743_SRP19,Enh743,Enh743,ENSG00000153037,CL:0000127,CL:0000127 total RNA-seq,encode,-0.00010347366333,0.00010347366333,COMPLETED
Enh745_CSNK1G3,Enh745,Enh745,ENSG00000151292,CL:0000127,CL:0000127 total RNA-seq,encode,-0.0020366311073303,0.0020366311073303,COMPLETED
Enh748_BRD8,Enh748,Enh748,ENSG00000112983,CL:0000127,CL:0000127 total RNA-seq,encode,-0.0013452768325805,0.0013452768325805,COMPLETED
Enh748_CTNNA1,Enh748,Enh748,ENSG00000044115,CL:0000127,CL:0000127 total RNA-seq,encode,-0.0020142793655395,0.0020142793655395,COMPLETED
Enh748_ETF1,Enh748,Enh748,ENSG00000120705,CL:0000127,CL:0000127 total RNA-seq,encode,-0.0002887248992919,0.0002887248992919,COMPLETED
Enh748_HSPA9,Enh748,Enh748,ENSG00000113013,CL:0000127,CL:0000127 total RNA-seq,encode,0.0009557008743286,-0.0009557008743286,COMPLETED
Enh749_CTNNA1,Enh749,Enh749,ENSG00000044115,CL:0000127,CL:0000127 total RNA-seq,encode,0.0017769336700439,-0.0017769336700439,COMPLETED
Enh749_ETF1,Enh749,Enh749,ENSG00000120705,CL:0000127,CL:0000127 total RNA-seq,encode,-0.0001518726348876,0.0001518726348876,COMPLETED
Enh749_HSPA9,Enh749,Enh749,ENSG00000113013,CL:0000127,CL:0000127 total RNA-seq,encode,3.886222839355469e-05,-3.886222839355469e-05,COMPLETED
Enh74_C1orf122,Enh74,Enh74,ENSG00000197982,CL:0000127,CL:0000127 total RNA-seq,encode,0.0017657279968261,-0.0017657279968261,COMPLETED
Enh74_SF3A3,Enh74,Enh74,ENSG00000183431,CL:0000127,CL:0000127 total RNA-seq,encode,0.0002222061157226,-0.0002222061157226,COMPLETED
Enh74_UTP11,Enh74,Enh74,ENSG00000183520,CL:0000127,CL:0000127 total RNA-seq,encode,-0.0067323446273803,0.0067323446273803,COMPLETED
Enh750_CTNNA1,Enh750,Enh750,ENSG00000044115,CL:0000127,CL:0000127 total RNA-seq,encode,-0.0016258955001831,0.0016258955001831,COMPLETED
Enh750_ETF1,Enh750,Enh750,ENSG00000120705,CL:0000127,CL:0000127 total RNA-seq,encode,0.000582218170166,-0.000582218170166,COMPLETED
Enh750_HSPA9,Enh750,Enh750,ENSG00000113013,CL:0000127,CL:0000127 total RNA-seq,encode,0.0001973509788513,-0.0001973509788513,COMPLETED
Enh751_BRD8,Enh751,Enh751,ENSG00000112983,CL:0000127,CL:0000127 total RNA-seq,encode,-0.0011859536170959,0.0011859536170959,COMPLETED
Enh751_CTNNA1,Enh751,Enh751,ENSG00000044115,CL:0000127,CL:0000127 total RNA-seq,encode,0.0038017034530639,-0.0038017034530639,COMPLETED
Enh751_ETF1,Enh751,Enh751,ENSG00000120705,CL:0000127,CL:0000127 total RNA-seq,encode,-0.0482169389724731,0.0482169389724731,COMPLETED
Enh751_HSPA9,Enh751,Enh751,ENSG00000113013,CL:0000127,CL:0000127 total RNA-seq,encode,-0.0054394006729125,0.0054394006729125,COMPLETED
Enh752_CTNNA1,Enh752,Enh752,ENSG00000044115,CL:0000127,CL:0000127 total RNA-seq,encode,0.0030465126037597,-0.0030465126037597,COMPLETED
Enh752_ETF1,Enh752,Enh752,ENSG00000120705,CL:0000127,CL:0000127 total RNA-seq,encode,-0.0060874223709106,0.0060874223709106,COMPLETED
Enh752_HSPA9,Enh752,Enh752,ENSG00000113013,CL:0000127,CL:0000127 total RNA-seq,encode,0.0038937330245971,-0.0038937330245971,COMPLETED
Enh753_CTNNA1,Enh753,Enh753,ENSG00000044115,CL:0000127,CL:0000127 total RNA-seq,encode,0.0008320808410644,-0.0008320808410644,COMPLETED
Enh753_ETF1,Enh753,Enh753,ENSG00000120705,CL:0000127,CL:0000127 total RNA-seq,encode,0.006388783454895,-0.006388783454895,COMPLETED
Enh753_HSPA9,Enh753,Enh753,ENSG00000113013,CL:0000127,CL:0000127 total RNA-seq,encode,0.0170145034790039,-0.0170145034790039,COMPLETED
Enh754_CXXC5,Enh754,Enh754,ENSG00000171604,CL:0000127,CL:0000127 total RNA-seq,encode,-0.0022193789482116,0.0022193789482116,COMPLETED
Enh754_PAIP2,Enh754,Enh754,ENSG00000120727,CL:0000127,CL:0000127 total RNA-seq,encode,-0.000303566455841,0.000303566455841,COMPLETED
Enh754_SIL1,Enh754,Enh754,ENSG00000120725,CL:0000127,CL:0000127 total RNA-seq,encode,9.806454181671144e-05,-9.806454181671144e-05,COMPLETED
Enh754_UBE2D2,Enh754,Enh754,ENSG00000131508,CL:0000127,CL:0000127 total RNA-seq,encode,-0.0035876696929335,0.0035876696929335,COMPLETED
Enh755_GALNT10,Enh755,Enh755,ENSG00000164574,CL:0000127,CL:0000127 total RNA-seq,encode,-0.0001656487584114,0.0001656487584114,COMPLETED
Enh755_LARP1,Enh755,Enh755,ENSG00000155506,CL:0000127,CL:0000127 total RNA-seq,encode,-0.0181445106863975,0.0181445106863975,COMPLETED
Enh755_MRPL22,Enh755,Enh755,ENSG00000082515,CL:0000127,CL:0000127 total RNA-seq,encode,-0.0073175430297851,0.0073175430297851,COMPLETED
Enh756_BOD1,Enh756,Enh756,ENSG00000145919,CL:0000127,CL:0000127 total RNA-seq,encode,-0.0006024241447448,0.0006024241447448,COMPLETED
Enh756_STC2,Enh756,Enh756,ENSG00000113739,CL:0000127,CL:0000127 total RNA-seq,encode,0.0018831491470336,-0.0018831491470336,COMPLETED
Enh757_CPEB4,Enh757,Enh757,ENSG00000113742,CL:0000127,CL:0000127 total RNA-seq,encode,0.0017964839935302,-0.0017964839935302,COMPLETED
Enh758_SUB1,Enh758,Enh758,ENSG00000113387,CL:0000127,CL:0000127 total RNA-seq,encode,-0.0226089507341384,0.0226089507341384,COMPLETED
Enh758_ZFR,Enh758,Enh758,ENSG00000056097,CL:0000127,CL:0000127 total RNA-seq,encode,-0.0146543383598327,0.0146543383598327,COMPLETED
Enh759_DHX29,Enh759,Enh759,ENSG00000067248,CL:0000127,CL:0000127 total RNA-seq,encode,0.0029408335685729,-0.0029408335685729,COMPLETED
Enh759_GPX8,Enh759,Enh759,ENSG00000164294,CL:0000127,CL:0000127 total RNA-seq,encode,0.0011132955551147,-0.0011132955551147,COMPLETED
Enh759_IL6ST,Enh759,Enh759,ENSG00000134352,CL:0000127,CL:0000127 total RNA-seq,encode,-0.0008260011672973,0.0008260011672973,COMPLETED
Enh759_MTREX,Enh759,Enh759,ENSG00000039123,CL:0000127,CL:0000127 total RNA-seq,encode,0.0055188536643981,-0.0055188536643981,COMPLETED
Enh75_CTPS1,Enh75,Enh75,ENSG00000171793,CL:0000127,CL:0000127 total RNA-seq,encode,-0.0023521184921264,0.0023521184921264,COMPLETED
Enh760_DHX29,Enh760,Enh760,ENSG00000067248,CL:0000127,CL:0000127 total RNA-seq,encode,0.0024179816246032,-0.0024179816246032,COMPLETED
Enh760_GPX8,Enh760,Enh760,ENSG00000164294,CL:0000127,CL:0000127 total RNA-seq,encode,0.0013297796249389,-0.0013297796249389,COMPLETED
Enh760_IL6ST,Enh760,Enh760,ENSG00000134352,CL:0000127,CL:0000127 total RNA-seq,encode,0.002282977104187,-0.002282977104187,COMPLETED
Enh760_MTREX,Enh760,Enh760,ENSG00000039123,CL:0000127,CL:0000127 total RNA-seq,encode,0.0030406266450881,-0.0030406266450881,COMPLETED
Enh763_PLK2,Enh763,Enh763,ENSG00000145632,CL:0000127,CL:0000127 total RNA-seq,encode,0.0006471872329711,-0.0006471872329711,COMPLETED
Enh766_RPS23,Enh766,Enh766,ENSG00000186468,CL:0000127,CL:0000127 total RNA-seq,encode,0.0013525485992431,-0.0013525485992431,COMPLETED
Enh766_TMEM167A,Enh766,Enh766,ENSG00000174695,CL:0000127,CL:0000127 total RNA-seq,encode,0.0032609701156616,-0.0032609701156616,COMPLETED
Enh769_TMEM14B,Enh769,Enh769,ENSG00000137210,CL:0000127,CL:0000127 total RNA-seq,encode,-0.0018571019172668,0.0018571019172668,COMPLETED
Enh769_TMEM14C,Enh769,Enh769,ENSG00000111843,CL:0000127,CL:0000127 total RNA-seq,encode,0.0012648105621337,-0.0012648105621337,COMPLETED
Enh770_AMD1,Enh770,Enh770,ENSG00000123505,CL:0000127,CL:0000127 total RNA-seq,encode,0.0001475811004638,-0.0001475811004638,COMPLETED
Enh770_GTF3C6,Enh770,Enh770,ENSG00000155115,CL:0000127,CL:0000127 total RNA-seq,encode,-0.0004382133483886,0.0004382133483886,COMPLETED
Enh770_RPF2,Enh770,Enh770,ENSG00000197498,CL:0000127,CL:0000127 total RNA-seq,encode,0.0004526376724243,-0.0004526376724243,COMPLETED
Enh771_AMD1,Enh771,Enh771,ENSG00000123505,CL:0000127,CL:0000127 total RNA-seq,encode,-0.0151619911193847,0.0151619911193847,COMPLETED
Enh771_GTF3C6,Enh771,Enh771,ENSG00000155115,CL:0000127,CL:0000127 total RNA-seq,encode,-0.0030988454818725,0.0030988454818725,COMPLETED
Enh771_RPF2,Enh771,Enh771,ENSG00000197498,CL:0000127,CL:0000127 total RNA-seq,encode,-0.0039024949073791,0.0039024949073791,COMPLETED
Enh772_AMD1,Enh772,Enh772,ENSG00000123505,CL:0000127,CL:0000127 total RNA-seq,encode,-0.0213272869586944,0.0213272869586944,COMPLETED
Enh772_CDC40,Enh772,Enh772,ENSG00000168438,CL:0000127,CL:0000127 total RNA-seq,encode,0.0008786916732788,-0.0008786916732788,COMPLETED
Enh772_GTF3C6,Enh772,Enh772,ENSG00000155115,CL:0000127,CL:0000127 total RNA-seq,encode,-0.0038206577301025,0.0038206577301025,COMPLETED
Enh772_RPF2,Enh772,Enh772,ENSG00000197498,CL:0000127,CL:0000127 total RNA-seq,encode,-0.0048433542251586,0.0048433542251586,COMPLETED
Enh774_GJA1,Enh774,Enh774,ENSG00000152661,CL:0000127,CL:0000127 total RNA-seq,encode,-0.0025858879089355,0.0025858879089355,COMPLETED
Enh775_HIVEP1,Enh775,Enh775,ENSG00000095951,CL:0000127,CL:0000127 total RNA-seq,encode,-0.0016955137252807,0.0016955137252807,COMPLETED
Enh776_SERINC1,Enh776,Enh776,ENSG00000111897,CL:0000127,CL:0000127 total RNA-seq,encode,-0.0005725622177124,0.0005725622177124,COMPLETED
Enh778_HDDC2,Enh778,Enh778,ENSG00000111906,CL:0000127,CL:0000127 total RNA-seq,encode,-0.0020118951797485,0.0020118951797485,COMPLETED
Enh779_HDDC2,Enh779,Enh779,ENSG00000111906,CL:0000127,CL:0000127 total RNA-seq,encode,0.0036370754241943,-0.0036370754241943,COMPLETED
Enh779_NCOA7,Enh779,Enh779,ENSG00000111912,CL:0000127,CL:0000127 total RNA-seq,encode,-0.0064609050750732,0.0064609050750732,COMPLETED
Enh779_RNF217,Enh779,Enh779,ENSG00000146373,CL:0000127,CL:0000127 total RNA-seq,encode,-0.0020716190338134,0.0020716190338134,COMPLETED
Enh779_TPD52L1,Enh779,Enh779,ENSG00000111907,CL:0000127,CL:0000127 total RNA-seq,encode,0.0020749568939208,-0.0020749568939208,COMPLETED
Enh782_HBS1L,Enh782,Enh782,ENSG00000112339,CL:0000127,CL:0000127 total RNA-seq,encode,-0.0076144337654113,0.0076144337654113,COMPLETED
Enh783_BCLAF1,Enh783,Enh783,ENSG00000029363,CL:0000127,CL:0000127 total RNA-seq,encode,-0.0022177100181579,0.0022177100181579,COMPLETED
Enh785_SF3B5,Enh785,Enh785,ENSG00000169976,CL:0000127,CL:0000127 total RNA-seq,encode,0.0108716487884521,-0.0108716487884521,COMPLETED
Enh785_UTRN,Enh785,Enh785,ENSG00000152818,CL:0000127,CL:0000127 total RNA-seq,encode,0.0132697224617004,-0.0132697224617004,COMPLETED
Enh786_GINM1,Enh786,Enh786,ENSG00000055211,CL:0000127,CL:0000127 total RNA-seq,encode,-0.0001177787780761,0.0001177787780761,COMPLETED
Enh786_PCMT1,Enh786,Enh786,ENSG00000120265,CL:0000127,CL:0000127 total RNA-seq,encode,0.0017411708831787,-0.0017411708831787,COMPLETED
Enh786_PPIL4,Enh786,Enh786,ENSG00000131013,CL:0000127,CL:0000127 total RNA-seq,encode,0.0022564530372619,-0.0022564530372619,COMPLETED
Enh789_ARID1B,Enh789,Enh789,ENSG00000049618,CL:0000127,CL:0000127 total RNA-seq,encode,-0.0079286098480224,0.0079286098480224,COMPLETED
Enh78_ELOVL1,Enh78,Enh78,ENSG00000066322,CL:0000127,CL:0000127 total RNA-seq,encode,0.0049973130226135,-0.0049973130226135,COMPLETED
Enh78_MED8,Enh78,Enh78,ENSG00000159479,CL:0000127,CL:0000127 total RNA-seq,encode,-0.001892939209938,0.001892939209938,COMPLETED
Enh793_ARID1B,Enh793,Enh793,ENSG00000049618,CL:0000127,CL:0000127 total RNA-seq,encode,0.0012848377227783,-0.0012848377227783,COMPLETED
Enh793_SNX9,Enh793,Enh793,ENSG00000130340,CL:0000127,CL:0000127 total RNA-seq,encode,-1.52587890625e-05,1.52587890625e-05,COMPLETED
Enh793_TMEM242,Enh793,Enh793,ENSG00000215712,CL:0000127,CL:0000127 total RNA-seq,encode,-0.0040942430496215,0.0040942430496215,COMPLETED
Enh794_QKI,Enh794,Enh794,ENSG00000112531,CL:0000127,CL:0000127 total RNA-seq,encode,-0.0515252351760864,0.0515252351760864,COMPLETED
Enh795_QKI,Enh795,Enh795,ENSG00000112531,CL:0000127,CL:0000127 total RNA-seq,encode,0.0023717880249023,-0.0023717880249023,COMPLETED
Enh799_HIST1H2BG,Enh799,Enh799,ENSG00000273802,CL:0000127,CL:0000127 total RNA-seq,encode,0.0010653734207153,-0.0010653734207153,COMPLETED
Enh79_CMPK1,Enh79,Enh79,ENSG00000162368,CL:0000127,CL:0000127 total RNA-seq,encode,0.0006743669509887,-0.0006743669509887,COMPLETED
Enh7_ATP1A1,Enh7,Enh7,ENSG00000163399,CL:0000127,CL:0000127 total RNA-seq,encode,-0.0034636259078979,0.0034636259078979,COMPLETED
Enh800_HIST1H4C,Enh800,Enh800,ENSG00000197061,CL:0000127,CL:0000127 total RNA-seq,encode,-0.0004400014877319,0.0004400014877319,COMPLETED
Enh801_HMGN4,Enh801,Enh801,ENSG00000182952,CL:0000127,CL:0000127 total RNA-seq,encode,-0.0020508766174316,0.0020508766174316,COMPLETED
Enh802_HIST1H4C,Enh802,Enh802,ENSG00000197061,CL:0000127,CL:0000127 total RNA-seq,encode,-0.0005425214767456,0.0005425214767456,COMPLETED
Enh805_HIST1H4C,Enh805,Enh805,ENSG00000197061,CL:0000127,CL:0000127 total RNA-seq,encode,0.0036354064941406,-0.0036354064941406,COMPLETED
Enh806_HIST1H4C,Enh806,Enh806,ENSG00000197061,CL:0000127,CL:0000127 total RNA-seq,encode,0.0005460977554321,-0.0005460977554321,COMPLETED
Enh810_ZSCAN16-AS1,Enh810,Enh810,ENSG00000269293,CL:0000127,CL:0000127 total RNA-seq,encode,0.0026817321777343,-0.0026817321777343,COMPLETED
Enh811_ZSCAN16-AS1,Enh811,Enh811,ENSG00000269293,CL:0000127,CL:0000127 total RNA-seq,encode,0.0010595321655273,-0.0010595321655273,COMPLETED
Enh812_ZSCAN16-AS1,Enh812,Enh812,ENSG00000269293,CL:0000127,CL:0000127 total RNA-seq,encode,-0.0023260116577148,0.0023260116577148,COMPLETED
Enh813_CUTA,Enh813,Enh813,ENSG00000112514,CL:0000127,CL:0000127 total RNA-seq,encode,0.0004723072052001,-0.0004723072052001,COMPLETED
Enh813_HMGA1,Enh813,Enh813,ENSG00000137309,CL:0000127,CL:0000127 total RNA-seq,encode,7.56978988647461e-05,-7.56978988647461e-05,COMPLETED
Enh813_PFDN6,Enh813,Enh813,ENSG00000204220,CL:0000127,CL:0000127 total RNA-seq,encode,-0.0017758607864379,0.0017758607864379,COMPLETED
Enh813_RPS18,Enh813,Enh813,ENSG00000231500,CL:0000127,CL:0000127 total RNA-seq,encode,0.0010223388671875,-0.0010223388671875,COMPLETED
Enh813_SMIM29,Enh813,Enh813,ENSG00000186577,CL:0000127,CL:0000127 total RNA-seq,encode,0.0029728934168815,-0.0029728934168815,COMPLETED
Enh813_TAPBP,Enh813,Enh813,ENSG00000231925,CL:0000127,CL:0000127 total RNA-seq,encode,-0.0008280277252197,0.0008280277252197,COMPLETED
Enh813_UQCC2,Enh813,Enh813,ENSG00000137288,CL:0000127,CL:0000127 total RNA-seq,encode,0.0020816326141357,-0.0020816326141357,COMPLETED
Enh814_HMGA1,Enh814,Enh814,ENSG00000137309,CL:0000127,CL:0000127 total RNA-seq,encode,-0.0596066713333129,0.0596066713333129,COMPLETED
Enh814_NUDT3,Enh814,Enh814,ENSG00000272325,CL:0000127,CL:0000127 total RNA-seq,encode,-0.0047707557678222,0.0047707557678222,COMPLETED
Enh814_RPS10,Enh814,Enh814,ENSG00000124614,CL:0000127,CL:0000127 total RNA-seq,encode,-0.0006380081176757,0.0006380081176757,COMPLETED
Enh814_SMIM29,Enh814,Enh814,ENSG00000186577,CL:0000127,CL:0000127 total RNA-seq,encode,-0.002744972705841,0.002744972705841,COMPLETED
Enh815_RPL10A,Enh815,Enh815,ENSG00000198755,CL:0000127,CL:0000127 total RNA-seq,encode,-0.0009310245513916,0.0009310245513916,COMPLETED
Enh815_SRPK1,Enh815,Enh815,ENSG00000096063,CL:0000127,CL:0000127 total RNA-seq,encode,-0.0006995797157287,0.0006995797157287,COMPLETED
Enh816_RPL10A,Enh816,Enh816,ENSG00000198755,CL:0000127,CL:0000127 total RNA-seq,encode,-0.0012745857238769,0.0012745857238769,COMPLETED
Enh816_SRPK1,Enh816,Enh816,ENSG00000096063,CL:0000127,CL:0000127 total RNA-seq,encode,-0.0019711256027221,0.0019711256027221,COMPLETED
Enh817_KCTD20,Enh817,Enh817,ENSG00000112078,CL:0000127,CL:0000127 total RNA-seq,encode,-0.0005840063095092,0.0005840063095092,COMPLETED
Enh817_SRPK1,Enh817,Enh817,ENSG00000096063,CL:0000127,CL:0000127 total RNA-seq,encode,0.001583844423294,-0.001583844423294,COMPLETED
Enh817_SRSF3,Enh817,Enh817,ENSG00000112081,CL:0000127,CL:0000127 total RNA-seq,encode,-0.0007553696632385,0.0007553696632385,COMPLETED
Enh818_CDKN1A,Enh818,Enh818,ENSG00000124762,CL:0000127,CL:0000127 total RNA-seq,encode,-0.0016698837280273,0.0016698837280273,COMPLETED
Enh818_KCTD20,Enh818,Enh818,ENSG00000112078,CL:0000127,CL:0000127 total RNA-seq,encode,-0.002368152141571,0.002368152141571,COMPLETED
Enh818_SRPK1,Enh818,Enh818,ENSG00000096063,CL:0000127,CL:0000127 total RNA-seq,encode,0.0017989873886108,-0.0017989873886108,COMPLETED
Enh818_SRSF3,Enh818,Enh818,ENSG00000112081,CL:0000127,CL:0000127 total RNA-seq,encode,-0.0014345049858093,0.0014345049858093,COMPLETED
Enh818_STK38,Enh818,Enh818,ENSG00000112079,CL:0000127,CL:0000127 total RNA-seq,encode,-0.0001152902841567,0.0001152902841567,COMPLETED
Enh819_MEA1,Enh819,Enh819,ENSG00000124733,CL:0000127,CL:0000127 total RNA-seq,encode,-0.0016050785779953,0.0016050785779953,COMPLETED
Enh819_MRPS10,Enh819,Enh819,ENSG00000048544,CL:0000127,CL:0000127 total RNA-seq,encode,-0.0008686184883117,0.0008686184883117,COMPLETED
Enh819_PPP2R5D,Enh819,Enh819,ENSG00000112640,CL:0000127,CL:0000127 total RNA-seq,encode,0.000853419303894,-0.000853419303894,COMPLETED
Enh819_RPL7L1,Enh819,Enh819,ENSG00000146223,CL:0000127,CL:0000127 total RNA-seq,encode,-0.0009424090385437,0.0009424090385437,COMPLETED
Enh819_RRP36,Enh819,Enh819,ENSG00000124541,CL:0000127,CL:0000127 total RNA-seq,encode,0.0008441805839538,-0.0008441805839538,COMPLETED
Enh820_MEA1,Enh820,Enh820,ENSG00000124733,CL:0000127,CL:0000127 total RNA-seq,encode,-0.0021141320466995,0.0021141320466995,COMPLETED
Enh820_MRPS10,Enh820,Enh820,ENSG00000048544,CL:0000127,CL:0000127 total RNA-seq,encode,-0.0022189617156982,0.0022189617156982,COMPLETED
Enh820_RPL7L1,Enh820,Enh820,ENSG00000146223,CL:0000127,CL:0000127 total RNA-seq,encode,0.0013439655303955,-0.0013439655303955,COMPLETED
Enh820_RRP36,Enh820,Enh820,ENSG00000124541,CL:0000127,CL:0000127 total RNA-seq,encode,0.0004355311393737,-0.0004355311393737,COMPLETED
Enh821_DNPH1,Enh821,Enh821,ENSG00000112667,CL:0000127,CL:0000127 total RNA-seq,encode,0.0018352270126342,-0.0018352270126342,COMPLETED
Enh821_MRPL14,Enh821,Enh821,ENSG00000180992,CL:0000127,CL:0000127 total RNA-seq,encode,0.0025005340576171,-0.0025005340576171,COMPLETED
Enh821_MRPS18A,Enh821,Enh821,ENSG00000096080,CL:0000127,CL:0000127 total RNA-seq,encode,-0.0053892433643341,0.0053892433643341,COMPLETED
Enh821_VEGFA,Enh821,Enh821,ENSG00000112715,CL:0000127,CL:0000127 total RNA-seq,encode,0.013609766960144,-0.013609766960144,COMPLETED
Enh821_YIPF3,Enh821,Enh821,ENSG00000137207,CL:0000127,CL:0000127 total RNA-seq,encode,0.0022588968276977,-0.0022588968276977,COMPLETED
Enh822_SMAP1,Enh822,Enh822,ENSG00000112305,CL:0000127,CL:0000127 total RNA-seq,encode,-0.0027911067008972,0.0027911067008972,COMPLETED
Enh824_HMGN3,Enh824,Enh824,ENSG00000118418,CL:0000127,CL:0000127 total RNA-seq,encode,-0.0037928223609924,0.0037928223609924,COMPLETED
Enh824_PHIP,Enh824,Enh824,ENSG00000146247,CL:0000127,CL:0000127 total RNA-seq,encode,-0.0021320581436157,0.0021320581436157,COMPLETED
Enh826_AKIRIN2,Enh826,Enh826,ENSG00000135334,CL:0000127,CL:0000127 total RNA-seq,encode,0.001269906759262,-0.001269906759262,COMPLETED
Enh826_ORC3,Enh826,Enh826,ENSG00000135336,CL:0000127,CL:0000127 total RNA-seq,encode,0.0011861324310302,-0.0011861324310302,COMPLETED
Enh826_RARS2,Enh826,Enh826,ENSG00000146282,CL:0000127,CL:0000127 total RNA-seq,encode,0.0008128881454467,-0.0008128881454467,COMPLETED
Enh830_COPS6,Enh830,Enh830,ENSG00000168090,CL:0000127,CL:0000127 total RNA-seq,encode,0.0009027123451232,-0.0009027123451232,COMPLETED
Enh830_GNB2,Enh830,Enh830,ENSG00000172354,CL:0000127,CL:0000127 total RNA-seq,encode,-4.4465065002441406e-05,4.4465065002441406e-05,COMPLETED
Enh830_LAMTOR4,Enh830,Enh830,ENSG00000188186,CL:0000127,CL:0000127 total RNA-seq,encode,0.0013247430324554,-0.0013247430324554,COMPLETED
Enh830_TRIP6,Enh830,Enh830,ENSG00000087077,CL:0000127,CL:0000127 total RNA-seq,encode,0.0008023977279663,-0.0008023977279663,COMPLETED
Enh830_ZKSCAN1,Enh830,Enh830,ENSG00000106261,CL:0000127,CL:0000127 total RNA-seq,encode,-0.0021059811115264,0.0021059811115264,COMPLETED
Enh831_AP1S1,Enh831,Enh831,ENSG00000106367,CL:0000127,CL:0000127 total RNA-seq,encode,-0.0127637386322021,0.0127637386322021,COMPLETED
Enh831_FIS1,Enh831,Enh831,ENSG00000214253,CL:0000127,CL:0000127 total RNA-seq,encode,-0.0010315179824829,0.0010315179824829,COMPLETED
Enh831_GNB2,Enh831,Enh831,ENSG00000172354,CL:0000127,CL:0000127 total RNA-seq,encode,-0.0010164976119995,0.0010164976119995,COMPLETED
Enh831_PLOD3,Enh831,Enh831,ENSG00000106397,CL:0000127,CL:0000127 total RNA-seq,encode,-0.000547707080841,0.000547707080841,COMPLETED
Enh831_POP7,Enh831,Enh831,ENSG00000172336,CL:0000127,CL:0000127 total RNA-seq,encode,0.0006002783775329,-0.0006002783775329,COMPLETED
Enh831_SERPINE1,Enh831,Enh831,ENSG00000106366,CL:0000127,CL:0000127 total RNA-seq,encode,-0.0447986125946044,0.0447986125946044,COMPLETED
Enh831_SRRT,Enh831,Enh831,ENSG00000087087,CL:0000127,CL:0000127 total RNA-seq,encode,-0.0001298636198043,0.0001298636198043,COMPLETED
Enh831_TRIM56,Enh831,Enh831,ENSG00000169871,CL:0000127,CL:0000127 total RNA-seq,encode,-0.1278265714645385,0.1278265714645385,COMPLETED
Enh831_TRIP6,Enh831,Enh831,ENSG00000087077,CL:0000127,CL:0000127 total RNA-seq,encode,0.0005284547805786,-0.0005284547805786,COMPLETED
Enh831_ZNHIT1,Enh831,Enh831,ENSG00000106400,CL:0000127,CL:0000127 total RNA-seq,encode,-0.0001048445701599,0.0001048445701599,COMPLETED
Enh832_SYPL1,Enh832,Enh832,ENSG00000008282,CL:0000127,CL:0000127 total RNA-seq,encode,-0.0068519711494445,0.0068519711494445,COMPLETED
Enh833_SYPL1,Enh833,Enh833,ENSG00000008282,CL:0000127,CL:0000127 total RNA-seq,encode,0.025730550289154,-0.025730550289154,COMPLETED
Enh834_NAMPT,Enh834,Enh834,ENSG00000105835,CL:0000127,CL:0000127 total RNA-seq,encode,0.0038553476333618,-0.0038553476333618,COMPLETED
Enh834_SYPL1,Enh834,Enh834,ENSG00000008282,CL:0000127,CL:0000127 total RNA-seq,encode,-0.0629165172576904,0.0629165172576904,COMPLETED
Enh835_SYPL1,Enh835,Enh835,ENSG00000008282,CL:0000127,CL:0000127 total RNA-seq,encode,0.0010190606117248,-0.0010190606117248,COMPLETED
Enh838_CPA4,Enh838,Enh838,ENSG00000128510,CL:0000127,CL:0000127 total RNA-seq,encode,0.0027848482131958,-0.0027848482131958,COMPLETED
Enh838_KLHDC10,Enh838,Enh838,ENSG00000128607,CL:0000127,CL:0000127 total RNA-seq,encode,0.0005174577236175,-0.0005174577236175,COMPLETED
Enh838_UBE2H,Enh838,Enh838,ENSG00000186591,CL:0000127,CL:0000127 total RNA-seq,encode,-0.014883279800415,0.014883279800415,COMPLETED
Enh841_CUL1,Enh841,Enh841,ENSG00000055130,CL:0000127,CL:0000127 total RNA-seq,encode,-0.0016026198863983,0.0016026198863983,COMPLETED
Enh842_CUL1,Enh842,Enh842,ENSG00000055130,CL:0000127,CL:0000127 total RNA-seq,encode,0.000596284866333,-0.000596284866333,COMPLETED
Enh842_PDIA4,Enh842,Enh842,ENSG00000155660,CL:0000127,CL:0000127 total RNA-seq,encode,-0.0150632858276367,0.0150632858276367,COMPLETED
Enh845_ABCF2,Enh845,Enh845,ENSG00000033050,CL:0000127,CL:0000127 total RNA-seq,encode,-0.0013624429702758,0.0013624429702758,COMPLETED
Enh845_AGAP3,Enh845,Enh845,ENSG00000133612,CL:0000127,CL:0000127 total RNA-seq,encode,-9.620189666748048e-05,9.620189666748048e-05,COMPLETED
Enh845_CHPF2,Enh845,Enh845,ENSG00000033100,CL:0000127,CL:0000127 total RNA-seq,encode,0.0015265345573425,-0.0015265345573425,COMPLETED
Enh845_FASTK,Enh845,Enh845,ENSG00000164896,CL:0000127,CL:0000127 total RNA-seq,encode,0.0010186433792114,-0.0010186433792114,COMPLETED
Enh845_NUB1,Enh845,Enh845,ENSG00000013374,CL:0000127,CL:0000127 total RNA-seq,encode,0.0028160810470581,-0.0028160810470581,COMPLETED
Enh845_RHEB,Enh845,Enh845,ENSG00000106615,CL:0000127,CL:0000127 total RNA-seq,encode,0.0089918375015258,-0.0089918375015258,COMPLETED
Enh845_SLC4A2,Enh845,Enh845,ENSG00000164889,CL:0000127,CL:0000127 total RNA-seq,encode,-0.0009326338768005,0.0009326338768005,COMPLETED
Enh845_SMARCD3,Enh845,Enh845,ENSG00000082014,CL:0000127,CL:0000127 total RNA-seq,encode,-0.001893788576126,0.001893788576126,COMPLETED
Enh846_ABCF2,Enh846,Enh846,ENSG00000033050,CL:0000127,CL:0000127 total RNA-seq,encode,-0.0005196630954742,0.0005196630954742,COMPLETED
Enh846_AGAP3,Enh846,Enh846,ENSG00000133612,CL:0000127,CL:0000127 total RNA-seq,encode,0.0001282691955566,-0.0001282691955566,COMPLETED
Enh846_CHPF2,Enh846,Enh846,ENSG00000033100,CL:0000127,CL:0000127 total RNA-seq,encode,0.0008440017700195,-0.0008440017700195,COMPLETED
Enh846_NUB1,Enh846,Enh846,ENSG00000013374,CL:0000127,CL:0000127 total RNA-seq,encode,-0.0021874606609344,0.0021874606609344,COMPLETED
Enh846_RHEB,Enh846,Enh846,ENSG00000106615,CL:0000127,CL:0000127 total RNA-seq,encode,-0.0056639909744262,0.0056639909744262,COMPLETED
Enh846_SLC4A2,Enh846,Enh846,ENSG00000164889,CL:0000127,CL:0000127 total RNA-seq,encode,-0.0005073547363281,0.0005073547363281,COMPLETED
Enh846_SMARCD3,Enh846,Enh846,ENSG00000082014,CL:0000127,CL:0000127 total RNA-seq,encode,-0.0026563107967376,0.0026563107967376,COMPLETED
Enh848_DNAJB6,Enh848,Enh848,ENSG00000105993,CL:0000127,CL:0000127 total RNA-seq,encode,-0.0109814405441284,0.0109814405441284,COMPLETED
Enh849_DNAJB6,Enh849,Enh849,ENSG00000105993,CL:0000127,CL:0000127 total RNA-seq,encode,-0.2015599012374878,0.2015599012374878,COMPLETED
Enh849_UBE3C,Enh849,Enh849,ENSG00000009335,CL:0000127,CL:0000127 total RNA-seq,encode,-0.006145566701889,0.006145566701889,COMPLETED
Enh84_RNF11,Enh84,Enh84,ENSG00000123091,CL:0000127,CL:0000127 total RNA-seq,encode,0.0029075145721435,-0.0029075145721435,COMPLETED
Enh851_CBX3,Enh851,Enh851,ENSG00000122565,CL:0000127,CL:0000127 total RNA-seq,encode,-0.0023868680000305,0.0023868680000305,COMPLETED
Enh851_HNRNPA2B1,Enh851,Enh851,ENSG00000122566,CL:0000127,CL:0000127 total RNA-seq,encode,-0.0039499513804912,0.0039499513804912,COMPLETED
Enh852_MRPL32,Enh852,Enh852,ENSG00000106591,CL:0000127,CL:0000127 total RNA-seq,encode,0.0035225450992584,-0.0035225450992584,COMPLETED
Enh852_PSMA2,Enh852,Enh852,ENSG00000106588,CL:0000127,CL:0000127 total RNA-seq,encode,-0.0015125721693038,0.0015125721693038,COMPLETED
Enh853_EGFR,Enh853,Enh853,ENSG00000146648,CL:0000127,CL:0000127 total RNA-seq,encode,0.0037616491317749,-0.0037616491317749,COMPLETED
Enh853_SEC61G,Enh853,Enh853,ENSG00000132432,CL:0000127,CL:0000127 total RNA-seq,encode,-0.0055323243141174,0.0055323243141174,COMPLETED
Enh854_HSPB1,Enh854,Enh854,ENSG00000106211,CL:0000127,CL:0000127 total RNA-seq,encode,-0.269439697265625,0.269439697265625,COMPLETED
Enh854_MDH2,Enh854,Enh854,ENSG00000146701,CL:0000127,CL:0000127 total RNA-seq,encode,0.0010080337524414,-0.0010080337524414,COMPLETED
Enh854_YWHAG,Enh854,Enh854,ENSG00000170027,CL:0000127,CL:0000127 total RNA-seq,encode,-0.0105975866317749,0.0105975866317749,COMPLETED
Enh855_HSPB1,Enh855,Enh855,ENSG00000106211,CL:0000127,CL:0000127 total RNA-seq,encode,-0.1581782102584839,0.1581782102584839,COMPLETED
Enh855_MDH2,Enh855,Enh855,ENSG00000146701,CL:0000127,CL:0000127 total RNA-seq,encode,-0.0007905960083007,0.0007905960083007,COMPLETED
Enh855_YWHAG,Enh855,Enh855,ENSG00000170027,CL:0000127,CL:0000127 total RNA-seq,encode,-0.002545952796936,0.002545952796936,COMPLETED
Enh856_HSPB1,Enh856,Enh856,ENSG00000106211,CL:0000127,CL:0000127 total RNA-seq,encode,-0.1657248735427856,0.1657248735427856,COMPLETED
Enh856_MDH2,Enh856,Enh856,ENSG00000146701,CL:0000127,CL:0000127 total RNA-seq,encode,0.0001851320266723,-0.0001851320266723,COMPLETED
Enh856_YWHAG,Enh856,Enh856,ENSG00000170027,CL:0000127,CL:0000127 total RNA-seq,encode,-0.0006269216537475,0.0006269216537475,COMPLETED
Enh857_HSPB1,Enh857,Enh857,ENSG00000106211,CL:0000127,CL:0000127 total RNA-seq,encode,-0.0048691034317016,0.0048691034317016,COMPLETED
Enh857_MDH2,Enh857,Enh857,ENSG00000146701,CL:0000127,CL:0000127 total RNA-seq,encode,-0.0006591081619262,0.0006591081619262,COMPLETED
Enh857_POR,Enh857,Enh857,ENSG00000127948,CL:0000127,CL:0000127 total RNA-seq,encode,-0.0005609020590782,0.0005609020590782,COMPLETED
Enh857_YWHAG,Enh857,Enh857,ENSG00000170027,CL:0000127,CL:0000127 total RNA-seq,encode,4.76837158203125e-07,-4.76837158203125e-07,COMPLETED
Enh858_HSPB1,Enh858,Enh858,ENSG00000106211,CL:0000127,CL:0000127 total RNA-seq,encode,0.0409439802169799,-0.0409439802169799,COMPLETED
Enh858_MDH2,Enh858,Enh858,ENSG00000146701,CL:0000127,CL:0000127 total RNA-seq,encode,-0.0004410743713378,0.0004410743713378,COMPLETED
Enh858_POR,Enh858,Enh858,ENSG00000127948,CL:0000127,CL:0000127 total RNA-seq,encode,-0.0008967295289039,0.0008967295289039,COMPLETED
Enh858_YWHAG,Enh858,Enh858,ENSG00000170027,CL:0000127,CL:0000127 total RNA-seq,encode,0.0012259483337402,-0.0012259483337402,COMPLETED
Enh859_HSPB1,Enh859,Enh859,ENSG00000106211,CL:0000127,CL:0000127 total RNA-seq,encode,-0.0124207735061645,0.0124207735061645,COMPLETED
Enh859_MDH2,Enh859,Enh859,ENSG00000146701,CL:0000127,CL:0000127 total RNA-seq,encode,-0.0005407333374023,0.0005407333374023,COMPLETED
Enh859_YWHAG,Enh859,Enh859,ENSG00000170027,CL:0000127,CL:0000127 total RNA-seq,encode,0.004204511642456,-0.004204511642456,COMPLETED
Enh85_RNF11,Enh85,Enh85,ENSG00000123091,CL:0000127,CL:0000127 total RNA-seq,encode,-0.0006638765335083,0.0006638765335083,COMPLETED
Enh860_HSPB1,Enh860,Enh860,ENSG00000106211,CL:0000127,CL:0000127 total RNA-seq,encode,-0.0194796323776245,0.0194796323776245,COMPLETED
Enh860_MDH2,Enh860,Enh860,ENSG00000146701,CL:0000127,CL:0000127 total RNA-seq,encode,-0.000950813293457,0.000950813293457,COMPLETED
Enh860_POR,Enh860,Enh860,ENSG00000127948,CL:0000127,CL:0000127 total RNA-seq,encode,0.0020451322197914,-0.0020451322197914,COMPLETED
Enh860_YWHAG,Enh860,Enh860,ENSG00000170027,CL:0000127,CL:0000127 total RNA-seq,encode,0.0107067823410034,-0.0107067823410034,COMPLETED
Enh861_HSPB1,Enh861,Enh861,ENSG00000106211,CL:0000127,CL:0000127 total RNA-seq,encode,-0.0038386583328247,0.0038386583328247,COMPLETED
Enh861_MDH2,Enh861,Enh861,ENSG00000146701,CL:0000127,CL:0000127 total RNA-seq,encode,6.341934204101562e-05,-6.341934204101562e-05,COMPLETED
Enh861_POR,Enh861,Enh861,ENSG00000127948,CL:0000127,CL:0000127 total RNA-seq,encode,0.0026376023888587,-0.0026376023888587,COMPLETED
Enh861_YWHAG,Enh861,Enh861,ENSG00000170027,CL:0000127,CL:0000127 total RNA-seq,encode,0.0172046422958374,-0.0172046422958374,COMPLETED
Enh862_HSPB1,Enh862,Enh862,ENSG00000106211,CL:0000127,CL:0000127 total RNA-seq,encode,0.0141083002090454,-0.0141083002090454,COMPLETED
Enh862_MDH2,Enh862,Enh862,ENSG00000146701,CL:0000127,CL:0000127 total RNA-seq,encode,0.0016906261444091,-0.0016906261444091,COMPLETED
Enh862_POR,Enh862,Enh862,ENSG00000127948,CL:0000127,CL:0000127 total RNA-seq,encode,0.000594824552536,-0.000594824552536,COMPLETED
Enh862_YWHAG,Enh862,Enh862,ENSG00000170027,CL:0000127,CL:0000127 total RNA-seq,encode,0.0071532726287841,-0.0071532726287841,COMPLETED
Enh863_HSPB1,Enh863,Enh863,ENSG00000106211,CL:0000127,CL:0000127 total RNA-seq,encode,0.0018759965896606,-0.0018759965896606,COMPLETED
Enh863_MDH2,Enh863,Enh863,ENSG00000146701,CL:0000127,CL:0000127 total RNA-seq,encode,0.0001139640808105,-0.0001139640808105,COMPLETED
Enh863_POR,Enh863,Enh863,ENSG00000127948,CL:0000127,CL:0000127 total RNA-seq,encode,0.0015213713049888,-0.0015213713049888,COMPLETED
Enh863_YWHAG,Enh863,Enh863,ENSG00000170027,CL:0000127,CL:0000127 total RNA-seq,encode,-0.0276298522949218,0.0276298522949218,COMPLETED
Enh864_HSPB1,Enh864,Enh864,ENSG00000106211,CL:0000127,CL:0000127 total RNA-seq,encode,0.00581955909729,-0.00581955909729,COMPLETED
Enh864_MDH2,Enh864,Enh864,ENSG00000146701,CL:0000127,CL:0000127 total RNA-seq,encode,0.0007137656211853,-0.0007137656211853,COMPLETED
Enh864_POR,Enh864,Enh864,ENSG00000127948,CL:0000127,CL:0000127 total RNA-seq,encode,0.0057622455060482,-0.0057622455060482,COMPLETED
Enh864_STYXL1,Enh864,Enh864,ENSG00000127952,CL:0000127,CL:0000127 total RNA-seq,encode,-0.0009616613388061,0.0009616613388061,COMPLETED
Enh864_YWHAG,Enh864,Enh864,ENSG00000170027,CL:0000127,CL:0000127 total RNA-seq,encode,-0.1252552270889282,0.1252552270889282,COMPLETED
Enh866_PABPC1,Enh866,Enh866,ENSG00000070756,CL:0000127,CL:0000127 total RNA-seq,encode,0.0117068886756896,-0.0117068886756896,COMPLETED
Enh866_YWHAZ,Enh866,Enh866,ENSG00000164924,CL:0000127,CL:0000127 total RNA-seq,encode,0.0025867223739624,-0.0025867223739624,COMPLETED
Enh866_ZNF706,Enh866,Enh866,ENSG00000120963,CL:0000127,CL:0000127 total RNA-seq,encode,0.0038536787033081,-0.0038536787033081,COMPLETED
Enh867_PABPC1,Enh867,Enh867,ENSG00000070756,CL:0000127,CL:0000127 total RNA-seq,encode,-0.0019487142562866,0.0019487142562866,COMPLETED
Enh867_YWHAZ,Enh867,Enh867,ENSG00000164924,CL:0000127,CL:0000127 total RNA-seq,encode,0.0022934675216674,-0.0022934675216674,COMPLETED
Enh867_ZNF706,Enh867,Enh867,ENSG00000120963,CL:0000127,CL:0000127 total RNA-seq,encode,0.003796100616455,-0.003796100616455,COMPLETED
Enh868_PABPC1,Enh868,Enh868,ENSG00000070756,CL:0000127,CL:0000127 total RNA-seq,encode,-0.0007817149162292,0.0007817149162292,COMPLETED
Enh868_YWHAZ,Enh868,Enh868,ENSG00000164924,CL:0000127,CL:0000127 total RNA-seq,encode,0.0013554096221923,-0.0013554096221923,COMPLETED
Enh868_ZNF706,Enh868,Enh868,ENSG00000120963,CL:0000127,CL:0000127 total RNA-seq,encode,0.0044246912002563,-0.0044246912002563,COMPLETED
Enh869_PABPC1,Enh869,Enh869,ENSG00000070756,CL:0000127,CL:0000127 total RNA-seq,encode,-0.000283658504486,0.000283658504486,COMPLETED
Enh869_YWHAZ,Enh869,Enh869,ENSG00000164924,CL:0000127,CL:0000127 total RNA-seq,encode,0.0206091403961181,-0.0206091403961181,COMPLETED
Enh869_ZNF706,Enh869,Enh869,ENSG00000120963,CL:0000127,CL:0000127 total RNA-seq,encode,0.0120308399200439,-0.0120308399200439,COMPLETED
Enh86_RNF11,Enh86,Enh86,ENSG00000123091,CL:0000127,CL:0000127 total RNA-seq,encode,-0.0002930164337158,0.0002930164337158,COMPLETED
Enh870_PABPC1,Enh870,Enh870,ENSG00000070756,CL:0000127,CL:0000127 total RNA-seq,encode,-0.002822458744049,0.002822458744049,COMPLETED
Enh870_YWHAZ,Enh870,Enh870,ENSG00000164924,CL:0000127,CL:0000127 total RNA-seq,encode,-0.0016461610794067,0.0016461610794067,COMPLETED
Enh870_ZNF706,Enh870,Enh870,ENSG00000120963,CL:0000127,CL:0000127 total RNA-seq,encode,-0.0038467645645141,0.0038467645645141,COMPLETED
Enh871_PABPC1,Enh871,Enh871,ENSG00000070756,CL:0000127,CL:0000127 total RNA-seq,encode,-0.0008345246315002,0.0008345246315002,COMPLETED
Enh871_YWHAZ,Enh871,Enh871,ENSG00000164924,CL:0000127,CL:0000127 total RNA-seq,encode,0.0023874044418334,-0.0023874044418334,COMPLETED
Enh871_ZNF706,Enh871,Enh871,ENSG00000120963,CL:0000127,CL:0000127 total RNA-seq,encode,0.0010862350463867,-0.0010862350463867,COMPLETED
Enh873_ATP6V1C1,Enh873,Enh873,ENSG00000155097,CL:0000127,CL:0000127 total RNA-seq,encode,0.0017065405845642,-0.0017065405845642,COMPLETED
Enh873_AZIN1,Enh873,Enh873,ENSG00000155096,CL:0000127,CL:0000127 total RNA-seq,encode,0.0024918913841247,-0.0024918913841247,COMPLETED
Enh873_RRM2B,Enh873,Enh873,ENSG00000048392,CL:0000127,CL:0000127 total RNA-seq,encode,5.3551048040390015e-05,-5.3551048040390015e-05,COMPLETED
Enh873_UBR5,Enh873,Enh873,ENSG00000104517,CL:0000127,CL:0000127 total RNA-seq,encode,0.0133213996887207,-0.0133213996887207,COMPLETED
Enh874_AZIN1,Enh874,Enh874,ENSG00000155096,CL:0000127,CL:0000127 total RNA-seq,encode,0.0006590485572814,-0.0006590485572814,COMPLETED
Enh874_RRM2B,Enh874,Enh874,ENSG00000048392,CL:0000127,CL:0000127 total RNA-seq,encode,0.0010242238640785,-0.0010242238640785,COMPLETED
Enh874_UBR5,Enh874,Enh874,ENSG00000104517,CL:0000127,CL:0000127 total RNA-seq,encode,0.0002674013376235,-0.0002674013376235,COMPLETED
Enh875_ATP6V1C1,Enh875,Enh875,ENSG00000155097,CL:0000127,CL:0000127 total RNA-seq,encode,-0.0001566708087921,0.0001566708087921,COMPLETED
Enh875_AZIN1,Enh875,Enh875,ENSG00000155096,CL:0000127,CL:0000127 total RNA-seq,encode,0.0005608201026916,-0.0005608201026916,COMPLETED
Enh875_RRM2B,Enh875,Enh875,ENSG00000048392,CL:0000127,CL:0000127 total RNA-seq,encode,-0.0004801861941814,0.0004801861941814,COMPLETED
Enh875_UBR5,Enh875,Enh875,ENSG00000104517,CL:0000127,CL:0000127 total RNA-seq,encode,0.0018197000026702,-0.0018197000026702,COMPLETED
Enh876_ATP6V1C1,Enh876,Enh876,ENSG00000155097,CL:0000127,CL:0000127 total RNA-seq,encode,-0.0006989240646362,0.0006989240646362,COMPLETED
Enh876_AZIN1,Enh876,Enh876,ENSG00000155096,CL:0000127,CL:0000127 total RNA-seq,encode,0.000661551952362,-0.000661551952362,COMPLETED
Enh876_KLF10,Enh876,Enh876,ENSG00000155090,CL:0000127,CL:0000127 total RNA-seq,encode,-0.0400121994316577,0.0400121994316577,COMPLETED
Enh876_UBR5,Enh876,Enh876,ENSG00000104517,CL:0000127,CL:0000127 total RNA-seq,encode,-0.0005651414394378,0.0005651414394378,COMPLETED
Enh877_EXT1,Enh877,Enh877,ENSG00000182197,CL:0000127,CL:0000127 total RNA-seq,encode,0.0012545883655548,-0.0012545883655548,COMPLETED
Enh878_CTSB,Enh878,Enh878,ENSG00000164733,CL:0000127,CL:0000127 total RNA-seq,encode,-0.015427827835083,0.015427827835083,COMPLETED
Enh878_FDFT1,Enh878,Enh878,ENSG00000079459,CL:0000127,CL:0000127 total RNA-seq,encode,-0.0124637484550476,0.0124637484550476,COMPLETED
Enh888_BNIP3L,Enh888,Enh888,ENSG00000104765,CL:0000127,CL:0000127 total RNA-seq,encode,-0.0012656450271606,0.0012656450271606,COMPLETED
Enh888_DPYSL2,Enh888,Enh888,ENSG00000092964,CL:0000127,CL:0000127 total RNA-seq,encode,-0.0012555122375488,0.0012555122375488,COMPLETED
Enh888_PPP2R2A,Enh888,Enh888,ENSG00000221914,CL:0000127,CL:0000127 total RNA-seq,encode,0.001349925994873,-0.001349925994873,COMPLETED
Enh889_BNIP3L,Enh889,Enh889,ENSG00000104765,CL:0000127,CL:0000127 total RNA-seq,encode,0.0003750324249267,-0.0003750324249267,COMPLETED
Enh889_DPYSL2,Enh889,Enh889,ENSG00000092964,CL:0000127,CL:0000127 total RNA-seq,encode,8.344650268554688e-07,-8.344650268554688e-07,COMPLETED
Enh889_PPP2R2A,Enh889,Enh889,ENSG00000221914,CL:0000127,CL:0000127 total RNA-seq,encode,-0.001889944076538,0.001889944076538,COMPLETED
Enh88_SCP2,Enh88,Enh88,ENSG00000116171,CL:0000127,CL:0000127 total RNA-seq,encode,-0.0012753307819366,0.0012753307819366,COMPLETED
Enh890_BNIP3L,Enh890,Enh890,ENSG00000104765,CL:0000127,CL:0000127 total RNA-seq,encode,-0.0022422075271606,0.0022422075271606,COMPLETED
Enh890_DPYSL2,Enh890,Enh890,ENSG00000092964,CL:0000127,CL:0000127 total RNA-seq,encode,0.0040318965911865,-0.0040318965911865,COMPLETED
Enh890_PPP2R2A,Enh890,Enh890,ENSG00000221914,CL:0000127,CL:0000127 total RNA-seq,encode,-0.0030241012573242,0.0030241012573242,COMPLETED
Enh893_HOOK3,Enh893,Enh893,ENSG00000168172,CL:0000127,CL:0000127 total RNA-seq,encode,0.0017241239547729,-0.0017241239547729,COMPLETED
Enh893_PLAT,Enh893,Enh893,ENSG00000104368,CL:0000127,CL:0000127 total RNA-seq,encode,-0.0007215738296508,0.0007215738296508,COMPLETED
Enh893_VDAC3,Enh893,Enh893,ENSG00000078668,CL:0000127,CL:0000127 total RNA-seq,encode,0.0137123465538024,-0.0137123465538024,COMPLETED
Enh894_HOOK3,Enh894,Enh894,ENSG00000168172,CL:0000127,CL:0000127 total RNA-seq,encode,0.0214441418647766,-0.0214441418647766,COMPLETED
Enh894_VDAC3,Enh894,Enh894,ENSG00000078668,CL:0000127,CL:0000127 total RNA-seq,encode,0.0011663436889648,-0.0011663436889648,COMPLETED
Enh895_ATP6V1H,Enh895,Enh895,ENSG00000047249,CL:0000127,CL:0000127 total RNA-seq,encode,-0.0051777362823486,0.0051777362823486,COMPLETED
Enh895_TCEA1,Enh895,Enh895,ENSG00000187735,CL:0000127,CL:0000127 total RNA-seq,encode,0.0001388788223266,-0.0001388788223266,COMPLETED
Enh896_ATP6V1H,Enh896,Enh896,ENSG00000047249,CL:0000127,CL:0000127 total RNA-seq,encode,-0.0045048892498016,0.0045048892498016,COMPLETED
Enh896_TCEA1,Enh896,Enh896,ENSG00000187735,CL:0000127,CL:0000127 total RNA-seq,encode,-0.0027911067008972,0.0027911067008972,COMPLETED
Enh897_RAB2A,Enh897,Enh897,ENSG00000104388,CL:0000127,CL:0000127 total RNA-seq,encode,0.0009254217147827,-0.0009254217147827,COMPLETED
Enh899_MYBL1,Enh899,Enh899,ENSG00000185697,CL:0000127,CL:0000127 total RNA-seq,encode,0.0093319416046142,-0.0093319416046142,COMPLETED
Enh899_SNHG6,Enh899,Enh899,ENSG00000245910,CL:0000127,CL:0000127 total RNA-seq,encode,0.0008060336112976,-0.0008060336112976,COMPLETED
Enh89_MRPL37,Enh89,Enh89,ENSG00000116221,CL:0000127,CL:0000127 total RNA-seq,encode,-0.0062964558601379,0.0062964558601379,COMPLETED
Enh89_TMEM59,Enh89,Enh89,ENSG00000116209,CL:0000127,CL:0000127 total RNA-seq,encode,-0.0021595060825347,0.0021595060825347,COMPLETED
Enh8_ATP1A1,Enh8,Enh8,ENSG00000163399,CL:0000127,CL:0000127 total RNA-seq,encode,-0.0103745460510253,0.0103745460510253,COMPLETED
Enh900_MYBL1,Enh900,Enh900,ENSG00000185697,CL:0000127,CL:0000127 total RNA-seq,encode,-0.1442091464996338,0.1442091464996338,COMPLETED
Enh900_SNHG6,Enh900,Enh900,ENSG00000245910,CL:0000127,CL:0000127 total RNA-seq,encode,-0.0009315907955169,0.0009315907955169,COMPLETED
Enh901_MYBL1,Enh901,Enh901,ENSG00000185697,CL:0000127,CL:0000127 total RNA-seq,encode,-0.0236067771911621,0.0236067771911621,COMPLETED
Enh901_SNHG6,Enh901,Enh901,ENSG00000245910,CL:0000127,CL:0000127 total RNA-seq,encode,0.0011373311281204,-0.0011373311281204,COMPLETED
Enh902_SNHG6,Enh902,Enh902,ENSG00000245910,CL:0000127,CL:0000127 total RNA-seq,encode,0.0003037750720977,-0.0003037750720977,COMPLETED
Enh908_MTDH,Enh908,Enh908,ENSG00000147649,CL:0000127,CL:0000127 total RNA-seq,encode,-0.0001012682914733,0.0001012682914733,COMPLETED
Enh909_RPL30,Enh909,Enh909,ENSG00000156482,CL:0000127,CL:0000127 total RNA-seq,encode,0.0015176534652709,-0.0015176534652709,COMPLETED
Enh910_RPL30,Enh910,Enh910,ENSG00000156482,CL:0000127,CL:0000127 total RNA-seq,encode,0.0004149675369262,-0.0004149675369262,COMPLETED
Enh911_MSANTD3,Enh911,Enh911,ENSG00000066697,CL:0000127,CL:0000127 total RNA-seq,encode,-0.005166370421648,0.005166370421648,COMPLETED
Enh911_TEX10,Enh911,Enh911,ENSG00000136891,CL:0000127,CL:0000127 total RNA-seq,encode,-0.0046299695968627,0.0046299695968627,COMPLETED
Enh912_RAD23B,Enh912,Enh912,ENSG00000119318,CL:0000127,CL:0000127 total RNA-seq,encode,-0.0062388181686401,0.0062388181686401,COMPLETED
Enh913_RAD23B,Enh913,Enh913,ENSG00000119318,CL:0000127,CL:0000127 total RNA-seq,encode,-0.0010473728179931,0.0010473728179931,COMPLETED
Enh914_RAD23B,Enh914,Enh914,ENSG00000119318,CL:0000127,CL:0000127 total RNA-seq,encode,-0.0004537105560302,0.0004537105560302,COMPLETED
Enh915_RAD23B,Enh915,Enh915,ENSG00000119318,CL:0000127,CL:0000127 total RNA-seq,encode,0.0007796287536621,-0.0007796287536621,COMPLETED
Enh916_RAD23B,Enh916,Enh916,ENSG00000119318,CL:0000127,CL:0000127 total RNA-seq,encode,-0.0013724565505981,0.0013724565505981,COMPLETED
Enh917_RAD23B,Enh917,Enh917,ENSG00000119318,CL:0000127,CL:0000127 total RNA-seq,encode,-0.0009957551956176,0.0009957551956176,COMPLETED
Enh919_TXN,Enh919,Enh919,ENSG00000136810,CL:0000127,CL:0000127 total RNA-seq,encode,-0.0033740997314453,0.0033740997314453,COMPLETED
Enh91_DHCR24,Enh91,Enh91,ENSG00000116133,CL:0000127,CL:0000127 total RNA-seq,encode,0.0004899501800537,-0.0004899501800537,COMPLETED
Enh91_TTC4,Enh91,Enh91,ENSG00000243725,CL:0000127,CL:0000127 total RNA-seq,encode,2.6166439056396484e-05,-2.6166439056396484e-05,COMPLETED
Enh920_GNG10,Enh920,Enh920,ENSG00000242616,CL:0000127,CL:0000127 total RNA-seq,encode,0.0009814500808715,-0.0009814500808715,COMPLETED
Enh925_C9orf78,Enh925,Enh925,ENSG00000136819,CL:0000127,CL:0000127 total RNA-seq,encode,-0.0001517310738563,0.0001517310738563,COMPLETED
Enh925_NTMT1,Enh925,Enh925,ENSG00000148335,CL:0000127,CL:0000127 total RNA-seq,encode,-0.0008660145103931,0.0008660145103931,COMPLETED
Enh925_PTPA,Enh925,Enh925,ENSG00000119383,CL:0000127,CL:0000127 total RNA-seq,encode,0.0003548264503479,-0.0003548264503479,COMPLETED
Enh926_C9orf78,Enh926,Enh926,ENSG00000136819,CL:0000127,CL:0000127 total RNA-seq,encode,-0.0015846714377403,0.0015846714377403,COMPLETED
Enh926_NTMT1,Enh926,Enh926,ENSG00000148335,CL:0000127,CL:0000127 total RNA-seq,encode,-0.0035881698131561,0.0035881698131561,COMPLETED
Enh926_PTPA,Enh926,Enh926,ENSG00000119383,CL:0000127,CL:0000127 total RNA-seq,encode,-0.0004628300666809,0.0004628300666809,COMPLETED
Enh927_C9orf78,Enh927,Enh927,ENSG00000136819,CL:0000127,CL:0000127 total RNA-seq,encode,-0.0019890964031219,0.0019890964031219,COMPLETED
Enh927_NTMT1,Enh927,Enh927,ENSG00000148335,CL:0000127,CL:0000127 total RNA-seq,encode,-0.0054332390427589,0.0054332390427589,COMPLETED
Enh927_PTPA,Enh927,Enh927,ENSG00000119383,CL:0000127,CL:0000127 total RNA-seq,encode,-0.0048675537109375,0.0048675537109375,COMPLETED
Enh928_C9orf78,Enh928,Enh928,ENSG00000136819,CL:0000127,CL:0000127 total RNA-seq,encode,-0.0004598796367645,0.0004598796367645,COMPLETED
Enh928_NTMT1,Enh928,Enh928,ENSG00000148335,CL:0000127,CL:0000127 total RNA-seq,encode,-4.600733518600464e-05,4.600733518600464e-05,COMPLETED
Enh928_PTPA,Enh928,Enh928,ENSG00000119383,CL:0000127,CL:0000127 total RNA-seq,encode,-0.0005938410758972,0.0005938410758972,COMPLETED
Enh929_C9orf78,Enh929,Enh929,ENSG00000136819,CL:0000127,CL:0000127 total RNA-seq,encode,-0.0020270757377147,0.0020270757377147,COMPLETED
Enh929_NTMT1,Enh929,Enh929,ENSG00000148335,CL:0000127,CL:0000127 total RNA-seq,encode,-0.005937747657299,0.005937747657299,COMPLETED
Enh929_PTPA,Enh929,Enh929,ENSG00000119383,CL:0000127,CL:0000127 total RNA-seq,encode,-0.0038065910339355,0.0038065910339355,COMPLETED
Enh930_C9orf78,Enh930,Enh930,ENSG00000136819,CL:0000127,CL:0000127 total RNA-seq,encode,0.0004259198904037,-0.0004259198904037,COMPLETED
Enh930_NTMT1,Enh930,Enh930,ENSG00000148335,CL:0000127,CL:0000127 total RNA-seq,encode,0.0008232668042182,-0.0008232668042182,COMPLETED
Enh930_PTPA,Enh930,Enh930,ENSG00000119383,CL:0000127,CL:0000127 total RNA-seq,encode,-0.0003987550735473,0.0003987550735473,COMPLETED
Enh931_C9orf78,Enh931,Enh931,ENSG00000136819,CL:0000127,CL:0000127 total RNA-seq,encode,0.0006956458091735,-0.0006956458091735,COMPLETED
Enh931_NTMT1,Enh931,Enh931,ENSG00000148335,CL:0000127,CL:0000127 total RNA-seq,encode,0.0012764334678649,-0.0012764334678649,COMPLETED
Enh931_PTPA,Enh931,Enh931,ENSG00000119383,CL:0000127,CL:0000127 total RNA-seq,encode,0.0003328919410705,-0.0003328919410705,COMPLETED
Enh932_C9orf78,Enh932,Enh932,ENSG00000136819,CL:0000127,CL:0000127 total RNA-seq,encode,-0.0009621381759643,0.0009621381759643,COMPLETED
Enh932_NTMT1,Enh932,Enh932,ENSG00000148335,CL:0000127,CL:0000127 total RNA-seq,encode,-0.0013605132699012,0.0013605132699012,COMPLETED
Enh932_PTPA,Enh932,Enh932,ENSG00000119383,CL:0000127,CL:0000127 total RNA-seq,encode,0.0001223683357238,-0.0001223683357238,COMPLETED
Enh933_C9orf78,Enh933,Enh933,ENSG00000136819,CL:0000127,CL:0000127 total RNA-seq,encode,0.0012564063072204,-0.0012564063072204,COMPLETED
Enh933_NTMT1,Enh933,Enh933,ENSG00000148335,CL:0000127,CL:0000127 total RNA-seq,encode,-0.0018511041998863,0.0018511041998863,COMPLETED
Enh933_PTPA,Enh933,Enh933,ENSG00000119383,CL:0000127,CL:0000127 total RNA-seq,encode,-0.0004910826683044,0.0004910826683044,COMPLETED
Enh934_C9orf78,Enh934,Enh934,ENSG00000136819,CL:0000127,CL:0000127 total RNA-seq,encode,-0.0002102628350257,0.0002102628350257,COMPLETED
Enh934_NTMT1,Enh934,Enh934,ENSG00000148335,CL:0000127,CL:0000127 total RNA-seq,encode,0.0015774816274642,-0.0015774816274642,COMPLETED
Enh934_PTPA,Enh934,Enh934,ENSG00000119383,CL:0000127,CL:0000127 total RNA-seq,encode,0.0018494129180908,-0.0018494129180908,COMPLETED
Enh935_C9orf78,Enh935,Enh935,ENSG00000136819,CL:0000127,CL:0000127 total RNA-seq,encode,8.144229650497437e-05,-8.144229650497437e-05,COMPLETED
Enh935_IER5L,Enh935,Enh935,ENSG00000188483,CL:0000127,CL:0000127 total RNA-seq,encode,-0.001764953136444,0.001764953136444,COMPLETED
Enh935_NTMT1,Enh935,Enh935,ENSG00000148335,CL:0000127,CL:0000127 total RNA-seq,encode,0.0010453090071678,-0.0010453090071678,COMPLETED
Enh935_PTPA,Enh935,Enh935,ENSG00000119383,CL:0000127,CL:0000127 total RNA-seq,encode,0.0006512403488159,-0.0006512403488159,COMPLETED
Enh936_C9orf78,Enh936,Enh936,ENSG00000136819,CL:0000127,CL:0000127 total RNA-seq,encode,0.0015211999416351,-0.0015211999416351,COMPLETED
Enh936_NTMT1,Enh936,Enh936,ENSG00000148335,CL:0000127,CL:0000127 total RNA-seq,encode,-0.0088899098336696,0.0088899098336696,COMPLETED
Enh936_PTPA,Enh936,Enh936,ENSG00000119383,CL:0000127,CL:0000127 total RNA-seq,encode,-0.0008679628372192,0.0008679628372192,COMPLETED
Enh937_C9orf78,Enh937,Enh937,ENSG00000136819,CL:0000127,CL:0000127 total RNA-seq,encode,-0.0005831196904182,0.0005831196904182,COMPLETED
Enh937_NTMT1,Enh937,Enh937,ENSG00000148335,CL:0000127,CL:0000127 total RNA-seq,encode,-0.0080111175775527,0.0080111175775527,COMPLETED
Enh937_PTPA,Enh937,Enh937,ENSG00000119383,CL:0000127,CL:0000127 total RNA-seq,encode,0.0009338855743408,-0.0009338855743408,COMPLETED
Enh938_REXO4,Enh938,Enh938,ENSG00000148300,CL:0000127,CL:0000127 total RNA-seq,encode,-0.0003369897603988,0.0003369897603988,COMPLETED
Enh938_RPL7A,Enh938,Enh938,ENSG00000148303,CL:0000127,CL:0000127 total RNA-seq,encode,-0.0012955665588378,0.0012955665588378,COMPLETED
Enh938_SURF1,Enh938,Enh938,ENSG00000148290,CL:0000127,CL:0000127 total RNA-seq,encode,-0.0011611580848693,0.0011611580848693,COMPLETED
Enh938_SURF4,Enh938,Enh938,ENSG00000148248,CL:0000127,CL:0000127 total RNA-seq,encode,0.0002508163452148,-0.0002508163452148,COMPLETED
Enh938_SURF6,Enh938,Enh938,ENSG00000148296,CL:0000127,CL:0000127 total RNA-seq,encode,-0.0004122257232666,0.0004122257232666,COMPLETED
Enh939_REXO4,Enh939,Enh939,ENSG00000148300,CL:0000127,CL:0000127 total RNA-seq,encode,0.0029812604188919,-0.0029812604188919,COMPLETED
Enh939_RPL7A,Enh939,Enh939,ENSG00000148303,CL:0000127,CL:0000127 total RNA-seq,encode,0.0007390975952148,-0.0007390975952148,COMPLETED
Enh939_SURF1,Enh939,Enh939,ENSG00000148290,CL:0000127,CL:0000127 total RNA-seq,encode,0.0074983616359531,-0.0074983616359531,COMPLETED
Enh939_SURF4,Enh939,Enh939,ENSG00000148248,CL:0000127,CL:0000127 total RNA-seq,encode,0.0017883777618408,-0.0017883777618408,COMPLETED
Enh939_SURF6,Enh939,Enh939,ENSG00000148296,CL:0000127,CL:0000127 total RNA-seq,encode,0.0043790340423583,-0.0043790340423583,COMPLETED
Enh940_BRD3,Enh940,Enh940,ENSG00000169925,CL:0000127,CL:0000127 total RNA-seq,encode,-0.0011368989944458,0.0011368989944458,COMPLETED
Enh940_REXO4,Enh940,Enh940,ENSG00000148300,CL:0000127,CL:0000127 total RNA-seq,encode,-0.0020536929368972,0.0020536929368972,COMPLETED
Enh940_RPL7A,Enh940,Enh940,ENSG00000148303,CL:0000127,CL:0000127 total RNA-seq,encode,-0.0008783340454101,0.0008783340454101,COMPLETED
Enh940_SURF1,Enh940,Enh940,ENSG00000148290,CL:0000127,CL:0000127 total RNA-seq,encode,-0.0040867435745894,0.0040867435745894,COMPLETED
Enh940_SURF2,Enh940,Enh940,ENSG00000148291,CL:0000127,CL:0000127 total RNA-seq,encode,-0.0008425712585449,0.0008425712585449,COMPLETED
Enh940_SURF4,Enh940,Enh940,ENSG00000148248,CL:0000127,CL:0000127 total RNA-seq,encode,-0.0015075206756591,0.0015075206756591,COMPLETED
Enh940_SURF6,Enh940,Enh940,ENSG00000148296,CL:0000127,CL:0000127 total RNA-seq,encode,0.0015357732772827,-0.0015357732772827,COMPLETED
Enh942_COL5A1,Enh942,Enh942,ENSG00000130635,CL:0000127,CL:0000127 total RNA-seq,encode,-0.0141141414642333,0.0141141414642333,COMPLETED
Enh945_UBAC1,Enh945,Enh945,ENSG00000130560,CL:0000127,CL:0000127 total RNA-seq,encode,0.0007419437170028,-0.0007419437170028,COMPLETED
Enh946_PMPCA,Enh946,Enh946,ENSG00000165688,CL:0000127,CL:0000127 total RNA-seq,encode,-0.0011292099952697,0.0011292099952697,COMPLETED
Enh946_UBAC1,Enh946,Enh946,ENSG00000130560,CL:0000127,CL:0000127 total RNA-seq,encode,-0.0112648010253906,0.0112648010253906,COMPLETED
Enh947_AGPAT2,Enh947,Enh947,ENSG00000169692,CL:0000127,CL:0000127 total RNA-seq,encode,-0.0002285242080688,0.0002285242080688,COMPLETED
Enh947_DPP7,Enh947,Enh947,ENSG00000176978,CL:0000127,CL:0000127 total RNA-seq,encode,-0.0051503181457519,0.0051503181457519,COMPLETED
Enh947_EDF1,Enh947,Enh947,ENSG00000107223,CL:0000127,CL:0000127 total RNA-seq,encode,0.00091552734375,-0.00091552734375,COMPLETED
Enh947_FBXW5,Enh947,Enh947,ENSG00000159069,CL:0000127,CL:0000127 total RNA-seq,encode,0.0006451606750488,-0.0006451606750488,COMPLETED
Enh947_MAN1B1,Enh947,Enh947,ENSG00000177239,CL:0000127,CL:0000127 total RNA-seq,encode,-0.0011081099510192,0.0011081099510192,COMPLETED
Enh947_NPDC1,Enh947,Enh947,ENSG00000107281,CL:0000127,CL:0000127 total RNA-seq,encode,-0.0045494735240936,0.0045494735240936,COMPLETED
Enh947_PAXX,Enh947,Enh947,ENSG00000148362,CL:0000127,CL:0000127 total RNA-seq,encode,0.0017275810241699,-0.0017275810241699,COMPLETED
Enh947_PHPT1,Enh947,Enh947,ENSG00000054148,CL:0000127,CL:0000127 total RNA-seq,encode,-0.0025867223739624,0.0025867223739624,COMPLETED
Enh947_PMPCA,Enh947,Enh947,ENSG00000165688,CL:0000127,CL:0000127 total RNA-seq,encode,-0.0011280179023742,0.0011280179023742,COMPLETED
Enh947_RABL6,Enh947,Enh947,ENSG00000196642,CL:0000127,CL:0000127 total RNA-seq,encode,-0.0007441043853759,0.0007441043853759,COMPLETED
Enh947_SEC16A,Enh947,Enh947,ENSG00000148396,CL:0000127,CL:0000127 total RNA-seq,encode,-0.0020400583744049,0.0020400583744049,COMPLETED
Enh947_SNHG7,Enh947,Enh947,ENSG00000233016,CL:0000127,CL:0000127 total RNA-seq,encode,-0.0043290257453918,0.0043290257453918,COMPLETED
Enh947_TMEM141,Enh947,Enh947,ENSG00000244187,CL:0000127,CL:0000127 total RNA-seq,encode,0.0003258883953094,-0.0003258883953094,COMPLETED
Enh948_CLIC3,Enh948,Enh948,ENSG00000169583,CL:0000127,CL:0000127 total RNA-seq,encode,0.0038986206054687,-0.0038986206054687,COMPLETED
Enh948_DPP7,Enh948,Enh948,ENSG00000176978,CL:0000127,CL:0000127 total RNA-seq,encode,-0.0015376508235931,0.0015376508235931,COMPLETED
Enh948_EDF1,Enh948,Enh948,ENSG00000107223,CL:0000127,CL:0000127 total RNA-seq,encode,-0.0009429454803466,0.0009429454803466,COMPLETED
Enh948_FBXW5,Enh948,Enh948,ENSG00000159069,CL:0000127,CL:0000127 total RNA-seq,encode,-0.0006004571914672,0.0006004571914672,COMPLETED
Enh948_NPDC1,Enh948,Enh948,ENSG00000107281,CL:0000127,CL:0000127 total RNA-seq,encode,-0.000431552529335,0.000431552529335,COMPLETED
Enh948_PAXX,Enh948,Enh948,ENSG00000148362,CL:0000127,CL:0000127 total RNA-seq,encode,0.0003487095236778,-0.0003487095236778,COMPLETED
Enh948_PHPT1,Enh948,Enh948,ENSG00000054148,CL:0000127,CL:0000127 total RNA-seq,encode,0.0011508464813232,-0.0011508464813232,COMPLETED
Enh948_PMPCA,Enh948,Enh948,ENSG00000165688,CL:0000127,CL:0000127 total RNA-seq,encode,-0.0009798407554626,0.0009798407554626,COMPLETED
Enh948_RABL6,Enh948,Enh948,ENSG00000196642,CL:0000127,CL:0000127 total RNA-seq,encode,0.0016671121120452,-0.0016671121120452,COMPLETED
Enh948_SEC16A,Enh948,Enh948,ENSG00000148396,CL:0000127,CL:0000127 total RNA-seq,encode,-0.0021536648273468,0.0021536648273468,COMPLETED
Enh948_SNHG7,Enh948,Enh948,ENSG00000233016,CL:0000127,CL:0000127 total RNA-seq,encode,0.0035383701324462,-0.0035383701324462,COMPLETED
Enh948_TMEM141,Enh948,Enh948,ENSG00000244187,CL:0000127,CL:0000127 total RNA-seq,encode,0.0007058084011077,-0.0007058084011077,COMPLETED
Enh949_CLIC3,Enh949,Enh949,ENSG00000169583,CL:0000127,CL:0000127 total RNA-seq,encode,0.0004055500030517,-0.0004055500030517,COMPLETED
Enh949_EDF1,Enh949,Enh949,ENSG00000107223,CL:0000127,CL:0000127 total RNA-seq,encode,-0.0015627145767211,0.0015627145767211,COMPLETED
Enh949_NPDC1,Enh949,Enh949,ENSG00000107281,CL:0000127,CL:0000127 total RNA-seq,encode,-0.000244915485382,0.000244915485382,COMPLETED
Enh949_PHPT1,Enh949,Enh949,ENSG00000054148,CL:0000127,CL:0000127 total RNA-seq,encode,-0.003365159034729,0.003365159034729,COMPLETED
Enh949_RABL6,Enh949,Enh949,ENSG00000196642,CL:0000127,CL:0000127 total RNA-seq,encode,0.0007556974887847,-0.0007556974887847,COMPLETED
Enh949_TMEM141,Enh949,Enh949,ENSG00000244187,CL:0000127,CL:0000127 total RNA-seq,encode,0.001041829586029,-0.001041829586029,COMPLETED
Enh94_LEPROT,Enh94,Enh94,ENSG00000213625,CL:0000127,CL:0000127 total RNA-seq,encode,-0.0007554590702056,0.0007554590702056,COMPLETED
Enh950_DPP7,Enh950,Enh950,ENSG00000176978,CL:0000127,CL:0000127 total RNA-seq,encode,0.0013991892337799,-0.0013991892337799,COMPLETED
Enh950_EDF1,Enh950,Enh950,ENSG00000107223,CL:0000127,CL:0000127 total RNA-seq,encode,0.0027427673339843,-0.0027427673339843,COMPLETED
Enh950_FBXW5,Enh950,Enh950,ENSG00000159069,CL:0000127,CL:0000127 total RNA-seq,encode,-0.0008461475372314,0.0008461475372314,COMPLETED
Enh950_NPDC1,Enh950,Enh950,ENSG00000107281,CL:0000127,CL:0000127 total RNA-seq,encode,0.0012389719486236,-0.0012389719486236,COMPLETED
Enh950_PHPT1,Enh950,Enh950,ENSG00000054148,CL:0000127,CL:0000127 total RNA-seq,encode,0.0005830526351928,-0.0005830526351928,COMPLETED
Enh950_PMPCA,Enh950,Enh950,ENSG00000165688,CL:0000127,CL:0000127 total RNA-seq,encode,-0.000268280506134,0.000268280506134,COMPLETED
Enh950_RABL6,Enh950,Enh950,ENSG00000196642,CL:0000127,CL:0000127 total RNA-seq,encode,-0.0032101273536682,0.0032101273536682,COMPLETED
Enh950_SSNA1,Enh950,Enh950,ENSG00000176101,CL:0000127,CL:0000127 total RNA-seq,encode,-0.0016636848449707,0.0016636848449707,COMPLETED
Enh950_TMEM141,Enh950,Enh950,ENSG00000244187,CL:0000127,CL:0000127 total RNA-seq,encode,-0.0252571702003479,0.0252571702003479,COMPLETED
Enh950_TUBB4B,Enh950,Enh950,ENSG00000188229,CL:0000127,CL:0000127 total RNA-seq,encode,-0.0015754699707031,0.0015754699707031,COMPLETED
Enh951_AGPAT2,Enh951,Enh951,ENSG00000169692,CL:0000127,CL:0000127 total RNA-seq,encode,0.0023239850997924,-0.0023239850997924,COMPLETED
Enh951_CLIC3,Enh951,Enh951,ENSG00000169583,CL:0000127,CL:0000127 total RNA-seq,encode,0.0071430206298828,-0.0071430206298828,COMPLETED
Enh951_DPP7,Enh951,Enh951,ENSG00000176978,CL:0000127,CL:0000127 total RNA-seq,encode,-0.0857807695865631,0.0857807695865631,COMPLETED
Enh951_EDF1,Enh951,Enh951,ENSG00000107223,CL:0000127,CL:0000127 total RNA-seq,encode,0.0020275115966796,-0.0020275115966796,COMPLETED
Enh951_EHMT1,Enh951,Enh951,ENSG00000181090,CL:0000127,CL:0000127 total RNA-seq,encode,0.0006766319274902,-0.0006766319274902,COMPLETED
Enh951_FBXW5,Enh951,Enh951,ENSG00000159069,CL:0000127,CL:0000127 total RNA-seq,encode,0.0006808042526245,-0.0006808042526245,COMPLETED
Enh951_MAN1B1,Enh951,Enh951,ENSG00000177239,CL:0000127,CL:0000127 total RNA-seq,encode,-0.009319931268692,0.009319931268692,COMPLETED
Enh951_MRPL41,Enh951,Enh951,ENSG00000182154,CL:0000127,CL:0000127 total RNA-seq,encode,0.0021477937698364,-0.0021477937698364,COMPLETED
Enh951_NELFB,Enh951,Enh951,ENSG00000188986,CL:0000127,CL:0000127 total RNA-seq,encode,-0.000121533870697,0.000121533870697,COMPLETED
Enh951_NPDC1,Enh951,Enh951,ENSG00000107281,CL:0000127,CL:0000127 total RNA-seq,encode,-0.0062108635902404,0.0062108635902404,COMPLETED
Enh951_PAXX,Enh951,Enh951,ENSG00000148362,CL:0000127,CL:0000127 total RNA-seq,encode,-0.0032895505428314,0.0032895505428314,COMPLETED
Enh951_PHPT1,Enh951,Enh951,ENSG00000054148,CL:0000127,CL:0000127 total RNA-seq,encode,0.0011991262435913,-0.0011991262435913,COMPLETED
Enh951_RABL6,Enh951,Enh951,ENSG00000196642,CL:0000127,CL:0000127 total RNA-seq,encode,0.0005744993686676,-0.0005744993686676,COMPLETED
Enh951_SNHG7,Enh951,Enh951,ENSG00000233016,CL:0000127,CL:0000127 total RNA-seq,encode,-0.0008052289485931,0.0008052289485931,COMPLETED
Enh951_SSNA1,Enh951,Enh951,ENSG00000176101,CL:0000127,CL:0000127 total RNA-seq,encode,-0.0014634132385253,0.0014634132385253,COMPLETED
Enh951_TMEM141,Enh951,Enh951,ENSG00000244187,CL:0000127,CL:0000127 total RNA-seq,encode,0.0007459223270416,-0.0007459223270416,COMPLETED
Enh951_TMEM203,Enh951,Enh951,ENSG00000187713,CL:0000127,CL:0000127 total RNA-seq,encode,-0.0008395910263061,0.0008395910263061,COMPLETED
Enh951_TUBB4B,Enh951,Enh951,ENSG00000188229,CL:0000127,CL:0000127 total RNA-seq,encode,0.0003674030303955,-0.0003674030303955,COMPLETED
Enh951_ZMYND19,Enh951,Enh951,ENSG00000165724,CL:0000127,CL:0000127 total RNA-seq,encode,-0.0010807514190673,0.0010807514190673,COMPLETED
Enh952_PLIN2,Enh952,Enh952,ENSG00000147872,CL:0000127,CL:0000127 total RNA-seq,encode,-0.1067065671086311,0.1067065671086311,COMPLETED
Enh952_RPS6,Enh952,Enh952,ENSG00000137154,CL:0000127,CL:0000127 total RNA-seq,encode,-0.0044338703155517,0.0044338703155517,COMPLETED
Enh952_RRAGA,Enh952,Enh952,ENSG00000155876,CL:0000127,CL:0000127 total RNA-seq,encode,-0.0213866233825683,0.0213866233825683,COMPLETED
Enh954_CLTA,Enh954,Enh954,ENSG00000122705,CL:0000127,CL:0000127 total RNA-seq,encode,0.0408688783645629,-0.0408688783645629,COMPLETED
Enh954_CREB3,Enh954,Enh954,ENSG00000107175,CL:0000127,CL:0000127 total RNA-seq,encode,0.0018784999847412,-0.0018784999847412,COMPLETED
Enh954_GLIPR2,Enh954,Enh954,ENSG00000122694,CL:0000127,CL:0000127 total RNA-seq,encode,-0.0345235168933868,0.0345235168933868,COMPLETED
Enh954_TLN1,Enh954,Enh954,ENSG00000137076,CL:0000127,CL:0000127 total RNA-seq,encode,0.000701904296875,-0.000701904296875,COMPLETED
Enh954_TPM2,Enh954,Enh954,ENSG00000198467,CL:0000127,CL:0000127 total RNA-seq,encode,0.0014083385467529,-0.0014083385467529,COMPLETED
Enh955_CLTA,Enh955,Enh955,ENSG00000122705,CL:0000127,CL:0000127 total RNA-seq,encode,-0.0009828805923461,0.0009828805923461,COMPLETED
Enh956_SMC5,Enh956,Enh956,ENSG00000198887,CL:0000127,CL:0000127 total RNA-seq,encode,-0.0197154879570007,0.0197154879570007,COMPLETED
Enh957_KLF9,Enh957,Enh957,ENSG00000119138,CL:0000127,CL:0000127 total RNA-seq,encode,-0.1408654451370239,0.1408654451370239,COMPLETED
Enh957_SMC5,Enh957,Enh957,ENSG00000198887,CL:0000127,CL:0000127 total RNA-seq,encode,-0.0074383616447448,0.0074383616447448,COMPLETED
Enh95_GNG5,Enh95,Enh95,ENSG00000174021,CL:0000127,CL:0000127 total RNA-seq,encode,0.0003650188446044,-0.0003650188446044,COMPLETED
Enh960_SMC5,Enh960,Enh960,ENSG00000198887,CL:0000127,CL:0000127 total RNA-seq,encode,-0.0021734833717346,0.0021734833717346,COMPLETED
Enh963_ANXA1,Enh963,Enh963,ENSG00000135046,CL:0000127,CL:0000127 total RNA-seq,encode,0.0246815681457519,-0.0246815681457519,COMPLETED
Enh964_HNRNPK,Enh964,Enh964,ENSG00000165119,CL:0000127,CL:0000127 total RNA-seq,encode,0.0001674890518188,-0.0001674890518188,COMPLETED
Enh965_NAA35,Enh965,Enh965,ENSG00000135040,CL:0000127,CL:0000127 total RNA-seq,encode,0.0002437829971313,-0.0002437829971313,COMPLETED
Enh966_NAA35,Enh966,Enh966,ENSG00000135040,CL:0000127,CL:0000127 total RNA-seq,encode,4.780292510986328e-05,-4.780292510986328e-05,COMPLETED
Enh968_CTSL,Enh968,Enh968,ENSG00000135047,CL:0000127,CL:0000127 total RNA-seq,encode,-0.6097913980484009,0.6097913980484009,COMPLETED
Enh96_GNG5,Enh96,Enh96,ENSG00000174021,CL:0000127,CL:0000127 total RNA-seq,encode,-0.02392578125,0.02392578125,COMPLETED
Enh96_RPF1,Enh96,Enh96,ENSG00000117133,CL:0000127,CL:0000127 total RNA-seq,encode,-0.0023803561925888,0.0023803561925888,COMPLETED
Enh971_AOPEP,Enh971,Enh971,ENSG00000148120,CL:0000127,CL:0000127 total RNA-seq,encode,-0.0036917924880981,0.0036917924880981,COMPLETED
Enh973_HABP4,Enh973,Enh973,ENSG00000130956,CL:0000127,CL:0000127 total RNA-seq,encode,0.0007634162902832,-0.0007634162902832,COMPLETED
Enh975_TMSB4X,Enh975,Enh975,ENSG00000205542,CL:0000127,CL:0000127 total RNA-seq,encode,-0.0052430629730224,0.0052430629730224,COMPLETED
Enh976_TMSB4X,Enh976,Enh976,ENSG00000205542,CL:0000127,CL:0000127 total RNA-seq,encode,-0.0078871250152587,0.0078871250152587,COMPLETED
Enh977_SYAP1,Enh977,Enh977,ENSG00000169895,CL:0000127,CL:0000127 total RNA-seq,encode,-0.0021039545536041,0.0021039545536041,COMPLETED
Enh978_RBBP7,Enh978,Enh978,ENSG00000102054,CL:0000127,CL:0000127 total RNA-seq,encode,-0.0014586672186851,0.0014586672186851,COMPLETED
Enh978_SYAP1,Enh978,Enh978,ENSG00000169895,CL:0000127,CL:0000127 total RNA-seq,encode,0.0021879971027374,-0.0021879971027374,COMPLETED
Enh979_PDHA1,Enh979,Enh979,ENSG00000131828,CL:0000127,CL:0000127 total RNA-seq,encode,-0.0001759529113769,0.0001759529113769,COMPLETED
Enh97_GNG5,Enh97,Enh97,ENSG00000174021,CL:0000127,CL:0000127 total RNA-seq,encode,-0.0437508225440979,0.0437508225440979,COMPLETED
Enh98_GNG5,Enh98,Enh98,ENSG00000174021,CL:0000127,CL:0000127 total RNA-seq,encode,-0.0081372857093811,0.0081372857093811,COMPLETED
Enh99_GNG5,Enh99,Enh99,ENSG00000174021,CL:0000127,CL:0000127 total RNA-seq,encode,-0.0102161765098571,0.0102161765098571,COMPLETED
Enh99_RPF1,Enh99,Enh99,ENSG00000117133,CL:0000127,CL:0000127 total RNA-seq,encode,6.099045276641846e-05,-6.099045276641846e-05,COMPLETED
Enh9_MAN1A2,Enh9,Enh9,ENSG00000198162,CL:0000127,CL:0000127 total RNA-seq,encode,-0.001307189464569,0.001307189464569,COMPLETED
