relation_id,enhancer_id,gene_id,crispri_positive,context_probability,context_plus_ag_probability,author_egrf_oof_probability,dual_group_calibrated_egrf_probability,dual_group_egrf_plus_ag_probability,spline_expression_context_probability,spline_expression_context_plus_ag_probability
Enh100_GNG5,Enh100,ENSG00000174021,0,0.0129625033676613,0.01348495874839,0.001,0.0010207019076495676,0.0015876360205441256,0.024589502636942987,0.025032128120326853
Enh100_RPF1,Enh100,ENSG00000117133,0,0.0306172228987457,0.0316860286113035,0.0,1.3956201815369262e-06,5.706098495895432e-06,0.01018522908848051,0.00941712570096148
Enh101_GNG5,Enh101,ENSG00000174021,0,0.0167563948538238,0.0153475814719872,0.0,1.9181491370496346e-06,8.252411985068556e-06,0.029998721288506745,0.02489970206460104
Enh101_RPF1,Enh101,ENSG00000117133,0,0.0358850728866932,0.0289273564029745,0.003,0.003459374960395805,0.0047499614413925115,0.009524434373969161,0.007238762959885927
Enh102_ENO1,Enh102,ENSG00000074800,1,0.268139272999139,0.1213619988719393,0.476,0.41813171256286197,0.2977010290717558,0.35517624551944194,0.19099032509324226
Enh102_RERE,Enh102,ENSG00000142599,0,0.1342990181301091,0.0641799856822335,0.054,0.03930429154575168,0.03562806076464527,0.04685339268396028,0.023323249960154103
Enh103_ENO1,Enh103,ENSG00000074800,0,0.0647567253458568,0.050742365798434,0.023,0.020535641715017372,0.021845063651440618,0.06721654835632639,0.055829062705059634
Enh104_ENO1,Enh104,ENSG00000074800,0,0.0427085624925763,0.0312868222259616,0.011,0.012578356169223958,0.0152758652531548,0.06219327960434469,0.042620518705080136
Enh104_RERE,Enh104,ENSG00000142599,0,0.0554076978857137,0.0406355532234716,0.001,0.0007733817775325208,0.0012708416015507896,0.016744101356513424,0.013160548376777366
Enh105_ENO1,Enh105,ENSG00000074800,0,0.0047267882252344,0.0082665391832082,0.0,2.094923461404673e-06,1.0312195338709926e-05,0.00797978153766181,0.01788599949302505
Enh105_RERE,Enh105,ENSG00000142599,0,0.0083497826302347,0.0144569754374803,0.001,0.000843083603523765,0.0014534413729985869,0.006672673533671543,0.010583847917860597
Enh106_CLSTN1,Enh106,ENSG00000171603,0,0.0100135718992967,0.0151857618738621,0.005,0.003259800760635845,0.004640082917035395,0.003738668900360259,0.005810510728094647
Enh107_CLSTN1,Enh107,ENSG00000171603,0,0.0921571124533791,0.0845142626149102,0.032,0.02780892938729284,0.03489519681149829,0.014809089507003213,0.021327473980798286
Enh107_KIF1B,Enh107,ENSG00000054523,0,0.0037218427024219,0.004778751554114,0.038,0.029571732993649485,0.028748811868701016,0.0013398500604833378,0.0014814442652179578
Enh107_LZIC,Enh107,ENSG00000162441,0,0.0124413120808138,0.0124255415315638,0.002,0.0021955604526400323,0.003312543806127083,0.0017068764169119583,0.002698975294963893
Enh108_MRPL43,Enh108,ENSG00000055950,0,0.0054347596811791,0.0077851923748689,0.0,1.3956201815369262e-06,5.796531843608938e-06,0.0018415273938272522,0.002363649690553223
Enh108_SFXN3,Enh108,ENSG00000107819,0,0.0079626843003753,0.01105069163162,0.102,0.09439918870408118,0.07558366353810157,0.006557664137088195,0.010102168763489499
Enh109_DPCD,Enh109,ENSG00000166171,0,0.0430796027539923,0.0424323353749473,0.082,0.07671953769372927,0.06391548038968278,0.04854054269185064,0.04474710415806954
Enh109_MRPL43,Enh109,ENSG00000055950,0,0.0174894786040798,0.0193839177304764,0.001,0.0012368467212691982,0.0018780997865014814,0.005823377101237773,0.00640982334891939
Enh109_OGA,Enh109,ENSG00000198408,0,0.0092852706175528,0.0114159706379591,0.036,0.035416746451671824,0.033060771431407704,0.0030768044823235494,0.003806077521685457
Enh109_SFXN3,Enh109,ENSG00000107819,0,0.0219025685803757,0.024010946112964,0.022,0.03156661081633342,0.03130634214905737,0.014309968368471843,0.016165559318576776
Enh109_SLF2,Enh109,ENSG00000119906,0,0.0180604028184053,0.0200599069694462,0.003,0.0048113998615719605,0.006172449838340344,0.012181934378870924,0.015813828829274658
Enh111_ACTR1A,Enh111,ENSG00000138107,0,0.0086214943985263,0.0137612741935994,0.003,0.001917308799738832,0.002952664260106619,0.003187632640607582,0.007035407428695663
Enh111_ARL3,Enh111,ENSG00000138175,0,0.0246387958162111,0.0257178203109957,0.021,0.019764860991795342,0.018598963676055427,0.02281979035309823,0.023759447818566776
Enh112_ATP5MD,Enh112,ENSG00000173915,0,0.0031241906285238,0.0053405739314397,0.516,0.4210468175085585,0.27493375136687126,0.0019147826657280207,0.005960938631705455
Enh112_PDCD11,Enh112,ENSG00000148843,0,0.0051769121104563,0.0089775175112919,0.001,0.0016983158109075732,0.0031191672269827954,0.0022719024497436127,0.005356945934879896
Enh113_SMNDC1,Enh113,ENSG00000119953,0,0.0267945442010741,0.0233891438877862,0.021,0.03044202748467579,0.029958522228290204,0.013500819451218836,0.011119559710631777
Enh114_CCDC186,Enh114,ENSG00000165813,0,0.0203602953477533,0.0176931465474293,0.006,0.00428216280649575,0.006219499445194525,0.006804941350087871,0.0057467374785240295
Enh115_CCDC186,Enh115,ENSG00000165813,0,0.0365321561754265,0.0316071555533946,0.014,0.015095110913384653,0.016736693654429917,0.010331625398246506,0.008285982507596504
Enh119_PDZD8,Enh119,ENSG00000165650,0,0.0073978885146564,0.0092620761449509,0.035,0.03452767649148529,0.03172288775278354,0.03657501605280031,0.05379338863505788
Enh11_ANP32E,Enh11,ENSG00000143401,0,0.0227481503542148,0.0280088161764916,0.009,0.012106471170869076,0.01389483113980122,0.008805202433143458,0.00959274058943909
Enh11_APH1A,Enh11,ENSG00000117362,0,0.0345911220399474,0.0379531901049364,0.0,8.315749413280378e-06,4.256647358865408e-05,0.016086215432828444,0.01508685317543603
Enh11_ENSA,Enh11,ENSG00000143420,0,0.0620023880788733,0.0590521555250155,0.004,0.00452842755211163,0.00565059344437951,0.03337853494994514,0.03077340079258261
Enh11_MCL1,Enh11,ENSG00000143384,0,0.1357511673349754,0.1131122663243739,0.072,0.07466511682854646,0.061142003206610805,0.05466716502236919,0.043400859575510674
Enh11_MRPS21,Enh11,ENSG00000266472,0,0.0260448087785144,0.0309675024561929,0.0,1.2194296304552184e-05,4.550411087717856e-05,0.042779105353495814,0.045418883772536514
Enh11_PLEKHO1,Enh11,ENSG00000023902,0,0.0190488002515151,0.0237784379659773,0.065,0.06367950998453092,0.05518404003276115,0.006666101948362823,0.007560960382840045
Enh120_BUB3,Enh120,ENSG00000154473,0,0.0514373450888676,0.0636727204409172,0.001,0.0012368467212691982,0.0020108917697876363,0.017625656874532613,0.02217252674025933
Enh121_CDC123,Enh121,ENSG00000151465,0,0.0625303475728738,0.0419714603701092,0.007,0.004512762996574248,0.006052956182884854,0.0163314229247773,0.01135761057605537
Enh121_NUDT5,Enh121,ENSG00000165609,0,0.0675185606703977,0.0445696589067336,0.006,0.0039400523672747795,0.005377434537870329,0.017578013654059556,0.014223750497211722
Enh121_UPF2,Enh121,ENSG00000151461,0,0.0225752703011082,0.0183200389670764,0.001,0.0006605797335826881,0.0012597035181504779,0.0060246559663634435,0.005304154533572138
Enh122_OPTN,Enh122,ENSG00000123240,0,0.0199803944838592,0.017008303616027,0.162,0.13902668961580927,0.1008577082779485,0.030965108064605246,0.022941975540022735
Enh123_GLRX3,Enh123,ENSG00000108010,0,0.170580701344554,0.1755325837051239,0.069,0.05384396780952961,0.07645856454467878,0.07825046628455459,0.07358998185129859
Enh125_BMI1,Enh125,ENSG00000168283,0,0.002146553167338,0.0038710533795935,0.019,0.023356620285805096,0.02351712071225341,0.0012242822357129853,0.004060368726088458
Enh125_COMMD3,Enh125,ENSG00000148444,0,0.0018117183215176,0.0034218859619647,0.02,0.020755976720371504,0.02175606440663364,0.00017718480940111765,0.0005280022363451926
Enh125_MSRB2,Enh125,ENSG00000148450,0,0.0024616381732875,0.0043318237999852,0.103,0.0897295451780917,0.07148242606409935,0.0003371427374202709,0.0010114885647119673
Enh126_COMMD3,Enh126,ENSG00000148444,0,0.008843048701617,0.0113558472963306,0.018,0.017234619135456774,0.018371215638326603,0.0028287587033003934,0.0027407909070191524
Enh126_MSRB2,Enh126,ENSG00000148450,0,0.0142321738642311,0.0171856703326773,0.153,0.11917524475749804,0.09407876017648358,0.004893079125107176,0.00625880199587753
Enh127_MSRB2,Enh127,ENSG00000148450,0,0.0122298447026017,0.0116637767269468,0.122,0.09291950662864752,0.07101023655433195,0.0027483422377323806,0.0037229415819703725
Enh12_ENSA,Enh12,ENSG00000143420,0,0.0094698007981639,0.0131269415850309,0.0,7.155316751218663e-07,3.411009619851805e-06,0.00430816151550505,0.005914776723313984
Enh12_MCL1,Enh12,ENSG00000143384,0,0.0104711772537314,0.0140961133194459,0.003,0.0043759835505327435,0.006434690804667819,0.00407733741402543,0.006474843770543868
Enh12_MLLT11,Enh12,ENSG00000213190,0,0.0534398124742328,0.0470561763402902,0.174,0.1463883291646105,0.09718727065792089,0.025604158208142384,0.02477534873262125
Enh12_PSMB4,Enh12,ENSG00000159377,0,0.0075423988379259,0.0105756908477154,0.0,4.397005491117493e-06,2.7371135223649504e-05,0.0032917604627548174,0.0055919611520458485
Enh12_PSMD4,Enh12,ENSG00000159352,0,0.0117550642969477,0.014596427433645,0.0,6.605720743558276e-06,3.18388924767143e-05,0.011326954494121216,0.013894816284969198
Enh12_SCNM1,Enh12,ENSG00000163156,0,0.0244394636369274,0.0265092759453835,0.002,0.0015591928156385576,0.002239885246200863,0.00967397803288934,0.011455017484551602
Enh132_KIF5B,Enh132,ENSG00000170759,0,0.0096257096540944,0.0122298381959319,0.027,0.031782748293451714,0.029840537003207004,0.015426346984759321,0.01726790441212028
Enh133_KIF5B,Enh133,ENSG00000170759,0,0.0143444702978448,0.0213774586601905,0.004,0.005288491760187157,0.007426734179262857,0.02160542049577372,0.03577421166355192
Enh134_KIF5B,Enh134,ENSG00000170759,0,0.0199223798827203,0.0136362934264254,0.015,0.019675993022550464,0.02003213922320794,0.020688700440508957,0.011899622492049134
Enh134_ZEB1,Enh134,ENSG00000148516,0,0.0273266740096222,0.021631048378087,0.093,0.08492354953310477,0.06967321803516144,0.015798494058538597,0.01362818232266623
Enh135_HNRNPF,Enh135,ENSG00000169813,0,0.0148294225930124,0.024219252223827,0.0,9.957927500507358e-07,5.188264009369824e-06,0.005239259318012249,0.008079762744447374
Enh136_HNRNPF,Enh136,ENSG00000169813,0,0.0156608517181987,0.0165017608951859,0.001,0.0005814205205144025,0.0010960126991425207,0.004889397517119082,0.005497386950237125
Enh137_HNRNPF,Enh137,ENSG00000169813,0,0.0177662659879208,0.0266465636578272,0.0,1.3956201815369262e-06,5.713637824155988e-06,0.005591321377171277,0.006950720527766769
Enh13_MLLT11,Enh13,ENSG00000213190,0,0.0126368427696045,0.0129953215035383,0.02,0.021008250860861645,0.021984786289452257,0.0041849349126290075,0.00419825504567901
Enh13_PSMB4,Enh13,ENSG00000159377,0,0.0678148059546109,0.0479123521880027,0.0,3.901780365034957e-06,1.7377497988956254e-05,0.02036042409720583,0.014319461952915813
Enh13_PSMD4,Enh13,ENSG00000159352,0,0.0214862725749546,0.0175421765529108,0.0,7.4710433999781855e-06,3.336038619020098e-05,0.014891780631050717,0.010765329575242686
Enh13_S100A10,Enh13,ENSG00000197747,0,0.0047474144009343,0.0051821313426373,0.082,0.07634508009766204,0.06429512188194604,0.012305604977267206,0.014123561585730733
Enh13_SCNM1,Enh13,ENSG00000163156,0,0.0198130394301736,0.0189513856761014,0.007,0.006543664828919426,0.007860601242437726,0.005450794917935201,0.004869158580763135
Enh142_RBM17,Enh142,ENSG00000134453,0,0.0258301736613556,0.03191247650451,0.0,3.619147799836051e-06,2.192264901471132e-05,0.01153366618412935,0.012962046339671933
Enh143_RBM17,Enh143,ENSG00000134453,0,0.0221877232001748,0.0198889079300612,0.001,0.0006128019333193777,0.0012205180794406048,0.0069368046796782976,0.007018530686228252
Enh144_PCBD1,Enh144,ENSG00000166228,0,0.0175352937233933,0.0167512450166986,0.077,0.05993383350128243,0.05058795481092996,0.007451098576618025,0.006104027951116344
Enh144_PPA1,Enh144,ENSG00000180817,0,0.0219208845323431,0.0185210171183178,0.0,4.020519762748885e-06,2.123984006160013e-05,0.02782569036978904,0.022446536364081098
Enh144_SAR1A,Enh144,ENSG00000079332,0,0.0203970725414194,0.0190773011597789,0.0,2.1902043502750537e-06,1.3254816928464141e-05,0.007099751334020247,0.005171535771102019
Enh145_EIF4EBP2,Enh145,ENSG00000148730,0,0.0455596722763922,0.0505732655301257,0.002,0.0014141790742552862,0.002566322664631413,0.03422533190480218,0.033552691960401844
Enh145_PCBD1,Enh145,ENSG00000166228,0,0.0525220388210702,0.0596242364235497,0.175,0.14523591302511557,0.11328929010681883,0.02012611473833537,0.025585456662698174
Enh145_PPA1,Enh145,ENSG00000180817,0,0.018947776708419,0.025029645602469,0.001,0.0011344398014294485,0.0020010779759035563,0.028403099758872542,0.03521538247855446
Enh145_SAR1A,Enh145,ENSG00000079332,0,0.0179395170437548,0.0231936235143266,0.005,0.0035626238553264603,0.005155990433928981,0.00781805010195954,0.0090555961029172
Enh146_EIF4EBP2,Enh146,ENSG00000148730,0,0.042080405207608,0.0342709100841748,0.002,0.0023056427646295547,0.0036191593522893967,0.0238003975855311,0.019031233756967268
Enh146_PCBD1,Enh146,ENSG00000166228,0,0.047384383224502,0.0361808586624491,0.288,0.22496073943034386,0.15171971738564655,0.01942248241707187,0.014033285573882287
Enh146_PPA1,Enh146,ENSG00000180817,0,0.0150249100151601,0.0137578575286781,0.0,4.020519762748885e-06,2.1290779080080764e-05,0.02117614914664591,0.018820564637081406
Enh146_SAR1A,Enh146,ENSG00000079332,0,0.0153670659617939,0.015193696041294,0.008,0.00820122165282497,0.010218208080506377,0.005395278284778969,0.0041930708948071885
Enh148_ANAPC16,Enh148,ENSG00000166295,0,0.0215283978975345,0.013582309237428,0.007,0.006543664828919426,0.00734574438164457,0.007526603063854291,0.0038760143338010676
Enh148_DNAJB12,Enh148,ENSG00000148719,0,0.0296707199383414,0.0212785456764914,0.037,0.03911078155721817,0.036090916089532236,0.08942697005178989,0.08292856034232209
Enh148_PSAP,Enh148,ENSG00000197746,1,0.3675183338702136,0.7256622802418928,0.761,0.6158147378661687,0.8437516610205419,0.3445351208917855,0.7270247655780913
Enh149_ANAPC16,Enh149,ENSG00000166295,0,0.0215822352632594,0.0152266802346667,0.006,0.006618587744641534,0.007705268270392507,0.00910650268356274,0.005984884443811736
Enh149_PSAP,Enh149,ENSG00000197746,0,0.1143354280253954,0.1379890277278561,0.043,0.05321258020104035,0.08844765276772448,0.1403556642649353,0.16306240885626655
Enh14_ADAR,Enh14,ENSG00000160710,0,0.0042385624826017,0.0059691511495553,0.005,0.007390511131068168,0.008800931471336999,0.0007581816868488785,0.0015600376542669193
Enh14_FDPS,Enh14,ENSG00000160752,0,0.0042987453583786,0.0060918516597154,0.026,0.0312158600519232,0.029783439345911752,0.0037882765341231707,0.005169344364108392
Enh14_KRTCAP2,Enh14,ENSG00000163463,0,0.0060433079452091,0.0079219584767583,0.002,0.003421706829250328,0.004690734050128346,0.0029668431412838204,0.006891526082727092
Enh14_SCAMP3,Enh14,ENSG00000116521,0,0.0053770996064566,0.0071301342155541,0.011,0.01628570856302301,0.01764739715529049,0.0011768007449046067,0.0012255933850829862
Enh14_SHC1,Enh14,ENSG00000160691,0,0.0382779596562648,0.0326275552611672,0.052,0.056493779606716386,0.04740668041045625,0.03817104528019766,0.03191743577000793
Enh150_ANAPC16,Enh150,ENSG00000166295,0,0.0259469262541145,0.0237587681555477,0.004,0.003144116225014312,0.004117528440636323,0.012207781020917532,0.01099929375423205
Enh150_PSAP,Enh150,ENSG00000197746,0,0.0180654081848848,0.016877310202837,0.003,0.005072127715308932,0.0069037962182758195,0.027472459668811476,0.023914880549398398
Enh151_ANAPC16,Enh151,ENSG00000166295,0,0.0065241855280103,0.0087015547667299,0.006,0.006618587744641534,0.007891764262538415,0.007417266782050958,0.010198253070282971
Enh151_PSAP,Enh151,ENSG00000197746,0,0.0036240594899404,0.005248967430694,0.008,0.014324652478954205,0.015601537480317198,0.012724026440423631,0.017658819577839095
Enh152_ANAPC16,Enh152,ENSG00000166295,0,0.1294622085067277,0.0835945202938255,0.027,0.021785607511576988,0.016657181908052068,0.08674893103766182,0.04877744433694709
Enh152_MICU1,Enh152,ENSG00000107745,0,0.0090955690881716,0.0152446368705162,0.021,0.023353954046886664,0.026283513013061838,0.007329456552633517,0.011611585293135919
Enh152_PSAP,Enh152,ENSG00000197746,0,0.0055659238643366,0.0095129012866853,0.0,6.605720743558276e-06,3.411129151445535e-05,0.012638532654121985,0.022764917557584474
Enh153_ANAPC16,Enh153,ENSG00000166295,0,0.1123381363728852,0.121912344286762,0.034,0.02650624942562065,0.04028986841349152,0.07713593959209843,0.08397284159220923
Enh153_DNAJB12,Enh153,ENSG00000148719,0,0.0760064639604246,0.0652068259436707,0.009,0.009134971334106763,0.012951927087977625,0.18973051133208327,0.1949804715880191
Enh153_MCU,Enh153,ENSG00000156026,0,0.012447038969517,0.0125303386246108,0.011,0.010447003851544002,0.012239124083847763,0.005541677039845289,0.006621347397131893
Enh153_MICU1,Enh153,ENSG00000107745,0,0.0098487146462055,0.0103633215638906,0.009,0.007525546885944371,0.009890428474101664,0.008041588823593583,0.008589199056757719
Enh153_PSAP,Enh153,ENSG00000197746,0,0.0049686013951102,0.0050337066316107,0.0,4.020519762748885e-06,2.1232745442011608e-05,0.013395294279654609,0.0111585217347453
Enh154_ANAPC16,Enh154,ENSG00000166295,0,0.11805431380291,0.0761023500949143,0.066,0.051011792557907866,0.04993441886610077,0.052057690889494364,0.03176182256931055
Enh154_MCU,Enh154,ENSG00000156026,0,0.0280941330269272,0.0259134161895787,0.018,0.01640208496232467,0.020058200634304642,0.01049640622309535,0.010767044195921895
Enh154_MICU1,Enh154,ENSG00000107745,0,0.0216495076685773,0.0183804222292944,0.07,0.05460534846739477,0.0512410389065835,0.01664622386049691,0.012914974195273042
Enh154_PSAP,Enh154,ENSG00000197746,0,0.0099066913260516,0.0079213862747683,0.006,0.007509905208632837,0.009241669047649151,0.021712940256019057,0.014838219169805203
Enh155_ANAPC16,Enh155,ENSG00000166295,0,0.0766175392452899,0.0666073042579652,0.01,0.007988595360651558,0.010151282831056345,0.03599944101026263,0.030143568036887385
Enh155_MICU1,Enh155,ENSG00000107745,0,0.0173055785309885,0.01822278146758,0.02,0.016229992264539382,0.016993265293188117,0.014614501199360594,0.013319749773101578
Enh155_PSAP,Enh155,ENSG00000197746,0,0.0065998510608285,0.0079782166238091,0.008,0.00963109721651286,0.011617248317387308,0.01584685612574452,0.017821086837300104
Enh156_ANAPC16,Enh156,ENSG00000166295,0,0.0586177268634725,0.06071611995144,0.014,0.012689906798940385,0.013981609347702376,0.041540441004178884,0.036213562024807175
Enh156_MICU1,Enh156,ENSG00000107745,0,0.0149511722834012,0.0183069827272719,0.046,0.04329675334833013,0.03686414219838941,0.013598440542778124,0.013615815768448794
Enh156_PSAP,Enh156,ENSG00000197746,0,0.0053222353247363,0.0078140070593988,0.005,0.00802233291442151,0.010105467353111203,0.014989751135928235,0.01882378582357525
Enh157_ANAPC16,Enh157,ENSG00000166295,0,0.1001473591178886,0.0806985586805351,0.04,0.03909259638787831,0.03969867889058648,0.04410603541724279,0.031050734312789863
Enh157_MICU1,Enh157,ENSG00000107745,0,0.0254683018417385,0.0212549066398478,0.057,0.06111509715123504,0.049824861915930246,0.019966939087548662,0.015262835764326676
Enh157_PSAP,Enh157,ENSG00000197746,0,0.0104217790471907,0.0108259545044322,0.0,1.2194296304552184e-05,4.5630869668347395e-05,0.024970124591703682,0.021860373908255286
Enh158_ANAPC16,Enh158,ENSG00000166295,0,0.0493792336627586,0.0522163854139333,0.026,0.020365181076398578,0.02143661038288676,0.030090447224229717,0.030453765228631788
Enh158_MICU1,Enh158,ENSG00000107745,0,0.0113722377632285,0.0148897068542615,0.051,0.04012037737931523,0.03459588296342892,0.010240691414162404,0.012423117125873732
Enh158_PSAP,Enh158,ENSG00000197746,0,0.004453593495547,0.0069224681087996,0.005,0.0064143740047216714,0.008409607021544831,0.012201033637408753,0.017904660620301625
Enh159_ANAPC16,Enh159,ENSG00000166295,0,0.0101140415856205,0.0120665834330707,0.005,0.005580269093474838,0.006943218967225095,0.010109391039961002,0.011913517465166156
Enh159_MICU1,Enh159,ENSG00000107745,0,0.0042252450268396,0.0049162948187956,0.038,0.043191997925589726,0.032829809676385324,0.004152568236546133,0.0044528854351731754
Enh159_PSAP,Enh159,ENSG00000197746,0,0.0017416930784941,0.0029565280101365,0.011,0.018375376023745022,0.019676672478704214,0.00729147870328625,0.011736112662951478
Enh15_ADAR,Enh15,ENSG00000160710,0,0.010017475239784,0.0145396339712585,0.023,0.023988264451121212,0.025308544481145816,0.002296836407564799,0.003968714956361559
Enh15_ASH1L,Enh15,ENSG00000116539,0,0.0103407201949715,0.0143681354200529,0.0,2.9814997077690255e-06,1.672456845492287e-05,0.0026928099420104514,0.004112633531660866
Enh15_KRTCAP2,Enh15,ENSG00000163463,0,0.0863043667823913,0.0718775489510905,0.037,0.036384568589356195,0.03353922898514475,0.08917569155998724,0.05272645104990937
Enh15_SCAMP3,Enh15,ENSG00000116521,0,0.0226648307076509,0.0262379456354695,0.005,0.006020774273321559,0.007863340771200673,0.006264868852380902,0.008443620990089126
Enh15_SHC1,Enh15,ENSG00000160691,0,0.0267611036148698,0.030064728438006,0.009,0.011266613844800516,0.013515953088282207,0.019013091970087635,0.018505215583276478
Enh160_ADK,Enh160,ENSG00000156110,0,0.0174498380175863,0.0202359399275395,0.012,0.01315443207651874,0.015975386510224097,0.003942435058637157,0.004527079398066573
Enh160_ANXA7,Enh160,ENSG00000138279,0,0.0078993145593,0.0098830287157765,0.018,0.022335950504009765,0.02291720330165747,0.004597835997239553,0.005923331275464602
Enh160_CHCHD1,Enh160,ENSG00000172586,0,0.0449326643860564,0.0404865011029866,0.028,0.02260623641183829,0.023219550769462777,0.02061833114221979,0.01799805659310393
Enh160_PPP3CB,Enh160,ENSG00000107758,0,0.0111546942885064,0.0136042977107267,0.032,0.035935470041650756,0.03429564865705856,0.012005031189167618,0.02127594090550898
Enh160_VCL,Enh160,ENSG00000035403,0,0.0263589149515339,0.0260557091469922,0.049,0.04844738000711423,0.04521590670140828,0.031181743966601238,0.02999328636058949
Enh161_ADK,Enh161,ENSG00000156110,0,0.0186870114733611,0.022224052883007,0.003,0.0033417456007639253,0.00508539723665807,0.005749209373424108,0.005191038191493995
Enh161_ANXA7,Enh161,ENSG00000138279,0,0.0082478240123361,0.0111777690483898,0.024,0.0249051955378055,0.025041595692770084,0.005651573949404537,0.006762577434641365
Enh161_CHCHD1,Enh161,ENSG00000172586,0,0.0398940789031319,0.0370623525639264,0.006,0.004848817287819726,0.0061261451870587265,0.01851811689605502,0.01591040582123363
Enh161_PPP3CB,Enh161,ENSG00000107758,0,0.0115413348449474,0.0143559739120696,0.036,0.03538098688212188,0.03194573627535168,0.016617913012725166,0.025393173062385553
Enh161_VCL,Enh161,ENSG00000035403,0,0.0311496575527856,0.0411209123925441,0.049,0.03859199385604358,0.047829288406997725,0.044935575738319834,0.06320802896162377
Enh162_ADK,Enh162,ENSG00000156110,0,0.0355258800745468,0.0304423608962582,0.028,0.03471909404107883,0.03320248236824864,0.01271478753465866,0.008194229838007301
Enh162_ANXA7,Enh162,ENSG00000138279,0,0.0163273720222795,0.0159621188960123,0.016,0.024622629999711775,0.025239807576320834,0.008631600859566671,0.008009349907308233
Enh162_CHCHD1,Enh162,ENSG00000172586,0,0.0688979976312838,0.0543996968983108,0.008,0.008663578754070572,0.010532364225848008,0.025853903159687257,0.020135532465170844
Enh162_PLAU,Enh162,ENSG00000122861,1,0.3943813194155754,0.928078850337676,0.577,0.45234612110430267,0.8828830683880399,0.9205803080380279,0.9981494959796811
Enh162_PPP3CB,Enh162,ENSG00000107758,0,0.0220736344143213,0.019400538284711,0.0,1.2194296304552184e-05,4.454780805984777e-05,0.027229065734846004,0.025773403087442068
Enh162_VCL,Enh162,ENSG00000035403,1,0.0566401338665225,0.0532850235557016,0.132,0.1258530683816688,0.11255204204242678,0.08500804474346495,0.07355624622448852
Enh163_ADK,Enh163,ENSG00000156110,0,0.0292580615582338,0.0322908181578774,0.029,0.031892649347518606,0.0316450412546775,0.00905552404643269,0.007571831026391787
Enh163_ANXA7,Enh163,ENSG00000138279,0,0.0135947368552795,0.016370756377295,0.039,0.04290654693265917,0.0383725744051469,0.006449885548160857,0.006519307710496075
Enh163_CHCHD1,Enh163,ENSG00000172586,0,0.0563838760316813,0.0511362210943447,0.016,0.0144180183382583,0.015427067521765363,0.022677733049981212,0.017052309447265244
Enh163_PLAU,Enh163,ENSG00000122861,1,0.3768785942245148,0.9422457830632004,0.506,0.3874518707613098,0.8520106816633889,0.9322172135258255,0.9989833718944808
Enh163_PPP3CB,Enh163,ENSG00000107758,0,0.0198932679149939,0.023612759328379,0.025,0.029848621371512386,0.029115946180556067,0.029473736013976265,0.041927603200479946
Enh163_VCL,Enh163,ENSG00000035403,0,0.042104681123547,0.0406601198526023,0.058,0.05298750011525005,0.04924576696974062,0.07387336954655226,0.05956168363128839
Enh165_ANXA11,Enh165,ENSG00000122359,0,0.0052109266310047,0.0073944225798958,0.059,0.04347507738231114,0.03891362442620206,0.0012476195041824798,0.0016469936192122095
Enh165_PRXL2A,Enh165,ENSG00000122378,0,0.0301880565676776,0.023606516729771,0.137,0.11177351912649375,0.0760750453055563,0.01752177482747883,0.015179496549567057
Enh166_ANXA11,Enh166,ENSG00000122359,0,0.0186007699469816,0.0225059660022302,0.024,0.024426798441040558,0.02490876649545468,0.006022163425313609,0.007421164314678524
Enh167_ANKRD1,Enh167,ENSG00000148677,1,0.259584682719824,0.6113850392238994,0.815,0.7039302019231084,0.8806999740080838,0.4343695392432047,0.7884147473613359
Enh167_PCGF5,Enh167,ENSG00000180628,1,0.0594045938064322,0.0337851788719085,0.254,0.19796669585325075,0.1288568575868557,0.04852750477529085,0.02540802474283281
Enh167_RPP30,Enh167,ENSG00000148688,0,0.1679937482230409,0.0972239086137922,0.056,0.049507759603858385,0.04842794701302147,0.100998117230295,0.06683160017235648
Enh168_ANKRD1,Enh168,ENSG00000148677,1,0.3902994239468557,0.9999755625058924,0.591,0.5377171834989151,0.9995648695973598,0.5398995680560729,0.9998586719345509
Enh168_PCGF5,Enh168,ENSG00000180628,1,0.0612765887455467,0.2247166740685895,0.104,0.08338976453903303,0.25191167586507074,0.04463902013284794,0.20845123920347944
Enh168_RPP30,Enh168,ENSG00000148688,0,0.1713151976014622,0.1181792785722697,0.02,0.013806451407334453,0.018072565302170922,0.09701079711681489,0.07807412314448826
Enh169_PCGF5,Enh169,ENSG00000180628,0,0.0620227722823449,0.015165590609792,0.095,0.08164193681700133,0.02770702781666802,0.05503759710198482,0.009054284744892439
Enh169_RPP30,Enh169,ENSG00000148688,0,0.0196572017969014,0.0149389825564495,0.0,3.0393753866253288e-06,1.1549236378520145e-05,0.009010008818497001,0.009020804411976857
Enh169_TNKS2,Enh169,ENSG00000107854,0,0.0132588527136678,0.0107843766394611,0.18,0.14255253542003618,0.10966421472896005,0.003121458792943187,0.0027095831461483176
Enh16_CCT3,Enh16,ENSG00000163468,0,0.051367744120249,0.0584669027863183,0.005,0.00858734443061596,0.011193368045627313,0.07198649446490644,0.08687203828570451
Enh16_CRABP2,Enh16,ENSG00000143320,1,0.0652739695152076,0.0576635085505225,0.072,0.07465422333046177,0.050927311090475755,0.029541665314738175,0.01895546772485598
Enh16_GLMP,Enh16,ENSG00000198715,0,0.0581141800618524,0.0652975648592793,0.079,0.08085388592449701,0.0671534056572438,0.021258195348130452,0.021899849614480462
Enh16_HDGF,Enh16,ENSG00000143321,0,0.0378687830737804,0.0414772663222434,0.012,0.019668261078219382,0.019591646138347137,0.027011537962576205,0.02657830509501919
Enh16_LAMTOR2,Enh16,ENSG00000116586,0,0.0216515870251464,0.0287336788602208,0.004,0.00452842755211163,0.005784077725443516,0.0068306412073222585,0.008339418170638825
Enh16_LMNA,Enh16,ENSG00000160789,0,0.0115358954797572,0.0169234499845808,0.019,0.025362212688266543,0.025901100525319274,0.028444262346731825,0.04047532713643298
Enh16_NAXE,Enh16,ENSG00000163382,0,0.1825858602432708,0.187980789710016,0.147,0.13327112559044035,0.11434127241394332,0.06343287955840209,0.05998383274700423
Enh16_SSR2,Enh16,ENSG00000163479,0,0.0181753743715466,0.0245746393966758,0.006,0.008887359385965913,0.010522697452704406,0.01684443393222802,0.019698817045428214
Enh170_TNKS2,Enh170,ENSG00000107854,0,0.0247037632935567,0.0303007697246854,0.0,3.0393753866253288e-06,1.1866810258399307e-05,0.00586003967517016,0.006984546550788626
Enh171_TNKS2,Enh171,ENSG00000107854,0,0.0216576135053851,0.0224128761110637,0.006,0.005998770827289555,0.007380809683975731,0.008561383169837134,0.008665873201116838
Enh172_PPP1R3C,Enh172,ENSG00000119938,1,0.3044771931056019,0.977672207016552,0.57,0.4568940324484086,0.9670199715372451,0.677832548214199,0.9965066749209607
Enh172_TNKS2,Enh172,ENSG00000107854,0,0.0526667505296558,0.0460600449012274,0.005,0.00630862883642416,0.009156807774516851,0.016607949533199825,0.015555631833434636
Enh173_PPP1R3C,Enh173,ENSG00000119938,1,0.2517370195390236,0.2317984462854977,0.524,0.4142315208964758,0.32407483585053415,0.6980225177217115,0.6995541352998429
Enh173_TNKS2,Enh173,ENSG00000107854,0,0.0380581685371436,0.0401059429292998,0.006,0.005998770827289555,0.007611302492555357,0.023168462920289207,0.020674130313790662
Enh174_TNKS2,Enh174,ENSG00000107854,0,0.0416481317597357,0.0516468780743729,0.003,0.004033778240373569,0.006038883596579362,0.020305026406003183,0.026821281776304506
Enh175_TNKS2,Enh175,ENSG00000107854,0,0.0392537499095183,0.0436169401893751,0.007,0.006907537175116983,0.008998752882863404,0.018338504354886362,0.018354798752903835
Enh176_HPS1,Enh176,ENSG00000107521,0,0.0463356339738134,0.0414752234762348,0.019,0.014031804022184893,0.019040333028150766,0.01369701502912367,0.014415642887740589
Enh177_CTR9,Enh177,ENSG00000198730,0,0.3484803335685811,0.0408238153962302,0.362,0.2807542329190458,0.04910597779234687,0.1342140852884635,0.005051874116335428
Enh177_EIF4G2,Enh177,ENSG00000110321,0,0.0334128223662313,0.0180172087535533,0.196,0.16110071345063867,0.09683299778236769,0.08334358681716886,0.04117221719819339
Enh17_CCT3,Enh17,ENSG00000163468,0,0.0349476723518018,0.0300988658172103,0.017,0.01226533458749772,0.014701894718911028,0.03602653282755717,0.0329774741756566
Enh17_HDGF,Enh17,ENSG00000143321,0,0.0233945862830344,0.021035107326702,0.025,0.023284795215658648,0.02366780575896926,0.013935485344768978,0.013180263903122732
Enh17_LAMTOR2,Enh17,ENSG00000116586,0,0.0130233772241305,0.0139568367651997,0.003,0.0018480451661116155,0.002927642240792747,0.004085758476467084,0.004721238263631175
Enh17_LMNA,Enh17,ENSG00000160789,0,0.0080024095797909,0.0092337027279396,0.011,0.007897299507584067,0.010351890784314432,0.01432875382558406,0.01751671788649163
Enh17_SSR2,Enh17,ENSG00000163479,0,0.0112157623531341,0.011249401410244,0.003,0.0020631943620460246,0.003057067456846053,0.010526890130714478,0.009859009217296814
Enh180_CTR9,Enh180,ENSG00000198730,0,0.0378150856518828,0.0256103901178838,0.0,2.1902043502750537e-06,1.4164128905122787e-05,0.015047013483319797,0.007966025850083727
Enh180_EIF4G2,Enh180,ENSG00000110321,0,0.0304154380615438,0.0172388130327374,0.018,0.017234619135456774,0.018551352744298772,0.07076422028070806,0.04119040962052731
Enh180_RNF141,Enh180,ENSG00000110315,0,0.0167033305456755,0.0124065328249635,0.076,0.06483525350423047,0.05441208455944883,0.010518821592443744,0.00747031092785188
Enh181_EIF4G2,Enh181,ENSG00000110321,0,0.0347223831955798,0.0292682993025485,0.03,0.027532579336515612,0.025903301283055895,0.0686438546091196,0.06030222589398669
Enh185_REXO2,Enh185,ENSG00000076043,0,0.0014822541380381,0.0021196376617982,0.002,0.0028282044938169365,0.004457812251580744,0.0005437681945957477,0.0008642668899742223
Enh187_PAFAH1B2,Enh187,ENSG00000168092,0,0.0032416373658511,0.0035422589614739,0.0,5.695657897268426e-06,2.1035377010801858e-05,0.000508535802240673,0.0009683061832232308
Enh187_TAGLN,Enh187,ENSG00000149591,0,0.0010249828147149,0.0013883459792219,0.015,0.01560265120353071,0.01605575346320665,0.0020429004163848258,0.0031341003075576403
Enh188_DKK3,Enh188,ENSG00000050165,1,0.116985349469158,0.0548287253357819,0.303,0.23358945255216773,0.18061241529012953,0.06596602312365514,0.026815008861062258
Enh188_MICAL2,Enh188,ENSG00000133816,0,0.3359633814389027,0.3531154763444935,0.258,0.20555965219524933,0.3210376366975363,0.23808136647371342,0.27907936246044673
Enh188_PARVA,Enh188,ENSG00000197702,0,0.0333574073223428,0.0188500434090056,0.011,0.011661362815480853,0.013052333065776646,0.007883369913401904,0.004441987390421367
Enh188_USP47,Enh188,ENSG00000170242,0,0.0455841309610417,0.0268907286253252,0.007,0.008457960624497541,0.010963262113146558,0.008966676982216648,0.006285198793670592
Enh18_COPA,Enh18,ENSG00000122218,0,0.0237383527828501,0.0256777514561201,0.0,5.695657897268426e-06,2.1198179887389113e-05,0.018488521147581302,0.020380719956318502
Enh18_DCAF8,Enh18,ENSG00000132716,0,0.0522663671597762,0.0462962902720604,0.001,0.0028028451196375815,0.0038659116684043107,0.03776251689362618,0.03430522965839796
Enh18_NCSTN,Enh18,ENSG00000162736,0,0.0376681062914854,0.0382197685734812,0.0,5.009391333501727e-06,2.2249278865228364e-05,0.03854310931539386,0.03575527430703479
Enh18_PEA15,Enh18,ENSG00000162734,0,0.0461707787372554,0.0398789289914297,0.002,0.004076685189329521,0.005389944001032478,0.04427870432586466,0.038757778232620096
Enh18_TAGLN2,Enh18,ENSG00000158710,0,0.0182028209204925,0.0199835538482932,0.004,0.0071632774586160245,0.009203214314152759,0.02749866128025212,0.030817059729208052
Enh190_HSPA8,Enh190,ENSG00000109971,0,0.0053592078196446,0.0071217602351904,0.001,0.0006605797335826881,0.0012184517339463956,0.009886824721687264,0.010691434125385903
Enh190_MIR100HG,Enh190,ENSG00000255248,0,0.0317983516839298,0.0280308136412837,0.379,0.3368056359139471,0.22802748539220014,0.02184423055033649,0.021539968845490105
Enh194_TBRG1,Enh194,ENSG00000154144,0,0.0742137327081098,0.0467798903501058,0.0,3.901780365034957e-06,1.8053451293979578e-05,0.025491545250177203,0.01481425292637582
Enh195_ETS1,Enh195,ENSG00000134954,0,0.0488101723223034,0.0227454375272967,0.043,0.04436068373755133,0.02899257185976441,0.014738051272069,0.00463162863367746
Enh198_COPB1,Enh198,ENSG00000129083,0,0.0362822086243683,0.0267235747835221,0.01,0.013225801843248031,0.01510871412853478,0.033840711749385036,0.02965419555297023
Enh198_PSMA1,Enh198,ENSG00000129084,0,0.0195297802351188,0.014709903244019,0.014,0.02218497917702024,0.022140889317496863,0.019261430242986342,0.013224874252654456
Enh198_RRAS2,Enh198,ENSG00000133818,0,0.3652936275087344,0.085902695845712,0.073,0.06876650389721614,0.028519656721692526,0.1664481537603901,0.02731676776709454
Enh199_LDHA,Enh199,ENSG00000134333,1,0.3633559119371276,0.3007465062987809,0.552,0.42975654764218424,0.32869504216418116,0.49124466582493975,0.39565817147855115
Enh199_SPTY2D1,Enh199,ENSG00000179119,0,0.031841943048276,0.0385203728315159,0.006,0.005647805269574295,0.006864875279559493,0.009316419296496148,0.008902946875913755
Enh199_TSG101,Enh199,ENSG00000074319,0,0.0700907253512081,0.0736778041515677,0.0,3.0393753866253288e-06,1.192523884052903e-05,0.038340121919460346,0.030465626209552385
Enh19_COPA,Enh19,ENSG00000122218,0,0.0025123226862586,0.0047394701712523,0.002,0.0028282044938169365,0.004508914760285275,0.0010395341077928722,0.002181572415987848
Enh19_PEA15,Enh19,ENSG00000162734,0,0.0050544536621848,0.0082071250258632,0.013,0.014128765659557731,0.016185392709665136,0.0014314365366494013,0.0039790445583485065
Enh19_TAGLN2,Enh19,ENSG00000158710,0,0.0023963748437867,0.0043028293727856,0.003,0.003815589913421519,0.005440891558261765,0.0011564877557503875,0.0035467796076087466
Enh1_CAPZA1,Enh1,ENSG00000116489,0,0.0284526532891365,0.0272650225770566,0.001,0.0012368467212691982,0.0019429174940591887,0.021377196453245977,0.017051377595318346
Enh1_CTTNBP2NL,Enh1,ENSG00000143079,0,0.4569116941540269,0.3962742440159794,0.157,0.14189231986449177,0.1563574013735914,0.24125385163402566,0.20675262232436845
Enh1_RHOC,Enh1,ENSG00000155366,0,0.0179791961614629,0.0176425490861316,0.004,0.00452842755211163,0.005546533625850024,0.024805462634901722,0.019327335228083373
Enh200_GTF2H1,Enh200,ENSG00000110768,0,0.1956998538831275,0.1358238254131895,0.143,0.13638407702216457,0.13247368764818906,0.12153420802132872,0.08944735807055552
Enh200_HPS5,Enh200,ENSG00000110756,0,0.2004357835010107,0.1253139387887231,0.138,0.12550088539309742,0.11569267661739288,0.22760149063651977,0.15460019772795822
Enh200_LDHA,Enh200,ENSG00000134333,1,0.4455292935035171,0.7329246001301829,0.65,0.5535156394722189,0.8230383033721342,0.49721839359058856,0.8229908069549757
Enh200_SPTY2D1,Enh200,ENSG00000179119,0,0.0387191902000658,0.0266579966320897,0.009,0.009673205854611532,0.011617521286566384,0.007982940830201565,0.0059742898514152905
Enh200_TSG101,Enh200,ENSG00000074319,0,0.0861930937484926,0.0499909315369789,0.013,0.016482979284992663,0.0177145284315325,0.028435229495833426,0.015349408552126305
Enh200_UEVLD,Enh200,ENSG00000151116,0,0.0765877592980959,0.0485284105347282,0.033,0.036012867738098545,0.03605313723893704,0.7019308894193788,0.6440151397245083
Enh201_TRIM44,Enh201,ENSG00000166326,0,0.023367287529121,0.020458521194927,0.038,0.04054125938081152,0.037131480876622026,0.006450944613500766,0.005741599026824749
Enh202_HSD17B12,Enh202,ENSG00000149084,0,0.016811618009628,0.018630156620739,0.001,0.0013919594878539845,0.0021907862723071388,0.004222159393107948,0.004907162987685731
Enh205_ARHGAP1,Enh205,ENSG00000175220,0,0.0162897602833658,0.0183021502266061,0.001,0.0015411159017377633,0.002783877223326995,0.003941416882317479,0.005360304800361392
Enh205_CREB3L1,Enh205,ENSG00000157613,0,0.2604848284716013,0.4135234302834494,0.394,0.31189583847940555,0.5056048152737798,0.14078705748956805,0.3355071382491265
Enh206_ARHGAP1,Enh206,ENSG00000175220,0,0.0157101161971816,0.0172311799594735,0.001,0.0006128019333193777,0.0011419108185932408,0.004120514884270816,0.0055999740013531595
Enh206_CKAP5,Enh206,ENSG00000175216,0,0.0116341729112681,0.0137700107256194,0.004,0.0025851365817003446,0.0038247822389849352,0.0030438162648328874,0.004381686037646956
Enh206_CREB3L1,Enh206,ENSG00000157613,0,0.0369117161708602,0.0578031973889185,0.173,0.14345524060541487,0.16374225083991223,0.01749733491736475,0.03411132466081373
Enh207_ARHGAP1,Enh207,ENSG00000175220,0,0.5752510981610339,0.4897370385007749,0.383,0.30054743168610304,0.29694571864549923,0.32459128843618906,0.22596453206746708
Enh207_CKAP5,Enh207,ENSG00000175216,0,0.0908031316427684,0.066026664289558,0.063,0.06202367036290274,0.05509339279225803,0.0302434154028785,0.01793495024303789
Enh207_CREB3L1,Enh207,ENSG00000157613,0,0.0197465042962063,0.0174765751996195,0.083,0.08435763751736966,0.06758221304099803,0.008223543236610249,0.007176025784094659
Enh208_MRPL16,Enh208,ENSG00000166902,0,0.03077736775228,0.0201436625226833,0.0,6.680262126068075e-07,6.208429027654037e-06,0.01852676957763837,0.011303191799221788
Enh208_OSBP,Enh208,ENSG00000110048,0,0.0757907750417716,0.0496897116271066,0.005,0.003259800760635845,0.005283596236670761,0.02222901281511342,0.021085288755059713
Enh208_PATL1,Enh208,ENSG00000166889,0,0.0658872713527131,0.0398233229996698,0.001,0.0011344398014294485,0.0021346544465266595,0.24983817411570658,0.17323900816438306
Enh208_STX3,Enh208,ENSG00000166900,0,0.0535821417906075,0.032266886793448,0.0,4.0621097465124596e-07,2.5481211439469773e-06,0.3988411545008973,0.3117398678592387
Enh209_FTH1,Enh209,ENSG00000167996,0,0.0696245016460694,0.0395281786044254,0.042,0.03750749853090607,0.0370676257023227,0.030830693782366702,0.04171816815006606
Enh209_TMEM258,Enh209,ENSG00000134825,0,0.0262205142249051,0.0187668265318362,0.089,0.07779909197201935,0.060296262724957986,0.041763463789954575,0.027456838568897954
Enh20_COPA,Enh20,ENSG00000122218,0,0.1349115447980666,0.0978979925148015,0.002,0.0028282044938169365,0.004064501167581843,0.1326983173087518,0.07375309960535166
Enh20_PEA15,Enh20,ENSG00000162734,0,0.0204990504783492,0.0240503299156151,0.01,0.01117863784417852,0.013032355377530912,0.01602749574073452,0.019309516468210906
Enh20_TAGLN2,Enh20,ENSG00000158710,0,0.0059058860436597,0.0090347017022129,0.0,2.9814997077690255e-06,1.7081336485721716e-05,0.007024884811611357,0.011693925133445134
Enh210_BEST1,Enh210,ENSG00000167995,1,0.4788934684469316,0.9878791089527156,0.558,0.4707311665851288,0.9795571141251949,0.9018375181594608,0.9995953720606299
Enh210_FADS1,Enh210,ENSG00000149485,0,0.0837936863992935,0.062200180160881,0.338,0.27587759793809463,0.19279358256075335,0.03439988770605435,0.023953379511279346
Enh210_FTH1,Enh210,ENSG00000167996,1,0.469840249324134,0.999896498050233,0.479,0.3771840742926417,0.9996162147603247,0.24490189262548923,0.9999925095013051
Enh210_TMEM258,Enh210,ENSG00000134825,0,0.0426121106765663,0.03409887939285,0.098,0.10124142891820449,0.07754271927044984,0.06097944790922753,0.04205105753526941
Enh211_BEST1,Enh211,ENSG00000167995,1,0.3988469720573188,0.3399364883623771,0.31,0.243022640805306,0.20220812755671172,0.876856824488414,0.8874329782879185
Enh211_FTH1,Enh211,ENSG00000167996,1,0.3601376388979113,0.2047823635700394,0.388,0.31025408221715867,0.20998777811252653,0.18230753150711396,0.20194393145573797
Enh211_TMEM258,Enh211,ENSG00000134825,0,0.0265535817930475,0.026241309443374,0.094,0.08162086533149769,0.06476905262500983,0.04447927263845541,0.04391479663173448
Enh212_AHNAK,Enh212,ENSG00000124942,0,0.0231559795027691,0.0250694513514279,0.127,0.09700995523633349,0.08863979479098823,0.03400415059857212,0.03488518276779804
Enh212_EEF1G,Enh212,ENSG00000254772,0,0.0160057581914389,0.016318968899296,0.001,0.0006605797335826881,0.0013083710729424056,0.03986509141879185,0.029974113315947803
Enh212_FTH1,Enh212,ENSG00000167996,0,0.0027967422555882,0.0037098064711492,0.0,6.680262126068075e-07,6.125440887257404e-06,0.0014165541654708957,0.002789494882940437
Enh212_POLR2G,Enh212,ENSG00000168002,0,0.0117139648836638,0.0126770472874795,0.0,1.7339737768865494e-06,1.0257384355548973e-05,0.007251042782852776,0.008397659043369199
Enh212_UBXN1,Enh212,ENSG00000162191,0,0.0161289870216639,0.0162418022400941,0.0,6.680262126068075e-07,6.320174729432972e-06,0.005803228450484772,0.006465947714934997
Enh213_AHNAK,Enh213,ENSG00000124942,1,0.0050796590234916,0.0070644149218847,0.008,0.0053142246829531335,0.0068411373264232215,0.007201616475697434,0.010164259249815129
Enh213_EEF1G,Enh213,ENSG00000254772,0,0.0043364246969412,0.0062907897400918,0.002,0.0013550557282384955,0.002284665301313791,0.012676971437577433,0.013315804244091432
Enh213_POLR2G,Enh213,ENSG00000168002,0,0.0194635956317136,0.0202046048987018,0.0,1.7339737768865494e-06,9.815348219619843e-06,0.012968439674728088,0.014248570091699296
Enh213_UBXN1,Enh213,ENSG00000162191,0,0.0114418906605779,0.0130832637555374,0.0,6.680262126068075e-07,5.965490791000444e-06,0.003632384307920687,0.00431572115262071
Enh214_AHNAK,Enh214,ENSG00000124942,0,0.0014738678753258,0.0025473496904906,0.003,0.0031815802877819955,0.0045723492944143365,0.00154350324634301,0.003523615905180781
Enh214_B3GAT3,Enh214,ENSG00000149541,0,0.0033763324380776,0.0056376434179069,0.091,0.07059104593793482,0.05988650515625696,0.0015976495245622043,0.0021152174960975246
Enh214_EEF1G,Enh214,ENSG00000254772,0,0.0013219819161502,0.0022355953316575,0.001,0.0009117979346929358,0.0016556680330131143,0.0032570991978510904,0.004460906818760932
Enh214_GANAB,Enh214,ENSG00000089597,0,0.0031203350612291,0.0049322971364697,0.013,0.012791931883099477,0.014482800191220523,0.000889907327967988,0.0009729831481166046
Enh214_HNRNPUL2,Enh214,ENSG00000214753,0,0.0039304464958642,0.0061846910410047,0.014,0.011102594743645474,0.012845167147765256,0.001703909589009635,0.0023057946697158252
Enh214_POLR2G,Enh214,ENSG00000168002,0,0.0042464597535962,0.0063720499495229,0.001,0.0015934925603484594,0.0027288291619086136,0.0035909874721532682,0.004460705633358655
Enh214_SLC3A2,Enh214,ENSG00000168003,0,0.0047606725318579,0.0065037402122054,0.0,4.020519762748885e-06,2.146162866921083e-05,0.009668953209108868,0.0122767819629994
Enh214_TMEM179B,Enh214,ENSG00000185475,0,0.0048853445808101,0.0071265650173251,0.0,2.1902043502750537e-06,1.3199408864850493e-05,0.001395254820890089,0.0013975591065775567
Enh214_UBXN1,Enh214,ENSG00000162191,0,0.0031874974934549,0.0049722662491869,0.003,0.0033417456007639253,0.004909407460964264,0.0010522216143941195,0.0011984413749558883
Enh214_UQCC3,Enh214,ENSG00000204922,0,0.0033481083291752,0.0053153918093431,0.026,0.024144412451395664,0.02452022921970803,0.000943352629568295,0.0010345440641741904
Enh215_ATL3,Enh215,ENSG00000184743,0,0.0065306064165035,0.010137312221445,0.034,0.03927074116847449,0.036547816183935024,0.00321619171421417,0.004643676624564296
Enh215_BAD,Enh215,ENSG00000002330,0,0.0037636745178177,0.0065428376594041,0.123,0.11561947676754815,0.08809844455535551,0.0007772289336119395,0.0010201690153946931
Enh215_COX8A,Enh215,ENSG00000176340,0,0.0124270488953178,0.0148347102423098,0.005,0.007600379799352788,0.00875304804053066,0.0342878174552357,0.03675770205081985
Enh215_OTUB1,Enh215,ENSG00000167770,0,0.0179988391902875,0.0207333403916891,0.003,0.006642209113983561,0.008120331885461126,0.013376670437051081,0.01617423764392252
Enh215_PLAAT3,Enh215,ENSG00000176485,0,0.0046945770176657,0.0078643775627196,0.021,0.02600103187346669,0.026255789069021842,0.002239836985025304,0.0038003394101010185
Enh215_PPP1R14B,Enh215,ENSG00000173457,0,0.0023322077557632,0.0043887523395468,0.013,0.017244160268225842,0.018596013219166544,0.006918005059500556,0.011787761325453457
Enh215_PPP1R14B-AS1,Enh215,ENSG00000256940,0,0.0053298430006096,0.0084030236000729,0.024,0.02422553994770187,0.023607531008269216,0.0052621105682355025,0.008231629536798592
Enh215_PRDX5,Enh215,ENSG00000126432,0,0.0023558610324824,0.0043685466156614,0.01,0.013772284414198116,0.015175427355980941,0.005440721844128692,0.008857432922295048
Enh215_RTN3,Enh215,ENSG00000133318,0,0.0061120267800873,0.0091367519168383,0.0,1.9181491370496346e-06,7.5575237003375545e-06,0.0029992901505595604,0.004778144178119536
Enh215_STIP1,Enh215,ENSG00000168439,0,0.0039845627222588,0.0067363789301564,0.001,0.0012368467212691982,0.0019234301348414514,0.008899789249496335,0.014594140942151916
Enh215_TRMT112,Enh215,ENSG00000173113,0,0.0026398315258973,0.0051104531407647,0.016,0.024622629999711775,0.026114099645184404,0.007790031267953334,0.015255214194820047
Enh215_VEGFB,Enh215,ENSG00000173511,0,0.0040548999463746,0.0060959819016217,0.024,0.030644943708829062,0.027075629327384155,0.0009975007049107783,0.0012007878383590081
Enh216_BAD,Enh216,ENSG00000002330,0,0.0672870985855733,0.0610339856243582,0.049,0.04625458287002201,0.0421496275991333,0.027954372535997654,0.02269956126797722
Enh216_COX8A,Enh216,ENSG00000176340,0,0.0207694711653859,0.0222760560231721,0.001,0.0016983158109075732,0.0030233396106818023,0.036218340993473576,0.02992370393606158
Enh216_OTUB1,Enh216,ENSG00000167770,0,0.0451151126119587,0.0457437268970334,0.001,0.0020404501315090836,0.003463050043030205,0.02383770011618598,0.021050574833971308
Enh216_PPP1R14B,Enh216,ENSG00000173457,0,0.0569579731579079,0.048866324865065,0.158,0.13435991553066334,0.09632688996571752,0.1059592629207913,0.07436772879784138
Enh216_PRDX5,Enh216,ENSG00000126432,0,0.0326953614398235,0.0313954898392798,0.012,0.014430623373275655,0.015809753216430907,0.0481855242686173,0.03519922486589606
Enh216_STIP1,Enh216,ENSG00000168439,0,0.6679881700335686,0.6220730764002711,0.237,0.20391084709240623,0.23423043810985314,0.7164167155769656,0.6620893907180505
Enh216_TRMT112,Enh216,ENSG00000173113,0,0.0359567947428941,0.0356058660788004,0.019,0.023356620285805096,0.02424807592329241,0.04404559366037241,0.03978422240892881
Enh216_VEGFB,Enh216,ENSG00000173511,0,0.1180098601732246,0.0938741189679535,0.172,0.14427657419838713,0.10658534526164863,0.06173005516654046,0.044394383321694535
Enh217_ARL2,Enh217,ENSG00000213465,0,0.0376826497831113,0.0224713026059645,0.023,0.026601241659493784,0.0252845155832225,0.016071267284806068,0.011683949121361866
Enh217_DPF2,Enh217,ENSG00000133884,0,0.0433581817481582,0.0285411149516364,0.008,0.010966784066324118,0.01299248195576657,0.009547382171904739,0.006587908073875145
Enh217_EHD1,Enh217,ENSG00000110047,0,0.0058089555457509,0.0041537634595043,0.005,0.009914219372275908,0.011717029257722104,0.003642353910722219,0.002807350805072287
Enh217_FAM89B,Enh217,ENSG00000176973,0,0.014583720566989,0.0110279823238389,0.006,0.009958039881431489,0.012517400289898463,0.0048171203082179636,0.0032994681533597657
Enh217_FAU,Enh217,ENSG00000149806,0,0.096978757612855,0.0550972720228676,0.048,0.04933405934327647,0.046940308165139895,0.12877501934781918,0.07676155599426739
Enh217_MALAT1,Enh217,ENSG00000251562,0,0.0021063750977896,0.0020370566226834,0.014,0.018374345367343156,0.01918490512203876,0.00441535265276503,0.005277211509111451
Enh217_NEAT1,Enh217,ENSG00000245532,0,0.0051639154286345,0.0042801510104001,0.014,0.02218497917702024,0.022693952036067475,0.008188132155835913,0.005614702870701425
Enh217_SAC3D1,Enh217,ENSG00000168061,0,0.0723160026701446,0.0433347042113795,0.106,0.09774429782898214,0.08290552294645627,0.04652612296702498,0.02602888774235865
Enh217_SCYL1,Enh217,ENSG00000142186,0,0.0193078832299729,0.0136184958153689,0.002,0.004831695742202178,0.00647771346930925,0.01482641466734022,0.010886461049616488
Enh217_SF1,Enh217,ENSG00000168066,0,0.0156307834640868,0.0110372846889002,0.002,0.0023667511633707343,0.0032218881195117135,0.002891265195630549,0.001987725255374261
Enh217_ZNRD2,Enh217,ENSG00000173465,0,0.0144778113724554,0.0109130878883568,0.003,0.004902208502882066,0.006665228023006334,0.0046991906717950595,0.003493185469981616
Enh218_ARL2,Enh218,ENSG00000213465,0,0.0030952268011953,0.0042297136766533,0.003,0.0048113998615719605,0.006225227743268429,0.0009972846475760435,0.0023822701065032976
Enh218_CCDC85B,Enh218,ENSG00000175602,0,0.002117555226517,0.0031806091306841,0.028,0.03471909404107883,0.033525771257705464,0.001706628716437049,0.002970460020665568
Enh218_CFL1,Enh218,ENSG00000172757,0,0.0012911093229403,0.0021079059354368,0.0,1.2194296304552184e-05,4.619867137973592e-05,0.004191756129219611,0.006204476933094201
Enh218_EFEMP2,Enh218,ENSG00000172638,0,0.0033392628777071,0.004696514898981,0.077,0.07884430255424636,0.0655087401733318,0.0006699840083971599,0.0007381790886402901
Enh218_FAU,Enh218,ENSG00000149806,0,0.0021573526461941,0.0031868244288872,0.0,5.695657897268426e-06,2.2224910651961468e-05,0.002037912755771505,0.004503270206929746
Enh218_FIBP,Enh218,ENSG00000172500,0,0.0032718837721054,0.0043840944751042,0.013,0.013646854557437145,0.01446281113371538,0.0011823066616916155,0.0015898949667744148
Enh218_MALAT1,Enh218,ENSG00000251562,0,0.0030463265385169,0.0039165254486032,0.032,0.03728551132630496,0.034586799870214666,0.008334562670390493,0.013022595223570714
Enh218_NEAT1,Enh218,ENSG00000245532,1,0.0486221281198725,0.051302494575052,0.465,0.3667711679014866,0.31714465686689913,0.06961489235471312,0.0702879872985406
Enh218_RELA,Enh218,ENSG00000173039,0,0.0070759880195061,0.008105443442653,0.004,0.00452842755211163,0.005676322970019145,0.00461882971174623,0.005046805753066847
Enh218_RNASEH2C,Enh218,ENSG00000172922,0,0.0049872936118664,0.0059813547765142,0.0,5.009391333501727e-06,2.1813029861800237e-05,0.0021987272555199122,0.0027057630009390825
Enh219_ARL2,Enh219,ENSG00000213465,0,0.0136087983773846,0.0116128883745119,0.003,0.0036865130490640182,0.005067836159447321,0.006272337102241317,0.005716418652906681
Enh219_CCDC85B,Enh219,ENSG00000175602,0,0.0088889102398026,0.0069508774402168,0.022,0.025309059853429246,0.023797360346674897,0.015565382636946758,0.014138162212759264
Enh219_CFL1,Enh219,ENSG00000172757,0,0.0050087629424237,0.0042790812424349,0.001,0.0021497083838792376,0.0034605546021648594,0.009133968873444248,0.004963893123866337
Enh219_DPF2,Enh219,ENSG00000133884,0,0.1084713787511431,0.0683943901831929,0.025,0.024153598764684422,0.025156554457799338,0.025847668613131463,0.01804347996145987
Enh219_EFEMP2,Enh219,ENSG00000172638,0,0.0160906472112564,0.0142921634229865,0.038,0.03999452966303856,0.03876055190943147,0.005260879690550936,0.004200645240497127
Enh219_FAM89B,Enh219,ENSG00000176973,0,0.0624754516609086,0.0388295586850999,0.234,0.18837348135575466,0.1234007623124977,0.018670541864046875,0.010043116090065227
Enh219_FAU,Enh219,ENSG00000149806,0,0.0088094671877737,0.006733083081958,0.0,3.0393753866253288e-06,1.1811714530402668e-05,0.010993865802451736,0.010536441033873281
Enh219_FIBP,Enh219,ENSG00000172500,0,0.015285660126364,0.0131746141608666,0.004,0.0038345963012397866,0.005014051790400917,0.002203060139071568,0.001609325520747508
Enh219_FOSL1,Enh219,ENSG00000175592,1,0.0154970212807331,0.0127440398476464,0.212,0.16606201455649405,0.12477645600658259,0.0027113152987309095,0.0027744402180821634
Enh219_MALAT1,Enh219,ENSG00000251562,0,0.0156258917377121,0.0100581677867732,0.145,0.11879031044697158,0.0973456298937709,0.12522345784243524,0.03274938939902872
Enh219_NEAT1,Enh219,ENSG00000245532,1,0.3983379433718846,0.241095337606134,0.898,0.7867825368945555,0.6681399337969394,0.32776478400290077,0.10662263388247256
Enh219_RELA,Enh219,ENSG00000173039,0,0.040422897276402,0.0281887531349828,0.003,0.0029135562173884886,0.003771496510976988,0.014010636119438197,0.009234360633451604
Enh219_RNASEH2C,Enh219,ENSG00000172922,0,0.0254157462322114,0.0195405567315458,0.0,3.901780365034957e-06,1.7832527442053688e-05,0.006279910308676588,0.004916636830359981
Enh219_SAC3D1,Enh219,ENSG00000168061,0,0.0252900366021349,0.0198351197458125,0.015,0.013555167186612588,0.014246195808504043,0.015976234201927134,0.012764804341538207
Enh219_SCYL1,Enh219,ENSG00000142186,0,0.1095528017402795,0.0675537335379645,0.031,0.03557490034867159,0.03319248264983775,0.06524627792504367,0.04140328655464138
Enh219_ZNRD2,Enh219,ENSG00000173465,0,0.0623154195556881,0.0390449705423518,0.01,0.011521180619376332,0.012308432147440772,0.017011582168823137,0.009801242182346036
Enh220_ARL2,Enh220,ENSG00000213465,0,0.0101426266319542,0.0128126635069512,0.017,0.011652551260511023,0.013527733990885651,0.007220160583056381,0.00892354037859284
Enh220_CCDC85B,Enh220,ENSG00000175602,0,0.0076362791719264,0.0095588991337747,0.068,0.050286816453285255,0.04207841078636547,0.008544275682220394,0.010504351399664795
Enh220_CFL1,Enh220,ENSG00000172757,0,0.005304697306267,0.0073001863454883,0.001,0.0011344398014294485,0.0020221230132044105,0.012143615699491291,0.012171683520328679
Enh220_DRAP1,Enh220,ENSG00000175550,0,0.0056899772511539,0.00789524839177,0.06,0.04398989543931631,0.0406247148719623,0.011056332433390995,0.013937571780558544
Enh220_EFEMP2,Enh220,ENSG00000172638,0,0.0100825094726212,0.0123578356034271,0.078,0.05790329672451047,0.04821337473115308,0.0034280453968513385,0.004164324747437878
Enh220_FAU,Enh220,ENSG00000149806,0,0.0086670449674284,0.010269062835492,0.002,0.0012584147968223301,0.0019929146147563224,0.015005053865675463,0.016431641917810116
Enh220_FIBP,Enh220,ENSG00000172500,0,0.0101664837439788,0.0129730769171992,0.008,0.005195214551622007,0.006910541521419583,0.0034122934244369633,0.0045661793217381475
Enh220_MALAT1,Enh220,ENSG00000251562,0,0.0264693402398747,0.0248902113763102,0.154,0.1266454076720027,0.0955614957759961,0.24829295867546225,0.3179090525201932
Enh220_NEAT1,Enh220,ENSG00000245532,1,0.5837872129384541,0.2298932170252891,0.882,0.830654109012578,0.5417504501175792,0.5818778760757524,0.18094209342067205
Enh220_RELA,Enh220,ENSG00000173039,0,0.0250010711413914,0.026527894536698,0.007,0.004512762996574248,0.006136914140010563,0.01564431141664184,0.017313180771299282
Enh220_RNASEH2C,Enh220,ENSG00000172922,0,0.0155733348400453,0.0175255618593109,0.001,0.0006605797335826881,0.0012499097339786745,0.0067438364272029505,0.008035786956959643
Enh221_ARL2,Enh221,ENSG00000213465,0,0.0069255452795043,0.0103199353004929,0.0,3.619147799836051e-06,2.2215895343930835e-05,0.003692513503984397,0.004778643794724675
Enh221_CCDC85B,Enh221,ENSG00000175602,0,0.0053408097826772,0.0083620839572007,0.004,0.004933165167641809,0.007148545561134012,0.0043643955258355445,0.008757987302588928
Enh221_CFL1,Enh221,ENSG00000172757,0,0.0041550785076344,0.0060531770489932,0.0,6.605720743558276e-06,3.246843055333223e-05,0.007753450283709421,0.011178001139193325
Enh221_DRAP1,Enh221,ENSG00000175550,0,0.0048133618982936,0.0070276896623288,0.001,0.0007733817775325208,0.0012611419427145413,0.007564420350764903,0.01129127475781391
Enh221_FAU,Enh221,ENSG00000149806,0,0.0054342264583144,0.0074612755074131,0.001,0.0015411159017377633,0.0027162594085056277,0.006323351255408853,0.0125603770197875
Enh221_FIBP,Enh221,ENSG00000172500,0,0.0083814915538662,0.0121545079737205,0.001,0.0007733817775325208,0.0012960237843445055,0.002194964357119084,0.0035718074755191837
Enh221_MALAT1,Enh221,ENSG00000251562,0,0.0566329152590237,0.0484020301672131,0.155,0.13209663781630615,0.10564299668446421,0.16517988824741037,0.19090120017265905
Enh221_NEAT1,Enh221,ENSG00000245532,0,0.0442986550849496,0.0317275362281616,0.345,0.27064496528142834,0.1612127750387434,0.05335734325825456,0.031195172468803573
Enh221_RNASEH2C,Enh221,ENSG00000172922,0,0.0168947948876742,0.0213491100450899,0.0,4.397005491117493e-06,2.875696657865338e-05,0.007043559470450218,0.009283034020155264
Enh222_ARL2,Enh222,ENSG00000213465,0,0.0161132769886127,0.0154621115650651,0.001,0.0019101558533684833,0.0029743468410587744,0.009396634724513766,0.009201797204140383
Enh222_C11orf68,Enh222,ENSG00000175573,0,0.0228992911702439,0.0202508465163173,0.037,0.03633789250794508,0.03439815496923909,0.005563588658990702,0.004630067076027561
Enh222_CAPN1,Enh222,ENSG00000014216,0,0.0420101317944302,0.0333710271389763,0.026,0.03269699486338614,0.031778037568322266,0.02537194549671844,0.019583137835925378
Enh222_CCDC85B,Enh222,ENSG00000175602,0,0.0124293539026735,0.0113579527241189,0.03,0.036713823293296734,0.03344353376922935,0.019350317692512574,0.021258219271205595
Enh222_CFL1,Enh222,ENSG00000172757,0,0.0086901280351639,0.0093199335959429,0.001,0.0028028451196375815,0.004303394248290865,0.014811178125725091,0.013021886720224396
Enh222_DPF2,Enh222,ENSG00000133884,0,0.0899051039744561,0.0635676113877962,0.016,0.019619591549342806,0.020541629935074,0.032697930994988605,0.01912357535392298
Enh222_DRAP1,Enh222,ENSG00000175550,0,0.0106380543977483,0.0105198889966573,0.002,0.0023667511633707343,0.0033220404262648763,0.020185423877258125,0.017841418900558376
Enh222_EFEMP2,Enh222,ENSG00000172638,0,0.0215287746078837,0.0190624818921704,0.119,0.1125205769692083,0.08635636521006616,0.00882757960286209,0.006425696068309631
Enh222_FAM89B,Enh222,ENSG00000176973,0,0.1071001516083775,0.0784493096745673,0.141,0.12939499866000073,0.10448106449435395,0.044490661028972554,0.02617170658938115
Enh222_FAU,Enh222,ENSG00000149806,0,0.0114209246926135,0.010546248892118,0.001,0.0019101558533684833,0.0027617481805182515,0.019755011361262852,0.015540319273921684
Enh222_FIBP,Enh222,ENSG00000172500,0,0.0202799888654777,0.018069432396042,0.001,0.0012368467212691982,0.0019334259277448587,0.004460187291419584,0.003929397956186141
Enh222_FOSL1,Enh222,ENSG00000175592,0,0.0206744082446123,0.0201258004063734,0.186,0.15628073484899238,0.1280978674262754,0.005558141640197994,0.005118947679532325
Enh222_LTBP3,Enh222,ENSG00000168056,0,0.1355411109784198,0.0936719451172139,0.371,0.3273826313971489,0.24816754594822926,0.1275183511795183,0.08484131656984649
Enh222_MALAT1,Enh222,ENSG00000251562,0,0.0883053402455094,0.0636826516028544,0.255,0.2244115463099146,0.16749662820140554,0.16449071130895637,0.14121951961949714
Enh222_NEAT1,Enh222,ENSG00000245532,0,0.0751063776916138,0.061839119966238,0.458,0.3616352154128345,0.2799325975861129,0.07380081073282577,0.04916227191613213
Enh222_RELA,Enh222,ENSG00000173039,0,0.0566766362785626,0.0400478002158318,0.009,0.009673205854611532,0.01066098310230961,0.022436356857613936,0.01457914404738767
Enh222_RNASEH2C,Enh222,ENSG00000172922,0,0.0386849648059569,0.0309925200687039,0.001,0.0019074204190627816,0.0030560527435451734,0.013149057128661303,0.010561382728803513
Enh222_SAC3D1,Enh222,ENSG00000168061,0,0.027076307034124,0.0237884471737413,0.006,0.006618587744641534,0.008200180905681547,0.017704517000314095,0.014365848197739992
Enh222_SCYL1,Enh222,ENSG00000142186,0,0.2076072156851654,0.1406137707121277,0.127,0.12415543528233212,0.10565668848230829,0.11414957610189112,0.0760701001026183
Enh222_VPS51,Enh222,ENSG00000149823,0,0.0332185481697018,0.0276421437170617,0.002,0.0023667511633707343,0.0033661726402202203,0.06514847887995102,0.052984069142915265
Enh222_ZFPL1,Enh222,ENSG00000162300,0,0.0307965053703389,0.0242231544340251,0.001,0.0019074204190627816,0.0028828121949374514,0.03180204429172222,0.02350006245771294
Enh222_ZNRD2,Enh222,ENSG00000173465,0,0.1076287728756903,0.0769622922106303,0.023,0.028106509203196538,0.02955476697395124,0.03710337145546337,0.024991343371789765
Enh223_ARL2,Enh223,ENSG00000213465,0,0.0105735672074402,0.0081280718075339,0.001,0.0006128019333193777,0.0010854758344448268,0.004241527716971861,0.003821076620185268
Enh223_C11orf68,Enh223,ENSG00000175573,0,0.013186905186269,0.0096997050481957,0.109,0.08358979242445265,0.06641063541956037,0.003779815920981939,0.0029668933943696853
Enh223_CAPN1,Enh223,ENSG00000014216,0,0.0234478542793954,0.015605711118608,0.018,0.012996024607464567,0.014321048888357146,0.010691772518209026,0.006664090981555395
Enh223_CCDC85B,Enh223,ENSG00000175602,0,0.0091156614519528,0.0075263911980062,0.054,0.03970870952528077,0.03591911039189961,0.007598599221993141,0.006044110405539411
Enh223_CFL1,Enh223,ENSG00000172757,0,0.0066083242850705,0.0055883763687265,0.0,1.7339737768865494e-06,9.843526291313746e-06,0.00894492419311462,0.00521745375022224
Enh223_DPF2,Enh223,ENSG00000133884,0,0.0516103806395133,0.0320245006487142,0.009,0.006007101175822579,0.007826489930673294,0.009915359001203945,0.008326465207944
Enh223_DRAP1,Enh223,ENSG00000175550,0,0.0072655473141985,0.006169619306052,0.0,4.0621097465124596e-07,2.4764727169289525e-06,0.00986377217491541,0.0077843827772456535
Enh223_EFEMP2,Enh223,ENSG00000172638,0,0.013823485066156,0.0096125715719127,0.211,0.1638452573163774,0.10451485283764005,0.0036883225494592237,0.0024537098907328656
Enh223_EHBP1L1,Enh223,ENSG00000173442,0,0.0735842204579338,0.0408207783741649,0.305,0.2552539895688217,0.1782881999534095,0.18264884517607965,0.11506517883609507
Enh223_FAM89B,Enh223,ENSG00000176973,0,0.0642523245097535,0.033581713425032,0.112,0.08416818499073651,0.0614747057598684,0.019881530939363155,0.009425518057415495
Enh223_FAU,Enh223,ENSG00000149806,0,0.0076929275371628,0.0063492450031953,0.001,0.0006128019333193777,0.0011103536298008446,0.007272828639752442,0.006669120378357421
Enh223_FIBP,Enh223,ENSG00000172500,0,0.0121053717304797,0.0091436876208136,0.0,4.0621097465124596e-07,2.4271639613792135e-06,0.002870532511585631,0.0023193769607166535
Enh223_FOSL1,Enh223,ENSG00000175592,0,0.0125687864621368,0.0089079006460681,0.223,0.17859363137670659,0.1261656160384703,0.0018706741976601995,0.0019313817311551284
Enh223_LTBP3,Enh223,ENSG00000168056,0,0.0882755679999738,0.0477019516943241,0.346,0.29853227143037125,0.21251295407021692,0.09199095558535726,0.05359838086646159
Enh223_MALAT1,Enh223,ENSG00000251562,0,0.1053961213647935,0.0599505630223709,0.303,0.26326807820062337,0.20473947167411738,0.4243870334253125,0.41438536556057487
Enh223_MUS81,Enh223,ENSG00000172732,0,0.0159925402705069,0.0117317776820253,0.025,0.023284795215658648,0.023583205114449085,0.0301672080304748,0.023522985602691247
Enh223_NEAT1,Enh223,ENSG00000245532,0,0.0560743673180385,0.0325521382747431,0.463,0.39247631172166136,0.27147300194212703,0.0519578517596762,0.020756184644618945
Enh223_RELA,Enh223,ENSG00000173039,0,0.0344071479569995,0.0206098752085472,0.014,0.009379562450468297,0.010524363539216238,0.01541433001103231,0.009785220718942224
Enh223_RNASEH2C,Enh223,ENSG00000172922,0,0.0214933538924201,0.0155871883176675,0.001,0.0006605797335826881,0.0012867493357415058,0.004819766890764078,0.0041261022588628005
Enh223_SAC3D1,Enh223,ENSG00000168061,0,0.0150768264155932,0.0110455320873276,0.009,0.005882589526331914,0.007272423348791688,0.011486078888600969,0.008958365255092452
Enh223_SART1,Enh223,ENSG00000175467,0,0.013745698104644,0.0103912229188734,0.018,0.013263727515552713,0.014586436659786373,0.029640891127546615,0.02020101823720326
Enh223_SCYL1,Enh223,ENSG00000142186,0,0.1506887954221963,0.0749761101974315,0.125,0.10676750703715802,0.08437277415348038,0.07528176136716148,0.03875147792977993
Enh223_VPS51,Enh223,ENSG00000149823,0,0.0172972284461839,0.0125489999953958,0.002,0.001205905421111876,0.001963981028195634,0.040643095893452975,0.03256908760694434
Enh223_ZFPL1,Enh223,ENSG00000162300,0,0.0171573307787207,0.0111084707521295,0.004,0.0027804982021482766,0.0036719035333886846,0.01763820399945469,0.009494011011362307
Enh223_ZNRD2,Enh223,ENSG00000173465,0,0.0648561827919262,0.0342405634366075,0.057,0.04422864925913508,0.038427623250945696,0.016293623692400682,0.008405241814590243
Enh224_ARL2,Enh224,ENSG00000213465,0,0.0146421500056002,0.0240511260384525,0.008,0.010966784066324118,0.012867271875179777,0.012574711940226224,0.017506919152784246
Enh224_CCDC85B,Enh224,ENSG00000175602,0,0.0119172347719182,0.0185851857394877,0.038,0.044459129952737715,0.03901849758900787,0.01788487243180655,0.029939788863624122
Enh224_CFL1,Enh224,ENSG00000172757,0,0.0076400875958833,0.0131006236580002,0.0,1.2194296304552184e-05,4.4873336301013833e-05,0.0194880683789354,0.027161173089722285
Enh224_DRAP1,Enh224,ENSG00000175550,0,0.0091067594481141,0.0158725371855915,0.001,0.0012368467212691982,0.0019531836638433703,0.023348725067218263,0.033085710868227584
Enh224_FAU,Enh224,ENSG00000149806,0,0.0090473912384211,0.0143921020060889,0.0,5.695657897268426e-06,2.0806136989015784e-05,0.021630278642246068,0.02541425425063895
Enh224_FIBP,Enh224,ENSG00000172500,0,0.017326585166285,0.0260148752007003,0.001,0.0012368467212691982,0.001911666159555347,0.00516012523852698,0.0070251716392395296
Enh224_MALAT1,Enh224,ENSG00000251562,0,0.1057582206560968,0.1137842018490179,0.248,0.21889199968647313,0.15827360296721776,0.2352957288715216,0.2668165395675828
Enh224_NEAT1,Enh224,ENSG00000245532,0,0.0583625792012356,0.0722662393871014,0.331,0.2709585055646896,0.19802964352845048,0.08581908211812143,0.0850519891256237
Enh224_RNASEH2C,Enh224,ENSG00000172922,0,0.0304342396142191,0.0401275585710175,0.0,5.009391333501727e-06,2.2314343565549223e-05,0.013220356819936928,0.016305696034412523
Enh225_ARL2,Enh225,ENSG00000213465,0,0.0101218085599791,0.0138742707915617,0.003,0.004033778240373569,0.006242688988988049,0.007586585823660976,0.008233831487461384
Enh225_C11orf68,Enh225,ENSG00000175573,0,0.0126588894525015,0.0161656898954033,0.035,0.02836821371373526,0.027133809221014202,0.0040276832483292615,0.005535641010468308
Enh225_CCDC85B,Enh225,ENSG00000175602,0,0.0083385461540813,0.0108065010476232,0.016,0.017006314399545582,0.018268406978901985,0.00921899104428277,0.011957285628810262
Enh225_CFL1,Enh225,ENSG00000172757,0,0.0058218910388127,0.0077848425208106,0.0,6.605720743558276e-06,3.283756036098995e-05,0.013423523168142671,0.016412329648060234
Enh225_DPF2,Enh225,ENSG00000133884,0,0.0540621534783884,0.0495077321987157,0.008,0.009519000913443898,0.01156748963679101,0.02073445042931956,0.021412586896797797
Enh225_DRAP1,Enh225,ENSG00000175550,0,0.0065096278357631,0.0087392694313191,0.005,0.003940849951687483,0.005078619347112706,0.011901741368793673,0.014837855024854204
Enh225_EFEMP2,Enh225,ENSG00000172638,0,0.0133903146515538,0.017167332744178,0.143,0.12174487586482455,0.09402657961914263,0.004086257423108323,0.004651269668470648
Enh225_EHBP1L1,Enh225,ENSG00000173442,1,0.0759484760686764,0.0690336855592561,0.239,0.19456986940020846,0.13951658586898835,0.19248293518108783,0.2218142272130346
Enh225_FAM89B,Enh225,ENSG00000176973,0,0.0640762281427206,0.0657120565689285,0.095,0.0839212492584543,0.07513931520591755,0.016200722669089583,0.017212813920696228
Enh225_FAU,Enh225,ENSG00000149806,0,0.0066900650940999,0.0085806680681509,0.0,3.619147799836051e-06,2.1357515551736077e-05,0.010287573096144038,0.017864121368531088
Enh225_FIBP,Enh225,ENSG00000172500,0,0.011277576326862,0.0146168418513691,0.003,0.002349974221972519,0.0032811291058780705,0.0034520274762090027,0.004539299143786122
Enh225_MALAT1,Enh225,ENSG00000251562,0,0.1097604506534766,0.0759409075575899,0.257,0.2082463339751202,0.14521436033491247,0.2941724725596021,0.2849900828885485
Enh225_NEAT1,Enh225,ENSG00000245532,0,0.0525286837960178,0.0396107805574839,0.306,0.2425144788667362,0.1580112906168115,0.07978425377667296,0.04708059377471252
Enh225_RELA,Enh225,ENSG00000173039,0,0.0340711766770397,0.0350831683184627,0.002,0.0015591928156385576,0.002278527515405349,0.016771409803791087,0.018505272158398423
Enh225_RNASEH2C,Enh225,ENSG00000172922,0,0.0203163592035927,0.0228367253717752,0.001,0.0016983158109075732,0.0029670034791121716,0.008562126840778776,0.010641501078969868
Enh225_SAC3D1,Enh225,ENSG00000168061,0,0.0147541048509912,0.0192270929266866,0.001,0.0007733817775325208,0.0013068934828516037,0.011403580454689156,0.016340354383974708
Enh225_SCYL1,Enh225,ENSG00000142186,0,0.1637460993521291,0.1267211692316817,0.108,0.09869433526835715,0.0786734374839828,0.0982411777452604,0.08505059488008673
Enh225_ZNRD2,Enh225,ENSG00000173465,0,0.0645990067737809,0.0649453878240225,0.019,0.02142726872789092,0.025126297086879888,0.02509004000774331,0.02793209442536625
Enh226_ARL2,Enh226,ENSG00000213465,0,0.0107387370550611,0.0129528210721944,0.002,0.0028282044938169365,0.004587575600061528,0.0072122756944911276,0.006909389322040231
Enh226_C11orf68,Enh226,ENSG00000175573,0,0.0147490473058521,0.0160281884820313,0.014,0.011183718784816173,0.011842495011737814,0.004330858099052588,0.005058011091258645
Enh226_CCDC85B,Enh226,ENSG00000175602,0,0.0092874800954598,0.0113955124379694,0.003,0.003815589913421519,0.00573566135398195,0.010664489562456471,0.01349155843940591
Enh226_CFL1,Enh226,ENSG00000172757,0,0.0064212023390336,0.0077601894074467,0.0,6.605720743558276e-06,3.298575685593163e-05,0.013351782567501648,0.014443913412857353
Enh226_DPF2,Enh226,ENSG00000133884,0,0.0542812728581366,0.044504328148926,0.01,0.011571795610845878,0.013224123786336727,0.018370877367081866,0.017128925699784855
Enh226_DRAP1,Enh226,ENSG00000175550,0,0.0075922495562144,0.0086224663876108,0.0,7.155316751218663e-07,3.173338775422371e-06,0.01278997815776347,0.01349373841312384
Enh226_EFEMP2,Enh226,ENSG00000172638,0,0.0150360916300964,0.0168728487972424,0.11,0.09584559530756113,0.07553460880640121,0.00479437502962619,0.004828147850919341
Enh226_FAM89B,Enh226,ENSG00000176973,0,0.0724825137733175,0.0658200171978268,0.091,0.08071950385223195,0.07179133051193151,0.019229617050030613,0.018229373044975516
Enh226_FAU,Enh226,ENSG00000149806,0,0.0081083393754204,0.0088678556312906,0.0,3.619147799836051e-06,2.077743697477584e-05,0.011705554022125586,0.017005885852131083
Enh226_FIBP,Enh226,ENSG00000172500,0,0.0126949721851714,0.0145502548584244,0.0,7.155316751218663e-07,3.280854026119952e-06,0.0035890415795516582,0.004207390901375723
Enh226_MALAT1,Enh226,ENSG00000251562,0,0.1225754599717694,0.1004876373215704,0.158,0.13435991553066334,0.13561742352042833,0.305822701326304,0.3666414822521728
Enh226_NEAT1,Enh226,ENSG00000245532,0,0.0505171941798597,0.0422382652955031,0.343,0.2691951622795457,0.19689028196124023,0.06950629764203074,0.046958406728103676
Enh226_RELA,Enh226,ENSG00000173039,0,0.0387249384503605,0.0361529408297183,0.004,0.003144116225014312,0.004181789152218365,0.017659418172427988,0.017840803702945524
Enh226_RNASEH2C,Enh226,ENSG00000172922,0,0.0238264815976772,0.0252070045575177,0.001,0.0016983158109075732,0.003170129235025425,0.009556611595082832,0.011080879837183399
Enh226_SAC3D1,Enh226,ENSG00000168061,0,0.0173666131839089,0.020699094323859,0.003,0.002349974221972519,0.003450125078227257,0.012365383253999464,0.016341473338856334
Enh226_SCYL1,Enh226,ENSG00000142186,0,0.1876156426698714,0.1374261099517842,0.136,0.1198362294851206,0.09592007457371424,0.1033162292903612,0.08244446384937446
Enh226_ZNRD2,Enh226,ENSG00000173465,0,0.0730973627139196,0.0659083237719883,0.042,0.04241623023626629,0.042857659495653115,0.02701096535947946,0.026094426949907743
Enh227_ARL2,Enh227,ENSG00000213465,0,0.0161652275460922,0.0164383279181959,0.012,0.013573534034545275,0.01642640013026408,0.008062712482533159,0.006385065886208216
Enh227_CCDC85B,Enh227,ENSG00000175602,0,0.0161602362365539,0.0159143409621728,0.098,0.08631604663108909,0.07221876485542074,0.021854713833825208,0.023868396385418208
Enh227_CFL1,Enh227,ENSG00000172757,0,0.011100863809595,0.0109175807225966,0.0,6.605720743558276e-06,3.355778753590411e-05,0.016427283055625443,0.013427213849459706
Enh227_DRAP1,Enh227,ENSG00000175550,0,0.012364770765471,0.012245007042217,0.007,0.005540426793202375,0.00694419716744196,0.015036708279723069,0.01477873376680277
Enh227_EFEMP2,Enh227,ENSG00000172638,0,0.0244648743602828,0.0225959140218898,0.141,0.1201848606976412,0.09260443672042425,0.00896366487918212,0.008138944020935446
Enh227_FAU,Enh227,ENSG00000149806,0,0.0135597012432344,0.0118557990521808,0.003,0.004033778240373569,0.005703879587811571,0.015075872230711287,0.016836886810260136
Enh227_FIBP,Enh227,ENSG00000172500,0,0.0213869506469927,0.0195877589799272,0.002,0.0015591928156385576,0.0022824443319985578,0.004384076611557123,0.004303522279806067
Enh227_MALAT1,Enh227,ENSG00000251562,0,0.4474410836900588,0.2406559747663305,0.48,0.38012710463597477,0.26276206055227164,0.7088088303243452,0.5165072166548982
Enh227_NEAT1,Enh227,ENSG00000245532,0,0.078465837515685,0.0466851263797235,0.326,0.256905881731593,0.1700297424584574,0.08199126845798267,0.03461236734273566
Enh227_RELA,Enh227,ENSG00000173039,0,0.0665796514081344,0.0500888523985984,0.024,0.0193277390798298,0.019646444178915333,0.02244967173040717,0.018992254565568495
Enh227_RNASEH2C,Enh227,ENSG00000172922,0,0.0441774250034784,0.0355821921439575,0.002,0.003086029314133603,0.004864205261665284,0.017119115112649873,0.011485260013887902
Enh228_ARL2,Enh228,ENSG00000213465,0,0.01288509732055,0.0205541881157475,0.004,0.0025851365817003446,0.003856522863672596,0.014282685937417506,0.017741667089337113
Enh228_CCDC85B,Enh228,ENSG00000175602,0,0.0131295213376754,0.0193815326350558,0.053,0.038956992892900735,0.03453697967478013,0.01939554182343586,0.026474409282403754
Enh228_CFL1,Enh228,ENSG00000172757,0,0.0094139063096109,0.0151068810788952,0.0,1.7339737768865494e-06,1.0029600184826131e-05,0.025385507469623755,0.029772825182441325
Enh228_DRAP1,Enh228,ENSG00000175550,0,0.0103012253505115,0.0166040049068405,0.005,0.003165241459870805,0.004505989819982247,0.02399506201910459,0.03253244243017787
Enh228_EFEMP2,Enh228,ENSG00000172638,0,0.0191193804398489,0.0272506660545887,0.076,0.05637600635040534,0.04755317305965778,0.00897408034895571,0.012009603264674148
Enh228_FAM89B,Enh228,ENSG00000176973,1,0.1041940314402422,0.0986744233779764,0.131,0.09909065711458975,0.07206364231011929,0.05827902463002815,0.04959397655959771
Enh228_FAU,Enh228,ENSG00000149806,0,0.0110815560417314,0.0166468029363466,0.0,4.7259798358504007e-07,2.6989922270073296e-06,0.02990195104506031,0.03257583356819389
Enh228_FIBP,Enh228,ENSG00000172500,0,0.017179425255941,0.0255867364106576,0.004,0.002502087513172771,0.0037430869432610783,0.00707632881357857,0.01032347328994356
Enh228_MALAT1,Enh228,ENSG00000251562,0,0.4127773901899548,0.319652841137671,0.457,0.4146909019375871,0.2948004759722572,0.906849266363977,0.9141653766339874
Enh228_NEAT1,Enh228,ENSG00000245532,0,0.0604381787540839,0.0681099610163298,0.21,0.17634171309522387,0.1322754524466401,0.11072707030275636,0.09268057612279498
Enh228_RELA,Enh228,ENSG00000173039,0,0.0511186988760934,0.0590308678841282,0.022,0.015130283980649258,0.016486534893143685,0.03950328436932404,0.0444431561353738
Enh228_RNASEH2C,Enh228,ENSG00000172922,0,0.0341161807809509,0.0435666652885201,0.0,5.147562662811493e-07,3.3813673964428142e-06,0.01683708113110826,0.023401557383705335
Enh229_ARL2,Enh229,ENSG00000213465,0,0.0067098195179842,0.0105992484113119,0.039,0.03810415823293813,0.03671085803938331,0.0036919697843115066,0.005010017191655835
Enh229_BANF1,Enh229,ENSG00000175334,0,0.0062742278515912,0.0091888915654964,0.0,3.619147799836051e-06,2.0809099894071124e-05,0.0050378907025987575,0.005929692703657938
Enh229_CCDC85B,Enh229,ENSG00000175602,0,0.006895847670271,0.0106082220026745,0.048,0.045407655606464044,0.0421993468894386,0.006074437958368936,0.011502416054272338
Enh229_CFL1,Enh229,ENSG00000172757,0,0.0048078440752649,0.0073287800596757,0.0,6.605720743558276e-06,3.2998314646210276e-05,0.008958748449703983,0.013560614538643774
Enh229_DRAP1,Enh229,ENSG00000175550,0,0.0055371007872223,0.0082599323950722,0.006,0.0047397206479308385,0.005875856985836545,0.008761341399590783,0.013295251924365575
Enh229_FAU,Enh229,ENSG00000149806,0,0.0058094723609557,0.0086448069682261,0.0,3.619147799836051e-06,2.1916222368254644e-05,0.007269829164363108,0.01516768018036831
Enh229_FIBP,Enh229,ENSG00000172500,0,0.0095594585684377,0.0137705808178004,0.002,0.0015591928156385576,0.002287645672503957,0.0025271578212680335,0.004057072016977035
Enh229_MALAT1,Enh229,ENSG00000251562,0,0.079281447644785,0.0905246161838549,0.203,0.16805846976600516,0.177510249075569,0.22079382582707371,0.3597077954409206
Enh229_NEAT1,Enh229,ENSG00000245532,0,0.0256613990014373,0.0333683707837639,0.131,0.11610268726768697,0.10639811539268557,0.03534158986868087,0.04206251550379578
Enh229_RNASEH2C,Enh229,ENSG00000172922,0,0.0221248616041832,0.0268444503536706,0.0,4.397005491117493e-06,2.7481355687315694e-05,0.009712301669854104,0.011517285337516538
Enh22_PRRX1,Enh22,ENSG00000116132,0,0.0505664839865472,0.0966681131453101,0.193,0.15013322441223315,0.18879581981628096,0.08637654766246446,0.1663481275171752
Enh230_BANF1,Enh230,ENSG00000175334,0,0.0213373344147215,0.0173705630683182,0.002,0.0021955604526400323,0.0032922512660125474,0.021148210982092516,0.017386853852588795
Enh230_C11orf68,Enh230,ENSG00000175573,0,0.0555245693020862,0.0427232901625892,0.275,0.21696387788873608,0.1618647581975965,0.020802988379046483,0.015333741422576047
Enh230_CCDC85B,Enh230,ENSG00000175602,0,0.0425554743461458,0.0344141840815737,0.069,0.059286454625316454,0.05630497373186331,0.06253515392076188,0.056168545329977934
Enh230_CFL1,Enh230,ENSG00000172757,0,0.0454383939999828,0.0431648153203405,0.021,0.022187872889841656,0.03090889756312258,0.05877789114761026,0.034114738332459746
Enh230_DPF2,Enh230,ENSG00000133884,0,0.0099253068394268,0.0103081128929137,0.002,0.0021955604526400323,0.0033215552386472087,0.00228971809715686,0.002789253954845392
Enh230_DRAP1,Enh230,ENSG00000175550,0,0.0251470989372558,0.0184413476839293,0.023,0.018057002029969037,0.018519651044681926,0.05391452583111963,0.037735316769252764
Enh230_EFEMP2,Enh230,ENSG00000172638,0,0.0885484945154238,0.0642922220187421,0.252,0.20135704845168087,0.15028257816813714,0.035207982765024626,0.01953499299627683
Enh230_FAM89B,Enh230,ENSG00000176973,0,0.0218090714528225,0.0203161102704685,0.029,0.026689024728129715,0.027433928184555485,0.00868525433195741,0.006919141093213919
Enh230_FIBP,Enh230,ENSG00000172500,0,0.0704634066496008,0.0512495581960397,0.037,0.028805581730635018,0.029050457600332605,0.020586881202012925,0.013777549974409487
Enh230_MALAT1,Enh230,ENSG00000251562,0,0.0015743927101871,0.001720408072046,0.024,0.01934936075415006,0.01984709410129988,0.004882981773027258,0.005232222207618127
Enh230_NEAT1,Enh230,ENSG00000245532,0,0.0022703730650112,0.0025486658814573,0.017,0.018481621589019243,0.019512655479032553,0.004316691261577515,0.0025815400638451182
Enh230_PACS1,Enh230,ENSG00000175115,0,0.0212194252300892,0.0184970724815908,0.049,0.043225965403862504,0.03861254506392044,0.007499670762459669,0.005111222241348013
Enh230_RAB1B,Enh230,ENSG00000174903,0,0.0097844108024156,0.0101485506823313,0.001,0.000843083603523765,0.0014615261980765973,0.002382643790199228,0.0022139347370922686
Enh230_RELA,Enh230,ENSG00000173039,0,0.0445634061381708,0.0339880764099425,0.017,0.013427065354996883,0.014522456368096287,0.023483184992099265,0.017629122730536972
Enh230_RNASEH2C,Enh230,ENSG00000172922,0,0.0736940989226635,0.046715219414671,0.01,0.00832798004820538,0.009326614886412064,0.032624306377286756,0.01798776252847153
Enh230_SCYL1,Enh230,ENSG00000142186,0,0.0190982743222708,0.0188293541621085,0.006,0.007509905208632837,0.009961456540068442,0.016282955599431135,0.017861162233198384
Enh230_SF3B2,Enh230,ENSG00000087365,0,0.0158162563265251,0.0135820434055651,0.001,0.0012224574099880784,0.0021569864000105924,0.0156473340589879,0.01445666741519622
Enh230_YIF1A,Enh230,ENSG00000174851,0,0.0068637980888355,0.0076041424507198,0.0,1.2010675376333993e-06,7.56607064164128e-06,0.005168732870442367,0.004850829504069966
Enh230_ZNRD2,Enh230,ENSG00000173465,0,0.0213979841771348,0.0198979039510252,0.0,1.2010675376333993e-06,7.636059298372845e-06,0.008503558584885797,0.006432477535395886
Enh231_COA4,Enh231,ENSG00000181924,0,0.128015211962518,0.1297894401069633,0.033,0.028606644134422012,0.028868178018247242,0.11044697222884758,0.08386065851336098
Enh232_COA4,Enh232,ENSG00000181924,0,0.0811519846337992,0.0487121860314024,0.107,0.08856686058321966,0.07449646545919876,0.04769525959630467,0.022694634640006973
Enh232_MRPL48,Enh232,ENSG00000175581,1,0.6412148846148759,0.4312982836872613,0.483,0.3697043757957951,0.2799401239919396,0.5096070427912984,0.3009842382204359
Enh232_PPME1,Enh232,ENSG00000214517,0,0.0220691059430272,0.0175532640601542,0.015,0.013555167186612588,0.0146992745484899,0.004077545664534954,0.002676603043363424
Enh232_RAB6A,Enh232,ENSG00000175582,1,0.4313054532618159,0.3446556834657407,0.35,0.29250778212630324,0.2889907610754314,0.19846951642763627,0.14001311822608523
Enh233_RNF169,Enh233,ENSG00000166439,0,0.1744624053376874,0.1106874479779571,0.075,0.07327434041171327,0.0776259228664238,0.1876522264658919,0.14059490263903085
Enh233_SPCS2,Enh233,ENSG00000118363,0,0.0221718902950034,0.012612105756534,0.004,0.00607378181911764,0.008349438305561487,0.027822537794769193,0.01896975483421962
Enh234_SPCS2,Enh234,ENSG00000118363,0,0.0036885118754493,0.0048360432898047,0.0,8.315749413280378e-06,4.1630948406297316e-05,0.0018583230198393052,0.0026323213779522064
Enh235_RPS3,Enh235,ENSG00000149273,0,0.0066489134182057,0.0091172575424825,0.0,1.9181491370496346e-06,7.857128243434568e-06,0.01559768661938083,0.020318314129597687
Enh235_SPCS2,Enh235,ENSG00000118363,0,0.0584052465650108,0.0300437978755697,0.024,0.030644943708829062,0.018005468304965622,0.05169403145100668,0.023525429829083348
Enh236_RPS3,Enh236,ENSG00000149273,0,0.0358574836742144,0.0330687367550531,0.006,0.006618587744641534,0.008048811324511008,0.08205142030194014,0.08005200501647847
Enh236_SERPINH1,Enh236,ENSG00000149257,0,0.6056788280721667,0.9874684219835104,0.153,0.14306779944065523,0.8915198611744019,0.4371953092554255,0.988800141869561
Enh236_UVRAG,Enh236,ENSG00000198382,0,0.0575360401975059,0.0471955116005959,0.056,0.06019551104290843,0.05066058461702805,0.15433425851908128,0.1366014374015501
Enh237_RPS3,Enh237,ENSG00000149273,0,0.0286905331215436,0.0246661207806277,0.001,0.0007733817775325208,0.0012943021387250499,0.048705512405361945,0.04155094710975262
Enh237_SERPINH1,Enh237,ENSG00000149257,1,0.7706950454364971,0.8656608438544716,0.833,0.7243103853350242,0.8769475597556685,0.654871091576226,0.8751836013060574
Enh238_THAP12,Enh238,ENSG00000137492,0,0.012592419501847,0.0155776567386213,0.046,0.04329675334833013,0.03912139544615401,0.02378700983533394,0.027237700300154995
Enh23_RCC2,Enh23,ENSG00000179051,0,0.0609583471477424,0.0395808932647235,0.0,2.094923461404673e-06,1.0365498643314614e-05,0.38692126491340956,0.392570486168744
Enh23_SDHB,Enh23,ENSG00000117118,0,0.0066424113917823,0.0061602016700784,0.0,1.2010675376333993e-06,7.271118884276556e-06,0.0030577059904485448,0.0023665083903720934
Enh241_FAT3,Enh241,ENSG00000165323,1,0.0129731482046089,0.9997344429695012,0.206,0.1656153299897425,0.999682993747751,0.9280941144417976,0.9999999765630595
Enh244_AKIP1,Enh244,ENSG00000166452,0,0.0171920884854111,0.0156076492743712,0.005,0.0035047981926375426,0.0052353111503294116,0.006968736203395646,0.005460608023735015
Enh244_IPO7,Enh244,ENSG00000205339,1,0.3412916054418463,0.9874430112490986,0.699,0.6685427623453688,0.9858931227023673,0.16297804623508186,0.9704142559815777
Enh244_SWAP70,Enh244,ENSG00000133789,0,0.0272309879284054,0.0186766745526893,0.004,0.002502087513172771,0.0033571087103321873,0.007051811176617884,0.005125401805026706
Enh244_TMEM9B,Enh244,ENSG00000175348,0,0.0210529515119617,0.0169986891449044,0.001,0.0006128019333193777,0.0011164981436843208,0.005078520871159537,0.005282297366694031
Enh245_CWC15,Enh245,ENSG00000150316,0,0.0178215828135797,0.0191109190401861,0.0,1.2010675376333993e-06,7.5294271270888505e-06,0.014753392341860867,0.015764098855397386
Enh246_CWC15,Enh246,ENSG00000150316,0,0.0033260175893993,0.0047648305204363,0.0,5.009391333501727e-06,2.2998556462902645e-05,0.003099689312314937,0.004310528682456538
Enh247_IPO7,Enh247,ENSG00000205339,0,0.0454444166757499,0.0455677262101637,0.0,7.155316751218663e-07,3.5086740539104996e-06,0.017379474116803403,0.016725926636326247
Enh247_SWAP70,Enh247,ENSG00000133789,0,0.1153572343006377,0.0762976130814891,0.028,0.02260623641183829,0.019157313132351046,0.03233122767143598,0.020665608130220923
Enh247_WEE1,Enh247,ENSG00000166483,1,0.7924062620463326,0.3707232804239507,0.921,0.8604850573862581,0.4854738687382964,0.8659139502201715,0.48365389814582516
Enh248_IPO7,Enh248,ENSG00000205339,0,0.0459471564764702,0.0380255412704056,0.001,0.000843083603523765,0.0014341339445463534,0.011399604793389466,0.0088853213909973
Enh248_WEE1,Enh248,ENSG00000166483,1,0.3069225422416561,0.8871055434027969,0.427,0.3427770141305046,0.8174956336047878,0.4643238531288707,0.9745708956242582
Enh249_IPO7,Enh249,ENSG00000205339,0,0.0355013365927648,0.0365945164857903,0.013,0.010325887990466272,0.011847120642335977,0.012680802377439787,0.012418681800089794
Enh249_SWAP70,Enh249,ENSG00000133789,0,0.2141027241427383,0.2459959492669634,0.065,0.05024547505154954,0.0637503564220776,0.067991428544931,0.08512974778059935
Enh249_WEE1,Enh249,ENSG00000166483,1,0.251214813062589,0.2177582702940583,0.586,0.48412596754165094,0.3494038406596248,0.3672192233295567,0.37301247078607463
Enh250_IPO7,Enh250,ENSG00000205339,0,0.0404541320876804,0.03403063187961,0.003,0.0029135562173884886,0.0038197901030681413,0.010709981993885538,0.007567658736678008
Enh250_SWAP70,Enh250,ENSG00000133789,0,0.2257812008486334,0.1195577210178241,0.112,0.093727517903492,0.06343044723195247,0.060066025545260984,0.024106032350489956
Enh251_CKAP4,Enh251,ENSG00000136026,0,0.0092423678953441,0.0098672269450184,0.169,0.12946022085931083,0.09765101564491828,0.014096459886499619,0.014594244330045372
Enh252_CKAP4,Enh252,ENSG00000136026,0,0.0153035828955999,0.0165204431626305,0.243,0.20432759052888305,0.1502383403406129,0.03877474120087688,0.04603711317074422
Enh252_NUAK1,Enh252,ENSG00000074590,1,0.0861680028356299,0.3339642666104626,0.471,0.36795931008240296,0.628481178708269,0.33621161817784945,0.7537471026686514
Enh253_ARPC3,Enh253,ENSG00000111229,0,0.0109673884673989,0.0142329011338632,0.001,0.0019074204190627816,0.003163002169969797,0.025049313592635413,0.028386332299578473
Enh253_GLTP,Enh253,ENSG00000139433,0,0.0255423025119092,0.0236842726837307,0.036,0.04255447527091987,0.03553147805274164,0.007895127064406928,0.005164372829428699
Enh253_VPS29,Enh253,ENSG00000111237,0,0.0122472867284909,0.0149588325601908,0.001,0.0012368467212691982,0.0019623405845904476,0.005493215863884203,0.0062674249350430705
Enh254_ANAPC7,Enh254,ENSG00000196510,0,0.0547742007880952,0.0353633625868446,0.008,0.00963109721651286,0.011003057420966475,0.11108304630410995,0.08551872721696523
Enh254_ANKRD13A,Enh254,ENSG00000076513,0,0.0302261153525414,0.0221721545080296,0.044,0.03914778137167954,0.034979640640021105,0.015630230043516945,0.010325951874583945
Enh254_ARPC3,Enh254,ENSG00000111229,0,0.014270588199329,0.0110765339629093,0.001,0.0009117979346929358,0.0016539845249686136,0.025155474698411638,0.017789621266385686
Enh254_ATP2A2,Enh254,ENSG00000174437,0,0.165716109455524,0.0515663350190843,0.25,0.1915962808260774,0.0934554898667008,0.09309298337602859,0.03065317992099095
Enh254_GIT2,Enh254,ENSG00000139436,0,0.0307529950175784,0.0243018669344009,0.052,0.04868075758523952,0.04398637636263585,0.02729469526782315,0.02298478720111407
Enh254_GLTP,Enh254,ENSG00000139433,0,0.0166801618833338,0.0138063233384781,0.031,0.028373968184530154,0.027659317748166122,0.006202554346514481,0.003866481211027544
Enh254_GPN3,Enh254,ENSG00000111231,0,0.0305278940745469,0.0227352764607812,0.007,0.0056370308580494,0.0068913077786040295,0.08801648508940113,0.07146473485073289
Enh254_VPS29,Enh254,ENSG00000111237,0,0.0178547801629433,0.0142883455009847,0.005,0.004057731051377325,0.005380289727311672,0.007487151359873312,0.0053950886714500814
Enh255_ARPC3,Enh255,ENSG00000111229,0,0.0176224126176139,0.0203147567964218,0.001,0.0006605797335826881,0.0012816896545167942,0.042457606762579425,0.03804081740805516
Enh255_GLTP,Enh255,ENSG00000139433,0,0.0136131889838137,0.0153015850450367,0.021,0.015192306664143099,0.01581830931346729,0.004960257338858369,0.005709777895348847
Enh255_VPS29,Enh255,ENSG00000111237,0,0.0176561006187185,0.0202193277529373,0.0,4.0621097465124596e-07,2.5302878916922037e-06,0.008980610145048255,0.010687726569044933
Enh256_ATXN2,Enh256,ENSG00000204842,0,0.1795414264607608,0.174945986586197,0.058,0.04749134502272694,0.06363443645578061,0.07710673342617615,0.07793559653411757
Enh256_ERP29,Enh256,ENSG00000089248,0,0.0118193051484872,0.0121153643936219,0.012,0.013573534034545275,0.015494791443561692,0.0056968931194212894,0.004982203569894823
Enh257_ERP29,Enh257,ENSG00000089248,0,0.0513856491742686,0.0480736685960912,0.026,0.02948297801718419,0.02909525775909832,0.0333473856200819,0.032676471392637706
Enh257_PTPN11,Enh257,ENSG00000179295,0,0.0237987394307725,0.0271386287107269,0.007,0.012903284574164545,0.015154665677284943,0.015974766744466767,0.017123764279387645
Enh257_RPL6,Enh257,ENSG00000089009,0,0.0088693512273165,0.0123430241335895,0.002,0.0034605250881467797,0.005236200237251885,0.020699664051163188,0.02967262175848285
Enh257_TRAFD1,Enh257,ENSG00000135148,1,0.5356767383014758,0.440657345621463,0.128,0.12254319220775035,0.1167772074179857,0.36790252773477794,0.2734529115396075
Enh258_ERP29,Enh258,ENSG00000089248,0,0.0438722945318324,0.0448110190691857,0.012,0.013573534034545275,0.015681553016055932,0.028813802145783083,0.024211470648435846
Enh258_PTPN11,Enh258,ENSG00000179295,0,0.0198351764691804,0.0243471646433262,0.012,0.01597532376885837,0.01756256193807782,0.01266431632044728,0.01443315354289183
Enh258_RPL6,Enh258,ENSG00000089009,0,0.0083932606291005,0.0110980728138742,0.002,0.003086029314133603,0.004870594471682507,0.022587196510363502,0.029813230536791392
Enh258_TRAFD1,Enh258,ENSG00000135148,1,0.5325431905132048,0.4362772391010765,0.673,0.550451185520895,0.4108886245176446,0.3622559637535696,0.2644002441742142
Enh259_COX6A1,Enh259,ENSG00000111775,0,0.0487885942820194,0.0318835439145403,0.069,0.050660270486220106,0.04513971460229479,0.07109163294815153,0.04404606821297414
Enh259_DYNLL1,Enh259,ENSG00000088986,0,0.0283838649089226,0.0200642330590926,0.001,0.0007032640451791812,0.001464029722124019,0.0665539982013598,0.047930315376384064
Enh259_MLEC,Enh259,ENSG00000110917,0,0.017930389159067,0.0145437881980693,0.0,5.147562662811493e-07,3.3192887742081718e-06,0.010058079622752618,0.008634515450174162
Enh259_POP5,Enh259,ENSG00000167272,0,0.0342120618103184,0.0240753516596407,0.0,6.680262126068075e-07,6.052108923387624e-06,0.01163503969279684,0.007962157710237085
Enh259_PXN,Enh259,ENSG00000089159,0,0.1571003250360385,0.0956623582288893,0.212,0.17854872401513158,0.14368761044925019,0.05198273958163395,0.030015121046812674
Enh259_RNF10,Enh259,ENSG00000022840,0,0.039268640507577,0.0284098853807626,0.0,4.0621097465124596e-07,2.5598891040023955e-06,0.009533460649419035,0.007276174232664975
Enh259_RPLP0,Enh259,ENSG00000089157,0,0.0322322265260471,0.0245750229293054,0.025,0.01743156493708581,0.01969400123466304,0.04165324573611209,0.03202137188404505
Enh259_SRSF9,Enh259,ENSG00000111786,0,0.0513775141696921,0.0338044612373444,0.001,0.0011344398014294485,0.0020141238197614038,0.030341364105008258,0.019521220873425903
Enh259_TRIAP1,Enh259,ENSG00000170855,0,0.0754814445040755,0.0478747233663453,0.003,0.001917308799738832,0.002973758845294879,0.018421150748421503,0.01418134815024904
Enh25_ARPC5,Enh25,ENSG00000162704,0,0.1107144928423584,0.0889889299463613,0.017,0.021305354728110015,0.023059177366335823,0.12945932764486986,0.095483041505068
Enh260_COX6A1,Enh260,ENSG00000111775,0,0.0050206462717222,0.0087226265491331,0.0,5.695657897268426e-06,2.2147549458555765e-05,0.0061833367466926584,0.016013492734263272
Enh260_DYNLL1,Enh260,ENSG00000088986,0,0.0048422127472694,0.0084650791632632,0.0,8.315749413280378e-06,4.453268959306136e-05,0.005821055066922024,0.007470187991464081
Enh260_MLEC,Enh260,ENSG00000110917,0,0.0107712929526211,0.0144218345425454,0.002,0.0034605250881467797,0.004515502047429991,0.012145003395977625,0.014901818437145293
Enh260_POP5,Enh260,ENSG00000167272,0,0.242475777741068,0.1628309853327373,0.082,0.08298766510860954,0.05796231666835895,0.033362188781925935,0.01036595995798577
Enh260_PXN,Enh260,ENSG00000089159,0,0.0054527713040505,0.0094150578903757,0.0,5.009391333501727e-06,2.2545397918913184e-05,0.0025600199447395945,0.004080744838930419
Enh260_RNF10,Enh260,ENSG00000022840,0,0.0238774154884473,0.0341144335073223,0.001,0.0012368467212691982,0.002141395755240064,0.014320673140807412,0.022357588454652914
Enh260_RPLP0,Enh260,ENSG00000089157,0,0.0016542058263966,0.0037094173509137,0.0,5.695657897268426e-06,2.2547553776425167e-05,0.0022096912099322905,0.006422201196080703
Enh260_SRSF9,Enh260,ENSG00000111786,0,0.0099584590583962,0.0149606782123887,0.0,1.2194296304552184e-05,4.570427098779662e-05,0.015951476698287278,0.024368034528934355
Enh261_COX6A1,Enh261,ENSG00000111775,0,0.0049192450863534,0.006852202650233,0.0,5.695657897268426e-06,2.220414819350722e-05,0.004778007723398135,0.010830047287484497
Enh261_DYNLL1,Enh261,ENSG00000088986,0,0.0047427051711342,0.0069402310437879,0.0,8.315749413280378e-06,4.643138214288696e-05,0.00572731736552612,0.006566403161669588
Enh261_MLEC,Enh261,ENSG00000110917,0,0.0105879083153383,0.0124407815256204,0.006,0.008887359385965913,0.010652386705850664,0.011192213283889635,0.012640387794307274
Enh261_POP5,Enh261,ENSG00000167272,0,0.2284140751820892,0.1773511441109884,0.031,0.037701627638659335,0.043045346092990294,0.03126027763916252,0.013653580785819266
Enh261_PXN,Enh261,ENSG00000089159,0,0.0053464125898436,0.0076772152405474,0.004,0.006275677998980307,0.008259721784568727,0.0023515036180660025,0.0032381350448392144
Enh261_RNF10,Enh261,ENSG00000022840,0,0.0233489447648145,0.0264062456770154,0.001,0.0012368467212691982,0.00211509998266076,0.011618990728324584,0.014393859007971459
Enh261_RPLP0,Enh261,ENSG00000089157,0,0.0016219813244461,0.0027734368323676,0.001,0.0019101558533684833,0.002869954397842191,0.0017072837682144003,0.0041128403986326785
Enh261_SRSF9,Enh261,ENSG00000111786,0,0.0097548573059383,0.0113128931931261,0.0,1.2194296304552184e-05,4.4468840267116e-05,0.014019304970417396,0.016406745573664384
Enh262_ANAPC5,Enh262,ENSG00000089053,0,0.0042891377581199,0.0082647193463719,0.0,9.957927500507358e-07,4.9245465295966e-06,0.002090678586112718,0.0035205710970931843
Enh262_MLEC,Enh262,ENSG00000110917,0,0.0021526506087895,0.0047269116844541,0.001,0.0009117979346929358,0.0016473334290133005,0.0023306841536833204,0.004564696372153112
Enh263_ARL6IP4,Enh263,ENSG00000182196,0,0.0993608028652738,0.0890597287230259,0.015,0.018585586552996188,0.018955441493827625,0.14163733039155876,0.10292574474046282
Enh263_CDK2AP1,Enh263,ENSG00000111328,0,0.0240448531617954,0.0303221439410695,0.003,0.006642209113983561,0.008725878592799038,0.03795786719822184,0.041875485596951846
Enh263_DENR,Enh263,ENSG00000139726,0,0.0680871830087794,0.0683550137292938,0.002,0.0034605250881467797,0.00498124380527031,0.05085485865727259,0.046074250513660035
Enh263_RSRC2,Enh263,ENSG00000111011,0,0.0195597450237762,0.0241132901486694,0.007,0.009803751183428543,0.011332658848771316,0.02033902144675995,0.021421443495282133
Enh264_NCOR2,Enh264,ENSG00000196498,0,0.0801523181300989,0.0841835503648486,0.127,0.09807319501758546,0.07844224888075725,0.06042190776447989,0.07437363057323616
Enh264_UBC,Enh264,ENSG00000150991,0,0.0079334444211372,0.0116347786130028,0.008,0.006422843613670473,0.00794991869152484,0.02175179901908549,0.03084775293929653
Enh265_NCOR2,Enh265,ENSG00000196498,0,0.0789031395746579,0.0823266201388713,0.277,0.21473052512251042,0.1502688397431499,0.05862677760737411,0.05385937799041133
Enh265_UBC,Enh265,ENSG00000150991,0,0.0079794149770315,0.0114762798513421,0.009,0.008319218305909369,0.009696824927308669,0.02426714058830021,0.03401233489991602
Enh266_DHX37,Enh266,ENSG00000150990,0,0.0228007421458839,0.0176805861624224,0.006,0.0063024725126698995,0.008211360134805286,0.028168412773976505,0.02398361949278216
Enh266_NCOR2,Enh266,ENSG00000196498,0,0.0767442550539609,0.0658768214010017,0.215,0.1663999892348934,0.16801187264670472,0.05092187418785144,0.05242632507124428
Enh266_UBC,Enh266,ENSG00000150991,0,0.0076664736100095,0.006172981746131,0.021,0.016515979023485786,0.017598519857250573,0.01742563639731641,0.013150474548641187
Enh267_NCOR2,Enh267,ENSG00000196498,0,0.0462052824025709,0.0385347481601418,0.176,0.16166895387651867,0.11496057115789927,0.03223182015060808,0.02568293455661255
Enh267_UBC,Enh267,ENSG00000150991,0,0.0059194567452674,0.0070637872434048,0.005,0.005580269093474838,0.0068412286198889635,0.016650601853564456,0.019939963574887556
Enh268_NCOR2,Enh268,ENSG00000196498,0,0.0435793892165026,0.0349540780394506,0.12,0.09706861270488186,0.08022955538077131,0.031469365335187814,0.02597181227095146
Enh268_UBC,Enh268,ENSG00000150991,0,0.0071061872174848,0.0077390079960123,0.007,0.004512762996574248,0.006055751568676861,0.013408765870464,0.014541258160914484
Enh269_UBC,Enh269,ENSG00000150991,0,0.0098668646260733,0.0125494547132598,0.007,0.007645792240111026,0.00886001121963892,0.021022894893128804,0.023043239301639686
Enh270_UBC,Enh270,ENSG00000150991,0,0.0126192150808608,0.0141554484597465,0.002,0.0015591928156385576,0.0023590410738421825,0.015734604474383393,0.02065254135269722
Enh271_AACS,Enh271,ENSG00000081760,0,0.023741925367105,0.0175376443815417,0.026,0.030819097367852776,0.02925940108699327,0.34822914677849426,0.3175847103599665
Enh271_DHX37,Enh271,ENSG00000150990,0,0.022240221955868,0.0169243078928524,0.0,5.756159089489331e-06,3.379845074952254e-05,0.021120213865743934,0.018979927023810784
Enh271_NCOR2,Enh271,ENSG00000196498,0,0.0457263245903513,0.0286092802177868,0.067,0.06010162774434757,0.05257854793092982,0.022416502877268957,0.014745925584471745
Enh271_UBC,Enh271,ENSG00000150991,0,0.008088897343912,0.0054992257273588,0.005,0.004745269490871058,0.005775298067084529,0.017581252039393504,0.011780156726914163
Enh272_NCOR2,Enh272,ENSG00000196498,0,0.0448830264169208,0.0429573885623245,0.067,0.06010162774434757,0.05202726242463953,0.028830986536606616,0.02418844693216331
Enh272_UBC,Enh272,ENSG00000150991,0,0.0081960532731444,0.0087518404428937,0.004,0.0038345963012397866,0.004845841843499836,0.019341620236129592,0.021102757534424477
Enh273_NCOR2,Enh273,ENSG00000196498,0,0.0582239033757658,0.0399643075225366,0.051,0.05556222294529471,0.04808515383000753,0.03701139214301554,0.0243208638534951
Enh273_UBC,Enh273,ENSG00000150991,0,0.0134781637762884,0.0111554790234129,0.002,0.0023667511633707343,0.0032924796115565815,0.023968582150975488,0.018735682602892687
Enh274_DHX37,Enh274,ENSG00000150990,0,0.0337604968173834,0.0201907483327532,0.0,5.756159089489331e-06,3.302385512287586e-05,0.029952080797253068,0.022509904395449254
Enh274_NCOR2,Enh274,ENSG00000196498,0,0.0461329207664428,0.0245572944609568,0.052,0.048175170015072925,0.04329938028903059,0.019317673327237085,0.010074043847880234
Enh274_UBC,Enh274,ENSG00000150991,0,0.0108867951431754,0.0062782340237854,0.003,0.0029135562173884886,0.003936149852728216,0.015952732879934452,0.009578609646561204
Enh275_DHX37,Enh275,ENSG00000150990,0,0.0265930224095978,0.0245260301309014,0.001,0.0012224574099880784,0.002219415446344866,0.030163572143884185,0.030423224396696848
Enh275_NCOR2,Enh275,ENSG00000196498,0,0.037068150224196,0.0348314828998338,0.066,0.05155942016442247,0.05258293151932879,0.025845324248615298,0.026487559584446884
Enh275_UBC,Enh275,ENSG00000150991,0,0.0121562039806656,0.0106259713372081,0.001,0.000843083603523765,0.0014425296639944893,0.028392237660362894,0.023717321852739854
Enh276_NCOR2,Enh276,ENSG00000196498,0,0.0283019966360279,0.0249141599485523,0.054,0.052686253058484886,0.04722064362252816,0.01633560881792749,0.013802901076323
Enh276_UBC,Enh276,ENSG00000150991,0,0.0098094259576372,0.009211685951964,0.002,0.0015591928156385576,0.002257261045349266,0.01663185566284152,0.01762185256882489
Enh277_NCOR2,Enh277,ENSG00000196498,0,0.0058634001880781,0.0097466772932365,0.008,0.006719829348015814,0.00853683822396361,0.005253791895534981,0.006938520491105568
Enh277_UBC,Enh277,ENSG00000150991,0,0.0039449996588422,0.0056147452342026,0.0,9.957927500507358e-07,4.679057196289103e-06,0.012148218478923523,0.01564458695515447
Enh278_UBC,Enh278,ENSG00000150991,0,0.0087245174834572,0.0124702345815966,0.002,0.0019783222684577485,0.0027636356818832096,0.014627282085980001,0.02291683726424326
Enh27_LMOD1,Enh27,ENSG00000163431,1,0.0084455186428686,0.008722179739098,0.115,0.0872213393985922,0.07248712896222491,0.0017478328258722909,0.003320844405422645
Enh27_NAV1,Enh27,ENSG00000134369,0,0.002208300543996,0.0029974535939323,0.107,0.08075061633253391,0.06729710108121145,0.0006843893615162218,0.0013666264262698576
Enh27_TIMM17A,Enh27,ENSG00000134375,0,0.0075838917333397,0.008083903616301,0.0,1.7339737768865494e-06,1.0223052587583404e-05,0.005157570224904032,0.005457289924963083
Enh281_PFKM,Enh281,ENSG00000152556,0,0.0019132833075589,0.0035762496611015,0.008,0.010180709377305894,0.012069340602639273,0.0030065627863105422,0.009043108212730428
Enh281_RPAP3,Enh281,ENSG00000005175,0,0.076532797685182,0.0631428021901185,0.013,0.01037410614579227,0.011335361247372411,0.0410386818223392,0.0316617851287243
Enh281_TMEM106C,Enh281,ENSG00000134291,0,0.0183049608119512,0.0219036791521558,0.007,0.010229246899324215,0.012354365444723885,0.024451589266198673,0.04053438131758763
Enh286_ARGLU1,Enh286,ENSG00000134884,0,0.0172938470924974,0.0133939622551114,0.001,0.0005814205205144025,0.0010788753364392267,0.007272017900384602,0.00559174693543173
Enh286_EFNB2,Enh286,ENSG00000125266,0,0.0203683000079183,0.0132202555096056,0.181,0.1525606628661456,0.10261039257321068,0.011592542530783142,0.00788572855988191
Enh287_MPHOSPH8,Enh287,ENSG00000196199,0,0.0148676836122551,0.016024640626476,0.001,0.0015411159017377633,0.0028380346864024355,0.0046972277502668035,0.005029230851872061
Enh288_MRPL57,Enh288,ENSG00000173141,0,0.016967271766201,0.0180252934715036,0.0,6.680262126068075e-07,6.043602044032602e-06,0.007430412449313685,0.008367889775142157
Enh288_SAP18,Enh288,ENSG00000150459,0,0.01207436690181,0.0135332008954682,0.0,6.680262126068075e-07,5.999975756094089e-06,0.010435614742010832,0.012312823009649226
Enh28_TMEM183A,Enh28,ENSG00000163444,0,0.0298823900150203,0.0269848714785723,0.077,0.0790933559780916,0.06262296840801607,0.010505121274536577,0.008982660076138215
Enh290_GTF3A,Enh290,ENSG00000122034,0,0.0032092965381667,0.0061534918065014,0.002,0.0023056427646295547,0.003648244156852145,0.0011463364837859618,0.001789441873779179
Enh290_MTIF3,Enh290,ENSG00000122033,0,0.0029279125079743,0.0058702391131208,0.001,0.0012224574099880784,0.0022409185946064007,0.0011743243924019191,0.0020252603128447784
Enh290_RPL21,Enh290,ENSG00000122026,0,0.0021177400963634,0.0037412110066556,0.205,0.15975241720481248,0.11932330162411593,0.004935732728466305,0.00797717942293149
Enh291_GTF3A,Enh291,ENSG00000122034,0,0.0117587149231029,0.007107332830919,0.004,0.00607378181911764,0.008173283236049838,0.005807756408872766,0.0032735146923151695
Enh291_MTIF3,Enh291,ENSG00000122033,0,0.0097883965029865,0.0066900655020667,0.0,5.756159089489331e-06,3.5312472274920204e-05,0.005448113775443689,0.003782538261648963
Enh291_RPL21,Enh291,ENSG00000122026,0,0.0071411699556607,0.0039931100847195,0.317,0.2640424170790929,0.19409189160348922,0.010566168037077907,0.005875298508209674
Enh291_USP12,Enh291,ENSG00000152484,0,0.0574755279351024,0.0343279753895505,0.031,0.03557490034867159,0.0381449718913794,0.42704643125854125,0.3348256721831118
Enh292_GTF3A,Enh292,ENSG00000122034,0,0.0251777559012836,0.0229041815592371,0.012,0.008623258527358194,0.010205711533185498,0.01013904001864242,0.009832888407239003
Enh292_MTIF3,Enh292,ENSG00000122033,0,0.0191120853992043,0.0232307610902905,0.006,0.00428216280649575,0.007191998460068262,0.00800084005185431,0.010663034325132733
Enh292_POLR1D,Enh292,ENSG00000186184,0,0.0104496287410034,0.0123055001457437,0.002,0.0013550557282384955,0.0022760735406307194,0.007654111637919978,0.008953889916052454
Enh292_RPL21,Enh292,ENSG00000122026,0,0.1825612878888753,0.1138973530461218,0.475,0.4280301684976779,0.29464974255447474,0.32008094625745004,0.21586300277002649
Enh293_GTF3A,Enh293,ENSG00000122034,0,0.013142753218634,0.0122367224937708,0.002,0.0033972890919814177,0.005305337383808366,0.003838373666959993,0.003462691178728892
Enh293_MTIF3,Enh293,ENSG00000122033,0,0.0107375538461422,0.0093710863211302,0.0,5.756159089489331e-06,3.05632937034049e-05,0.003641078986095835,0.003145822004811369
Enh293_POLR1D,Enh293,ENSG00000186184,0,0.0057656730894771,0.0063617349295962,0.001,0.0015651969645143887,0.0025399100371091697,0.0028427522993744276,0.0028277540969932537
Enh293_RPL21,Enh293,ENSG00000122026,0,0.0137694249018802,0.0102266653954863,0.277,0.23002381774782538,0.17202655663013625,0.030456845652036785,0.026418226067765595
Enh296_HMGB1,Enh296,ENSG00000189403,0,0.0239959579545874,0.0209256302653703,0.01,0.01117863784417852,0.012477533505502588,0.05961631022683753,0.05325992044423182
Enh297_HMGB1,Enh297,ENSG00000189403,0,0.0339341600293869,0.0124317064779794,0.023,0.026268256449089828,0.023385575537101765,0.09932689645757709,0.03335109779691378
Enh297_HSPH1,Enh297,ENSG00000120694,0,0.0089105882388695,0.0055956076457327,0.003,0.004058051522983715,0.005396395830223788,0.003751386422551692,0.002521126493099169
Enh297_KATNAL1,Enh297,ENSG00000102781,0,0.0169441557392951,0.0095613273563071,0.008,0.007433880022150529,0.008321484831786529,0.0031158655162536793,0.0014356621897591384
Enh298_HMGB1,Enh298,ENSG00000189403,0,0.0183431572449601,0.0224037105171981,0.01,0.013083485903799368,0.016023980082630705,0.05590868635424742,0.062079228396591246
Enh299_HMGB1,Enh299,ENSG00000189403,0,0.0234786876869189,0.0199901214419564,0.015,0.02094145100511005,0.023854001533854908,0.07107343818713588,0.06082589833646162
Enh299_HSPH1,Enh299,ENSG00000120694,0,0.030335797059733,0.0215767755675316,0.055,0.05927363953229883,0.04942457027621125,0.017956807779365164,0.01226765056214546
Enh29_ADIPOR1,Enh29,ENSG00000159346,0,0.0207714062058556,0.0238156007706506,0.0,1.7339737768865494e-06,1.000045157276525e-05,0.02303677054822123,0.028327141748596657
Enh29_ATP2B4,Enh29,ENSG00000058668,0,0.0173744414599946,0.0211611917166871,0.008,0.0053142246829531335,0.007046934354816697,0.020600506942993303,0.02125139096851006
Enh29_TMEM183A,Enh29,ENSG00000163444,0,0.0234977260896967,0.0254324690672539,0.033,0.024954430615588497,0.02443706790182241,0.008131898858731343,0.009348448150959702
Enh2_CAPZA1,Enh2,ENSG00000116489,0,0.0195938401876283,0.0181851839604858,0.001,0.000843083603523765,0.0015098065410634137,0.021163595538233937,0.018266699017897726
Enh2_CTTNBP2NL,Enh2,ENSG00000143079,0,0.5705286294624962,0.5299507725255556,0.312,0.248031067533902,0.2769178670627087,0.4130527574610597,0.38717983252093613
Enh2_RHOC,Enh2,ENSG00000155366,1,0.0118838790366838,0.0112991448226217,0.002,0.0016584794026083395,0.0025807885521199232,0.02373308446407147,0.021072665328806015
Enh300_HMGB1,Enh300,ENSG00000189403,0,0.0148121449665068,0.0096460905190946,0.012,0.011887810665545794,0.014251116740482642,0.03981672269461182,0.025168173446883456
Enh300_HSPH1,Enh300,ENSG00000120694,0,0.0223952164952938,0.0143824986630727,0.011,0.009127504128026612,0.010820242436862753,0.01420506917689478,0.009072768126472943
Enh301_HMGB1,Enh301,ENSG00000189403,0,0.0140777832950787,0.0164911264663494,0.014,0.019802593763844308,0.021085221072295386,0.03519208851608407,0.03671613716435519
Enh301_HSPH1,Enh301,ENSG00000120694,0,0.0210594118118812,0.0217906899609338,0.011,0.014944459448157641,0.01565485269662652,0.014021734986388657,0.013534226108503336
Enh302_HMGB1,Enh302,ENSG00000189403,0,0.0069692439458004,0.0078647535620096,0.003,0.005669458808377428,0.007822567049021513,0.016230156521254008,0.01747019821865914
Enh303_WBP4,Enh303,ENSG00000120688,0,0.0092725224762519,0.0103422031008299,0.002,0.001205905421111876,0.0018940085250403358,0.003017983070513251,0.0035808040586389526
Enh304_TSC22D1,Enh304,ENSG00000102804,1,0.0343709852575445,0.0314742685343065,0.244,0.21027417723572903,0.17309011533538043,0.007321443617648559,0.007196265735300167
Enh306_TSC22D1,Enh306,ENSG00000102804,0,0.0205354667892026,0.0122445687964281,0.091,0.07021412343091032,0.044928910744730356,0.006221241868244268,0.003249482377065312
Enh307_GPALPP1,Enh307,ENSG00000133114,0,0.0827167277995546,0.0792024088527041,0.074,0.05507386585599923,0.04897919167487997,0.09132913653883294,0.08649083863639809
Enh307_GTF2F2,Enh307,ENSG00000188342,0,0.0240063025719022,0.0280900974662481,0.008,0.0053142246829531335,0.0066997603444184685,0.009247760547219637,0.012025395127293748
Enh307_TPT1,Enh307,ENSG00000133112,0,0.0047737243481086,0.0081955849835762,0.001,0.0007032640451791812,0.001541492735694661,0.011647618702489362,0.019235004603361514
Enh307_TSC22D1,Enh307,ENSG00000102804,0,0.0197089543700441,0.0251527726057149,0.018,0.01223458142940785,0.013675778352014561,0.007377735451745528,0.009298048796430407
Enh308_GPALPP1,Enh308,ENSG00000133114,0,0.1624658139946489,0.0525691848018386,0.313,0.26668478906926635,0.15312030331779924,0.09819081703792834,0.031132176024742702
Enh308_GTF2F2,Enh308,ENSG00000188342,0,0.0472741780485172,0.0268257311771842,0.004,0.0025851365817003446,0.003815895316455697,0.00809431265235646,0.0061996239373854085
Enh308_NUFIP1,Enh308,ENSG00000083635,0,0.1748149263573971,0.0356888107661867,0.372,0.3240075760495711,0.13885403978284627,0.552669738976622,0.19207689622303623
Enh308_TPT1,Enh308,ENSG00000133112,0,0.0094795259121245,0.006917921003616,0.005,0.0035626238553264603,0.00527993035719232,0.018201318687861415,0.013182987319631535
Enh308_TPT1-AS1,Enh308,ENSG00000170919,0,0.0284359795438113,0.0174157186643748,0.242,0.2060545535684991,0.14764433144342987,0.38347505423723643,0.3533114121675241
Enh308_TSC22D1,Enh308,ENSG00000102804,1,0.0344891354801854,0.0196234708000548,0.163,0.1294854269250941,0.09678003834919127,0.006551694841527074,0.0037952372569544576
Enh309_SPRY2,Enh309,ENSG00000136158,1,0.0265732233532036,0.1662566932757893,0.301,0.2552429628986219,0.5586192338803225,0.005300974340802917,0.041891536874632866
Enh30_ATP2B4,Enh30,ENSG00000058668,1,0.0172890724463123,0.0210773574792345,0.001,0.0015411159017377633,0.00267866478976101,0.017046625157475254,0.01586792774796511
Enh30_SNRPE,Enh30,ENSG00000182004,0,0.0096405715478522,0.01498143818908,0.0,6.605720743558276e-06,3.415938573057581e-05,0.01065589288101134,0.01645853647390332
Enh30_TMEM183A,Enh30,ENSG00000163444,0,0.0153852709033647,0.0215833780767497,0.021,0.023353954046886664,0.02464187162305655,0.0065023098949048876,0.009154673361629775
Enh316_EML1,Enh316,ENSG00000066629,0,0.0177874384927065,0.015982779323539,0.391,0.30957190536147006,0.1896621510214706,0.0057962118159080415,0.005229996356226291
Enh316_YY1,Enh316,ENSG00000100811,0,0.1505632448299429,0.0883062364161503,0.077,0.07162122624166851,0.05741294224011605,0.12921099704626401,0.0633334482701554
Enh317_MEG3,Enh317,ENSG00000214548,0,0.0048185759087464,0.0053082658341889,0.148,0.1346865084568822,0.10348250720481257,0.005416575273213239,0.006105647778535813
Enh317_YY1,Enh317,ENSG00000100811,0,0.0032760740290338,0.0039280074940336,0.0,5.009391333501727e-06,2.3450086105344647e-05,0.00433169533906354,0.004928147095605245
Enh318_DYNC1H1,Enh318,ENSG00000197102,0,0.0157262602877288,0.0214023136893927,0.018,0.016137167716029105,0.016832432498811972,0.0187496796042733,0.02410962451643499
Enh318_HSP90AA1,Enh318,ENSG00000080824,0,0.016106997059087,0.0204630845161708,0.024,0.021251353728687424,0.022240243494671835,0.03251753911320231,0.042439869838997744
Enh319_CINP,Enh319,ENSG00000100865,0,0.0083930492873272,0.0068540304496803,0.005,0.0051372628576362355,0.006580500926445675,0.0038265868280165163,0.0031211435288934757
Enh319_HSP90AA1,Enh319,ENSG00000080824,0,0.001664037668911,0.002014245584401,0.001,0.0005814205205144025,0.001082297043898356,0.0031823762336484107,0.003885241373780837
Enh31_ATP2B4,Enh31,ENSG00000058668,1,0.0539395704932365,0.0868014423974299,0.457,0.3561337985613568,0.38586457714597017,0.07050025232517741,0.10228836881630761
Enh31_SNRPE,Enh31,ENSG00000182004,0,0.0153721560830682,0.014305162222792,0.003,0.0041233469591232304,0.005812691787801382,0.015630197676637234,0.013044169358590383
Enh320_CINP,Enh320,ENSG00000100865,0,0.0615955418090193,0.0422870584344539,0.009,0.012967365888825398,0.0145557236205155,0.021945948816418485,0.01271421670559962
Enh320_HSP90AA1,Enh320,ENSG00000080824,0,0.0062588382188924,0.0054483663915162,0.011,0.010077515371549252,0.011340439397000794,0.009761924366986497,0.00850150980740725
Enh321_AHNAK2,Enh321,ENSG00000185567,0,0.058857890555863,0.0368529649968431,0.091,0.07536744813122748,0.059952337929342445,0.07156776166591088,0.03821851210601473
Enh321_CRIP2,Enh321,ENSG00000182809,0,0.0150192616355947,0.0137343431371917,0.09,0.08201520988263122,0.0641953467211674,0.006558536285684415,0.006371689806848282
Enh321_INF2,Enh321,ENSG00000203485,0,0.0176121283955815,0.0158723769015538,0.086,0.0767022675123034,0.061491324223416806,0.006551515098980246,0.007284572375956088
Enh321_NUDT14,Enh321,ENSG00000183828,0,0.0071804244138156,0.0079314881521259,0.089,0.08122193673485328,0.06567356558378738,0.0019868947093162367,0.003672036302395077
Enh321_SIVA1,Enh321,ENSG00000184990,0,0.0150594180830458,0.0138269904167362,0.0,6.605720743558276e-06,3.248560568036985e-05,0.009032337986314596,0.007458494313449423
Enh322_AHNAK2,Enh322,ENSG00000185567,1,0.0440067935891571,0.0347888622723275,0.214,0.1746461584327509,0.1261060585346725,0.0544774582112331,0.041211214266559534
Enh322_BTBD6,Enh322,ENSG00000184887,1,0.0526451351962227,0.0466441675407157,0.014,0.013504352361782998,0.016168549863489444,0.7133922488496721,0.7165734648622096
Enh322_SIVA1,Enh322,ENSG00000184990,0,0.0126328241999715,0.012880343457521,0.002,0.0021741352153798023,0.0033260440163229033,0.008396228358082564,0.008850737459195533
Enh323_AHNAK2,Enh323,ENSG00000185567,0,0.0044032690135829,0.0064784514491308,0.09,0.06797591127447272,0.05794253338211089,0.008114248176795793,0.011249545826922794
Enh323_CRIP2,Enh323,ENSG00000182809,0,0.0047674226468181,0.006725143405991,0.017,0.01249758604108024,0.013768272619489605,0.002781050887404147,0.004355071474857701
Enh323_SIVA1,Enh323,ENSG00000184990,0,0.0029748468993833,0.004956396343595,0.0,1.7339737768865494e-06,1.0190705707496696e-05,0.0026781123450655715,0.004268659573180084
Enh324_ACIN1,Enh324,ENSG00000100813,0,0.0066106602446983,0.0083423684977838,0.069,0.053311384424648854,0.0463079184809367,0.0022067061787975463,0.002471687166097449
Enh324_C14orf119,Enh324,ENSG00000179933,0,0.0069165921905959,0.0088336243637378,0.026,0.020902997105984384,0.021231170799130436,0.003346831928575024,0.0040545532373177165
Enh324_PABPN1,Enh324,ENSG00000100836,0,0.0044302411263132,0.0061427522468663,0.002,0.0023056427646295547,0.0035569764505049514,0.0012184731049881539,0.0011454874500805817
Enh325_ARHGAP5,Enh325,ENSG00000100852,0,0.0314673637718729,0.0286934255017682,0.0,2.094923461404673e-06,8.788132576746527e-06,0.014148917819458576,0.011951616379570802
Enh327_FAM177A1,Enh327,ENSG00000151327,0,0.0127052101377185,0.010827327056904,0.002,0.0012584147968223301,0.001992149832017628,0.011937679788488517,0.01063102581624567
Enh327_PPP2R3C,Enh327,ENSG00000092020,0,0.0253048887223481,0.0203364588431006,0.012,0.008623258527358194,0.010979752563825159,0.007270786209547056,0.005687243578455605
Enh327_PSMA6,Enh327,ENSG00000100902,0,0.0900986377246652,0.0622750072924919,0.165,0.12862892818137042,0.10869277001118902,0.04556922973671498,0.034585586156416506
Enh327_SRP54,Enh327,ENSG00000100883,0,0.0135271964547838,0.0125126171340309,0.001,0.0011344398014294485,0.002074935296991807,0.006547801233360862,0.006018994524147403
Enh328_FAM177A1,Enh328,ENSG00000151327,0,0.0121910932081274,0.0119796205420584,0.002,0.002573463265070071,0.003553050340882899,0.016077641308471,0.014316374055526526
Enh328_PPP2R3C,Enh328,ENSG00000092020,0,0.0303103867935364,0.0288901989986678,0.013,0.01629625653163043,0.018190854901061745,0.00866654702467883,0.00642375767948851
Enh328_PSMA6,Enh328,ENSG00000100902,0,0.0915350135819992,0.0702334843440911,0.012,0.012596420809099146,0.01443730953969832,0.060600609725435274,0.03802948188702096
Enh328_SRP54,Enh328,ENSG00000100883,0,0.0156158056480373,0.016612320169822,0.0,7.4710433999781855e-06,3.5536503799431406e-05,0.007968681760604569,0.007057036187689972
Enh329_FAM177A1,Enh329,ENSG00000151327,0,0.0152496627016029,0.0172703162033749,0.001,0.0013919594878539845,0.002213874798630997,0.019421391147868495,0.01902157009250703
Enh329_PPP2R3C,Enh329,ENSG00000092020,0,0.0353801624971767,0.0377249022698686,0.001,0.0018995747500998453,0.003389780562252718,0.010197735839104567,0.00864015473546754
Enh329_PSMA6,Enh329,ENSG00000100902,0,0.0805233150540354,0.0811970291079626,0.101,0.08406240278096919,0.07946634168939795,0.050530254139312794,0.04018685072280829
Enh329_SRP54,Enh329,ENSG00000100883,0,0.0192962426156874,0.0225046730305014,0.0,7.4710433999781855e-06,3.608485066994438e-05,0.009954032815081278,0.010325857103590401
Enh32_ATP2B4,Enh32,ENSG00000058668,1,0.0615189455686479,0.0452692700686357,0.262,0.2095556925406111,0.1429344282039021,0.05592794709989608,0.029368242949068455
Enh32_SNRPE,Enh32,ENSG00000182004,0,0.0164630321686816,0.0158637328436422,0.001,0.0020404501315090836,0.0032225146014734267,0.01307515846236161,0.011281127051413
Enh330_FAM177A1,Enh330,ENSG00000151327,0,0.0194286836935705,0.0191831154859016,0.003,0.004033778240373569,0.006197018710438523,0.018269441474315817,0.01340311938906437
Enh330_PPP2R3C,Enh330,ENSG00000092020,0,0.0383062713929176,0.0341353135633989,0.002,0.0026564335132884336,0.0042170796612267265,0.01150220459288865,0.010318587578547369
Enh330_PSMA6,Enh330,ENSG00000100902,0,0.105786727614513,0.0723211490087096,0.113,0.0974487140853997,0.07606948021101159,0.05915115519518263,0.030930142984270572
Enh330_SRP54,Enh330,ENSG00000100883,0,0.0206595875551433,0.0208844638426772,0.0,6.605720743558276e-06,3.3514099973984553e-05,0.01038219706456109,0.009191324104213265
Enh331_PSMC6,Enh331,ENSG00000100519,0,0.0207607080257317,0.0252515898118756,0.007,0.008469107899334343,0.010948652209530455,0.010715084395852888,0.011537340069494213
Enh332_KTN1,Enh332,ENSG00000126777,0,0.0137452152148469,0.0149495325289077,0.0,1.2194296304552184e-05,4.5439773492932014e-05,0.03070012156541063,0.028057847239605128
Enh332_LGALS3,Enh332,ENSG00000131981,1,0.2769660015423127,0.5405941999967783,0.571,0.4475640523780589,0.6149609009164725,0.3160581646826425,0.6034643579688321
Enh332_MAPK1IP1L,Enh332,ENSG00000168175,0,0.2232092499847663,0.2011542474139958,0.047,0.048468490547097114,0.05649523133834221,0.10175057291225882,0.07452847758475489
Enh332_SOCS4,Enh332,ENSG00000180008,0,0.1559858486198566,0.1313335845571624,0.059,0.0635064674601472,0.06368185966963681,0.07782723646324137,0.05597408152351632
Enh333_KTN1,Enh333,ENSG00000126777,0,0.009092281489631,0.0104814854042213,0.0,1.7339737768865494e-06,1.0174853480525565e-05,0.018770819810967048,0.01830197740663099
Enh333_LGALS3,Enh333,ENSG00000131981,1,0.2211511126978576,0.3302055195490898,0.887,0.8370192213559304,0.8168979834412854,0.26207727881855103,0.36402276224100155
Enh333_MAPK1IP1L,Enh333,ENSG00000168175,0,0.1443070788262715,0.1074037437543297,0.129,0.09865081785601708,0.08690957380260758,0.053212900290396284,0.04526907261801455
Enh333_SOCS4,Enh333,ENSG00000180008,0,0.0967107903963907,0.0644593016130549,0.072,0.05332740539874953,0.043139171205145835,0.047798585722551114,0.029946604810871146
Enh334_KTN1,Enh334,ENSG00000126777,0,0.0097019690069333,0.0075725844503947,0.0,4.020519762748885e-06,2.1949356268412727e-05,0.021965545030201844,0.014377479636957334
Enh334_LGALS3,Enh334,ENSG00000131981,1,0.3157400302126487,0.9835079954719272,0.88,0.7803311405009348,0.9910504471578027,0.34892373318671743,0.9920662812538443
Enh334_MAPK1IP1L,Enh334,ENSG00000168175,0,0.1729269824043313,0.1653089930331235,0.12,0.0947010834246291,0.12226422637279634,0.06752334698365442,0.0669431169832724
Enh334_SOCS4,Enh334,ENSG00000180008,0,0.1219737285008529,0.0823538240659498,0.12,0.09921484308807185,0.09098449391926032,0.06594678109262757,0.04100425726094848
Enh335_CHURC1,Enh335,ENSG00000258289,0,0.0111297218182571,0.0111277240386493,0.004,0.0028445686527516115,0.004376235013936108,0.007525136936478727,0.0080082793431848
Enh336_CHURC1,Enh336,ENSG00000258289,0,0.0202742987423387,0.0191352577632732,0.0,2.9814997077690255e-06,1.7017054482735834e-05,0.01690557370345692,0.018385834643217424
Enh337_CHURC1,Enh337,ENSG00000258289,0,0.006748348981095,0.0070181128141129,0.001,0.0012224574099880784,0.0021906592694691906,0.007066244099420583,0.007962791536811592
Enh337_MAX,Enh337,ENSG00000125952,0,0.0204705216714513,0.018569932273749,0.0,9.957927500507358e-07,5.049908957920513e-06,0.007976387392515,0.006849445647224957
Enh338_RBM25,Enh338,ENSG00000119707,0,0.0130488775989182,0.009762469382798,0.0,3.901780365034957e-06,1.8144322515448156e-05,0.014238254490983301,0.008206764629104265
Enh339_RBM25,Enh339,ENSG00000119707,0,0.0078736738671887,0.0104592929568529,0.0,5.009391333501727e-06,2.282995337818375e-05,0.011755433321571543,0.013639263253181108
Enh33_ATP2B4,Enh33,ENSG00000058668,1,0.1029313594144936,0.1274428630351296,0.186,0.14648889440806995,0.17644350646860527,0.10245869209978593,0.10984281484687698
Enh33_SNRPE,Enh33,ENSG00000182004,0,0.0217696775662391,0.0181222026268561,0.001,0.0011344398014294485,0.0020168370323628507,0.015703961447316162,0.013095438329767006
Enh340_ZC3H14,Enh340,ENSG00000100722,0,0.0164213502049788,0.0137652665530202,0.003,0.002349974221972519,0.00340225875152628,0.004475764694683952,0.0041849519505899905
Enh342_CALM1,Enh342,ENSG00000198668,0,0.0059322914252577,0.0039189481170286,0.001,0.0021497083838792376,0.0025661656155069666,0.015917288000535445,0.008132746670384019
Enh342_PSMC1,Enh342,ENSG00000100764,0,0.0033395667494303,0.0039270963232509,0.002,0.0033972890919814177,0.005315088525986142,0.0058597652994384,0.0077354867118931666
Enh343_DICER1,Enh343,ENSG00000100697,0,0.032643653800187,0.0289080839449794,0.013,0.016482979284992663,0.017035216576382545,0.013941967680372341,0.011912337262689119
Enh343_GLRX5,Enh343,ENSG00000182512,1,0.1274558391373536,0.1168319966082108,0.161,0.14533784179524772,0.13884067825638363,0.05668606835677543,0.054641830383501955
Enh344_GLRX5,Enh344,ENSG00000182512,0,0.0355385216056699,0.026040803640333,0.002,0.0019783222684577485,0.0026286179941415223,0.014491929412721543,0.009999088808614014
Enh346_SYNE3,Enh346,ENSG00000176438,1,0.0679803931932113,0.0037831363002289,0.4,0.31974357651230606,0.04730050942590135,0.9775754389272654,0.7286561158864114
Enh347_PAPOLA,Enh347,ENSG00000090060,0,0.0220157867921606,0.0254254070041863,0.002,0.0026564335132884336,0.004318055679880006,0.01118468618141082,0.01214960346088704
Enh348_PAPOLA,Enh348,ENSG00000090060,0,0.0196814313898061,0.0209494398028664,0.0,2.9814997077690255e-06,1.675591501741306e-05,0.009745420699216384,0.009456152585037356
Enh349_SELENOS,Enh349,ENSG00000131871,0,0.0057442804725596,0.0070460532249474,0.0,1.9181491370496346e-06,7.862576589605995e-06,0.008690581340228983,0.010031514105764474
Enh34_CAMK2N1,Enh34,ENSG00000162545,1,0.665160768164544,0.4634340821097103,0.187,0.15747376873440433,0.12125062786152921,0.34735267429878686,0.20239510880667289
Enh34_DDOST,Enh34,ENSG00000244038,0,0.0500546568822804,0.0435197960512081,0.005,0.003259800760635845,0.004563665439303249,0.01867165625031315,0.018362126710097255
Enh34_HP1BP3,Enh34,ENSG00000127483,0,0.0174835015044174,0.0185439843816057,0.001,0.0011344398014294485,0.0020217219551347215,0.02237887636313908,0.02204133432800336
Enh34_PINK1,Enh34,ENSG00000158828,0,0.0736911962366998,0.0616598218926762,0.427,0.38445784867864524,0.27115289804719933,0.04831052212022297,0.03434464498132636
Enh350_SELENOS,Enh350,ENSG00000131871,0,0.0372156237592185,0.0346282424240366,0.0,9.957927500507358e-07,5.020253323455463e-06,0.02856224328308619,0.025407557572934156
Enh351_ALDH1A3,Enh351,ENSG00000184254,1,0.0332200621751215,0.0307992341300701,0.124,0.10370371765921628,0.08022223530291629,0.01752735717891186,0.015037900451542558
Enh351_SELENOS,Enh351,ENSG00000131871,0,0.0470511677481852,0.0457217412528901,0.001,0.0007733817775325208,0.0013615262245275648,0.034270697202593646,0.029652765240796974
Enh352_SELENOS,Enh352,ENSG00000131871,0,0.0706425209215017,0.0539417448482541,0.028,0.02260623641183829,0.022432381160891444,0.06086678549611244,0.03743587329042521
Enh352_SNRPA1,Enh352,ENSG00000131876,0,0.0748271262860193,0.0552503989648555,0.01,0.007951659506727896,0.008692886458863722,0.024677175757350296,0.01733939889820742
Enh353_ALDH1A3,Enh353,ENSG00000184254,0,0.0241885685686935,0.0177371612605691,0.107,0.08256379354405173,0.0631087547893906,0.017400840119062833,0.011695657382027491
Enh353_CHSY1,Enh353,ENSG00000131873,1,0.1080771486906386,0.1177194082830474,0.081,0.06556719050654895,0.08039274500219976,0.8559623546881808,0.8869816313892261
Enh353_SELENOS,Enh353,ENSG00000131871,0,0.0431352755761564,0.0314359648288935,0.008,0.006422843613670473,0.00801391398993427,0.0457373415044268,0.031674781419310086
Enh353_SNRPA1,Enh353,ENSG00000131876,0,0.050966624483527,0.0404272454079547,0.002,0.0016584794026083395,0.0026663030146549865,0.022122310611461974,0.017119918291417163
Enh354_ALDH1A3,Enh354,ENSG00000184254,1,0.0369466234436541,0.0496689755455634,0.058,0.04956815745914363,0.04074344108324178,0.024097022886850568,0.027097993460245814
Enh354_SELENOS,Enh354,ENSG00000131871,0,0.0612822233181338,0.0800436261911863,0.006,0.005647805269574295,0.0068004484801317,0.06398858737932436,0.07336242539096294
Enh355_UBE3A,Enh355,ENSG00000114062,0,0.0228120618428159,0.0236448201541968,0.014,0.013028676567715372,0.014819378606293607,0.008226134523832697,0.008395168906319573
Enh359_CHAC1,Enh359,ENSG00000128965,1,0.516246970652171,0.9193224031961648,0.487,0.44218312218770184,0.8745500084063199,0.999062980055664,0.9999527604537621
Enh359_CHP1,Enh359,ENSG00000187446,0,0.0207489661741246,0.0192299466127284,0.001,0.0007733817775325208,0.0013401615645876855,0.017004701101708063,0.01936737523337767
Enh359_OIP5-AS1,Enh359,ENSG00000247556,0,0.0138761190897674,0.0130795163448163,0.324,0.28426297102564363,0.20862182137065943,0.0028971238877634857,0.0031857369896873123
Enh359_RMDN3,Enh359,ENSG00000137824,0,0.0290154640466914,0.023277253456066,0.002,0.0015591928156385576,0.0022945790662823994,0.020747177921261753,0.0203447714153362
Enh359_RTF1,Enh359,ENSG00000137815,0,0.0074988698424639,0.0075384397269371,0.001,0.0016983158109075732,0.003036288031922585,0.006638971803197617,0.005870532340659498
Enh35_CAMK2N1,Enh35,ENSG00000162545,1,0.6356502248888695,0.9332381491774852,0.256,0.2006652793753054,0.547846185559104,0.3343835439153434,0.8267457797068851
Enh35_DDOST,Enh35,ENSG00000244038,0,0.0419795652163434,0.0477327524644584,0.012,0.011313343806813174,0.012885853826641239,0.03065731630417053,0.03284240397844728
Enh35_HP1BP3,Enh35,ENSG00000127483,0,0.0125266146664626,0.0173445369192072,0.001,0.0015934925603484594,0.002740969272127613,0.021658724313991132,0.03024641573755751
Enh35_PINK1,Enh35,ENSG00000158828,0,0.0640943639830885,0.0683801742079471,0.227,0.17589307215207964,0.1258298548181083,0.03601126805504245,0.04045361323858197
Enh360_COPS2,Enh360,ENSG00000166200,0,0.0354892575218154,0.0249347793098197,0.0,8.315749413280378e-06,4.1789299941519846e-05,0.018646075378019905,0.012403957912304421
Enh360_EID1,Enh360,ENSG00000255302,0,0.0564047411394865,0.039907689658534,0.028,0.03809495843914345,0.03691553588631373,0.08144025382395718,0.05040892160568324
Enh360_SECISBP2L,Enh360,ENSG00000138593,0,0.1234480516041799,0.0425398804249059,0.078,0.07997436299845066,0.03978732004848458,0.050852699400699135,0.014122456018680434
Enh361_OAZ2,Enh361,ENSG00000180304,0,0.0607988779682066,0.0497004210018271,0.072,0.05561203142247511,0.04797399341126055,0.017711127371057202,0.013881204162826698
Enh361_PCLAF,Enh361,ENSG00000166803,1,0.0177519558726499,0.0205163310607491,0.159,0.12268848595819334,0.09402515762695368,0.459396590910532,0.5953437879145351
Enh361_PDCD7,Enh361,ENSG00000090470,0,0.0243374744254194,0.0246636456172406,0.013,0.012791931883099477,0.014536959657384047,0.012799653995188238,0.01252227231992956
Enh361_SPG21,Enh361,ENSG00000090487,0,0.0487674456472878,0.0433729358048076,0.047,0.03961381876591605,0.03748520612523089,0.018719528501772272,0.016527658747879793
Enh362_AAGAB,Enh362,ENSG00000103591,0,0.0244052933148057,0.0224572493553228,0.005,0.00802233291442151,0.01069085853019393,0.24004621291000053,0.2913925508392167
Enh362_RPL4,Enh362,ENSG00000174444,0,0.0114088141980255,0.0091853503976006,0.011,0.012513111329154983,0.014044029651628407,0.022113703988143257,0.01809905757373499
Enh362_SMAD3,Enh362,ENSG00000166949,0,0.0269475880591527,0.0220629945069235,0.103,0.0951638309293055,0.07908938136149953,0.010371411420120023,0.007092747778556354
Enh362_SMAD6,Enh362,ENSG00000137834,1,0.0982923243736865,0.0602057452506983,0.337,0.26248655735438764,0.16262679087184675,0.8709424326115999,0.835151462507358
Enh362_SNAPC5,Enh362,ENSG00000174446,0,0.0279865206850608,0.0222217561019899,0.005,0.007322360837100706,0.009473492632644064,0.010533336295010253,0.008645950986445
Enh363_AAGAB,Enh363,ENSG00000103591,0,0.0364439725448821,0.0290863495774832,0.0,4.020519762748885e-06,2.2478735890955713e-05,0.23345566500603285,0.23926358923312618
Enh363_RPL4,Enh363,ENSG00000174444,0,0.013985419813566,0.0111524946045798,0.0,1.2010675376333993e-06,7.620690721521864e-06,0.026748977934953757,0.018639769405178006
Enh363_SMAD3,Enh363,ENSG00000166949,0,0.0462632425163652,0.0312610922161648,0.021,0.022187872889841656,0.022563916030221478,0.023200553517491125,0.012468733323102466
Enh363_SNAPC5,Enh363,ENSG00000174446,0,0.0307722814157299,0.0232065089059747,0.011,0.01097739581312988,0.012792907120075313,0.018366428970733928,0.01387238405256261
Enh364_RPL4,Enh364,ENSG00000174444,0,0.0021154029669869,0.0033131122687596,0.0,3.901780365034957e-06,1.8189660481434113e-05,0.006818417792407648,0.010154725148520786
Enh365_RPL4,Enh365,ENSG00000174444,0,0.0019572759356966,0.0026580240399287,0.003,0.0020631943620460246,0.003221286075385366,0.0038007049256803898,0.004116366135137307
Enh365_SMAD3,Enh365,ENSG00000166949,0,0.0075491711141228,0.0080769946093916,0.07,0.061477609683378225,0.05458114555449246,0.004027950489547764,0.004209738728511667
Enh365_SNAPC5,Enh365,ENSG00000174446,0,0.0035567255214378,0.004315340758581,0.009,0.006448130070494182,0.008519992935618398,0.000968474880254855,0.0010928712778337404
Enh369_ANP32A,Enh369,ENSG00000140350,0,0.0045601600888878,0.0058590934741851,0.008,0.005708728020319596,0.007765259140514172,0.002052897851521736,0.0030030038521855337
Enh36_SERTAD4-AS1,Enh36,ENSG00000203706,0,0.0163430715530142,0.012981758500457,0.318,0.2808649019612396,0.1851243000848757,0.005460244554484918,0.004229554668993539
Enh36_UTP25,Enh36,ENSG00000117597,0,0.1152549388517804,0.064424695924132,0.17,0.156532847444368,0.10676378346662214,0.042185127100956364,0.021827365233144568
Enh370_ANP32A,Enh370,ENSG00000140350,0,0.0298414941531072,0.0206875243517931,0.005,0.004277494247123212,0.005471774841570676,0.015025036360552612,0.008121943736909856
Enh371_ANP32A,Enh371,ENSG00000140350,0,0.0728833037169135,0.0654579355302962,0.003,0.004058051522983715,0.005292436626263788,0.029557352588807526,0.02603057073118392
Enh372_LARP6,Enh372,ENSG00000166173,0,0.0309680789752506,0.0312129165129385,0.038,0.04054125938081152,0.03676317269712974,0.01404716313023305,0.01223650986177505
Enh373_LARP6,Enh373,ENSG00000166173,0,0.0242686535678504,0.0282100766926529,0.104,0.07833572028954619,0.06471556524482072,0.014626014324001315,0.015854254336692106
Enh374_CD276,Enh374,ENSG00000103855,0,0.0760921233361453,0.0447925602041156,0.439,0.3477898188368802,0.24329014320517572,0.028576581527826172,0.01613945971696829
Enh374_LOXL1,Enh374,ENSG00000129038,0,0.0687749318798612,0.0365095089975378,0.256,0.21368623946485493,0.13281698436032335,0.027347860830984432,0.011836698899098969
Enh374_NPTN,Enh374,ENSG00000156642,0,0.0434069915201827,0.0270977650635339,0.027,0.03043147409986132,0.028823923902953175,0.010403997375506438,0.006847539176496542
Enh374_PML,Enh374,ENSG00000140464,0,0.0455423635509556,0.0261460220232852,0.031,0.034171867898040734,0.02995644038122774,0.08514399635327036,0.07068291639894449
Enh375_CLK3,Enh375,ENSG00000179335,0,0.0068676113451752,0.0077170831444528,0.002,0.0021955604526400323,0.003109371816998173,0.022106337034514947,0.04797461846829076
Enh375_COX5A,Enh375,ENSG00000178741,0,0.0040029581575122,0.0048197877724597,0.007,0.006907537175116983,0.008426203438048733,0.0026604309849904196,0.004323705827651417
Enh375_CSK,Enh375,ENSG00000103653,0,0.0850007603840647,0.0529468499097837,0.453,0.36609287217002384,0.2150228706556927,0.06748247091130587,0.03581918453837423
Enh375_FAM219B,Enh375,ENSG00000178761,0,0.007907355501353,0.0087690688401457,0.036,0.0286261504759223,0.02623802800800988,0.006440284476263572,0.006246244105932186
Enh375_SCAMP2,Enh375,ENSG00000140497,0,0.0099346917448992,0.0113729866790736,0.029,0.029337791910653232,0.029130591309028144,0.010324377775668466,0.011301885693510715
Enh376_COMMD4,Enh376,ENSG00000140365,0,0.0383721582038961,0.0332747388537394,0.002,0.0015591928156385576,0.002527140351389449,0.009553048641249218,0.008505929360469436
Enh376_FBXO22,Enh376,ENSG00000167196,0,0.0435437040335706,0.0328285136288439,0.015,0.016500688337174964,0.018264784477856302,0.013591757650933962,0.011695099239259833
Enh376_IMP3,Enh376,ENSG00000177971,0,0.3832581667870975,0.3987054344955915,0.555,0.5109135380186826,0.5551884004182315,0.15743966848551105,0.18509349575456058
Enh376_SNUPN,Enh376,ENSG00000169371,0,0.2648866219497167,0.195297922264809,0.174,0.14582592053007012,0.1377283648367655,0.2225097677024007,0.1841597720942607
Enh376_UBE2Q2,Enh376,ENSG00000140367,0,0.0618289488547481,0.0465816882635325,0.074,0.06698264188724769,0.05879419052501227,0.028874233765259487,0.02414440988126956
Enh377_PEAK1,Enh377,ENSG00000173517,0,0.1298505646852474,0.3006204103593581,0.06,0.05513370621685677,0.12982526352411117,0.10258197049614429,0.31151307391505334
Enh377_TSPAN3,Enh377,ENSG00000140391,0,0.0207416155094049,0.0204856224268866,0.008,0.006422843613670473,0.008203333529038596,0.004839558904960282,0.004471040223990031
Enh378_TSPAN3,Enh378,ENSG00000140391,0,0.0295254394080895,0.0303635013092922,0.017,0.017541866441605165,0.017909756597245082,0.006486133578064446,0.006345394016254373
Enh37_SYT14,Enh37,ENSG00000143469,1,0.3608860694531829,0.5061355677344612,0.811,0.7444743387994215,0.7888782379749161,0.30743307709725787,0.48460384704553716
Enh37_UTP25,Enh37,ENSG00000117597,0,0.125703418966256,0.0757638772475266,0.072,0.0631404609772567,0.058630838852733264,0.03906176925462879,0.024065749273472853
Enh380_TSPAN3,Enh380,ENSG00000140391,0,0.0018790754094705,0.0034076741685193,0.006,0.0047397206479308385,0.005917779147474358,0.000483060971676628,0.0011785660139210189
Enh381_TSPAN3,Enh381,ENSG00000140391,0,0.0028186578275053,0.0043519718493388,0.004,0.0032631062929676844,0.004504921287426846,0.0010298673526658861,0.001355737785746554
Enh382_TSPAN3,Enh382,ENSG00000140391,0,0.0166566599734109,0.0205201467907147,0.012,0.010951330705899077,0.012214531310941773,0.0033200882789628395,0.0033672609828476374
Enh383_SEC11A,Enh383,ENSG00000140612,0,0.0181728361042544,0.0206674379519931,0.0,5.009391333501727e-06,2.2986111542063702e-05,0.022468648269095975,0.022732618611829902
Enh384_MFGE8,Enh384,ENSG00000140545,0,0.0064468295498297,0.0072262307961955,0.04,0.030513477770264974,0.02516450498954253,0.018818495383383194,0.015697822832705675
Enh385_MFGE8,Enh385,ENSG00000140545,0,0.0008321688096191,0.0016873570820323,0.004,0.005606124677212889,0.0075734341975379,0.001512739670759221,0.0044293599694725195
Enh386_CHD2,Enh386,ENSG00000173575,0,0.0221529719317093,0.0292864849940983,0.048,0.03914332427392862,0.041121389661001914,0.007683894286320966,0.011158640046497153
Enh387_MEF2A,Enh387,ENSG00000068305,0,0.0527747136615925,0.0414182680361049,0.0,2.9814997077690255e-06,1.7699492087676492e-05,0.05819837493762885,0.041964559864417474
Enh389_MEF2A,Enh389,ENSG00000068305,1,0.0385660247658372,0.0111770171023574,0.01,0.013083485903799368,0.010459306205310905,0.050718519826401555,0.01335461859961469
Enh389_SYNM,Enh389,ENSG00000182253,1,0.0117345774070754,0.0070010176529969,0.021,0.021916003375142087,0.021328597922403426,0.004406497411368046,0.002867250236161387
Enh38_UTP25,Enh38,ENSG00000117597,0,0.1602128651754535,0.1136865167172058,0.065,0.05731203120296897,0.04528832934303776,0.07928467152525658,0.05924459062740714
Enh390_MEF2A,Enh390,ENSG00000068305,1,0.0108645395047706,0.0136294578925746,0.001,0.0012224574099880784,0.0020282382938013165,0.0081067561837064,0.009540496239472358
Enh391_MEF2A,Enh391,ENSG00000068305,1,0.1740949254733612,0.338790037346219,0.346,0.26904400719137705,0.432913398828102,0.19696567818403202,0.4730865699121975
Enh393_TUFM,Enh393,ENSG00000178952,0,0.0867873497096536,0.0631205191542102,0.033,0.036012867738098545,0.031507835626547895,0.03690038661987383,0.02224276269760901
Enh394_BCL7C,Enh394,ENSG00000099385,0,0.0247600445888841,0.0212441483818045,0.277,0.2196486183377055,0.14594289936708268,0.007718897401673471,0.00635841335173688
Enh394_CD2BP2,Enh394,ENSG00000169217,0,0.0264845965292721,0.022507893045363,0.002,0.0021741352153798023,0.003465446118008502,0.014731834181747979,0.013377350248984907
Enh394_RNF40,Enh394,ENSG00000103549,0,0.0575394080411736,0.0439685180489596,0.011,0.007270314311075097,0.00937588960089032,0.042558821625910945,0.03395766660521001
Enh394_SEPHS2,Enh394,ENSG00000179918,0,0.0542700726404947,0.0437188054070357,0.036,0.0328155095106169,0.0335867772319254,0.04834266617599475,0.04289858044660938
Enh394_STX4,Enh394,ENSG00000103496,0,0.0153870525846164,0.0146999980320618,0.008,0.005725027335933982,0.007960031316510146,0.006343205056582996,0.005726650493625951
Enh394_VKORC1,Enh394,ENSG00000167397,0,0.0088112175424893,0.0093758319937152,0.0,1.7339737768865494e-06,1.0243840114567026e-05,0.012943121762443444,0.012249358573668809
Enh395_ELOB,Enh395,ENSG00000103363,0,0.0071886722500658,0.0088193822189839,0.0,3.901780365034957e-06,1.7672971106825e-05,0.019115122288845356,0.023437175045857468
Enh395_SRRM2,Enh395,ENSG00000167978,0,0.0081682371798032,0.0108937734453475,0.002,0.0019783222684577485,0.002924890569135651,0.014665621260356887,0.018546238102119566
Enh395_TNFRSF12A,Enh395,ENSG00000006327,0,0.0239052277413479,0.0236107535279588,0.023,0.020402896755080432,0.02044116469251202,0.057581727425459625,0.05495390443018944
Enh396_ELOB,Enh396,ENSG00000103363,0,0.0095919601583642,0.0105887032100002,0.01,0.012335686400242084,0.014682917051588713,0.018138185307161686,0.017438437447644423
Enh396_HCFC1R1,Enh396,ENSG00000103145,0,0.0442045142441164,0.0372840740207049,0.08,0.0717157307513795,0.059713368222833754,0.019417437608988473,0.015180586138208134
Enh396_SRRM2,Enh396,ENSG00000167978,0,0.0091847704539552,0.0105228437028035,0.006,0.0047397206479308385,0.006026242240048193,0.011046838457099861,0.011774470304009646
Enh396_TNFRSF12A,Enh396,ENSG00000006327,0,0.0298783480354949,0.0260262006647737,0.019,0.015245614680093278,0.016099349963572027,0.045768965032545725,0.036621970861218385
Enh397_DNAJA2,Enh397,ENSG00000069345,0,0.0344421973705335,0.0285480637854768,0.0,1.7339737768865494e-06,9.277578135405793e-06,0.028140903414830252,0.023833496245523056
Enh397_VPS35,Enh397,ENSG00000069329,0,0.021292160451954,0.0199975000468623,0.0,6.680262126068075e-07,5.804348303582358e-06,0.01092001107972032,0.0103995466765966
Enh398_DNAJA2,Enh398,ENSG00000069345,0,0.0380067188759554,0.0358256310127602,0.001,0.0020404501315090836,0.0032760463340771955,0.03276694113026793,0.02784719493246402
Enh398_VPS35,Enh398,ENSG00000069329,0,0.0218890394741473,0.0239916586738125,0.0,2.9814997077690255e-06,1.7050820907648503e-05,0.011304345736501818,0.01187057760590984
Enh3_RHOC,Enh3,ENSG00000155366,0,0.0023402740359886,0.0036278120881774,0.03,0.02631554774456124,0.025513003830317228,0.0050665276139154865,0.007978360064265276
Enh400_OGFOD1,Enh400,ENSG00000087263,0,0.0490403520659949,0.0539927005216037,0.001,0.000843083603523765,0.0014691066505825045,0.018027346667159987,0.018837306617211915
Enh401_OGFOD1,Enh401,ENSG00000087263,0,0.0514594888032902,0.0491587981931304,0.0,1.3956201815369262e-06,5.778614856119538e-06,0.014911474034763878,0.012162618299805805
Enh402_HERPUD1,Enh402,ENSG00000051108,0,0.0123637657790899,0.0153199664273853,0.07,0.06306165783903335,0.05352433380485025,0.007890819052759965,0.009166955249388731
Enh402_OGFOD1,Enh402,ENSG00000087263,0,0.0264621054973622,0.0267829393105159,0.0,9.957927500507358e-07,5.005475075797994e-06,0.00998806923797887,0.00927604994828906
Enh403_ARL2BP,Enh403,ENSG00000102931,0,0.023058033428893,0.0233947631284756,0.012,0.011684533843502527,0.013869036801223563,0.01322002013576625,0.013921391792072838
Enh404_ARL2BP,Enh404,ENSG00000102931,0,0.2446042786130913,0.2076516856383557,0.058,0.05879191453928347,0.05340517138517239,0.12631859458980488,0.08322081174399018
Enh405_ARL2BP,Enh405,ENSG00000102931,0,0.2159939533627821,0.1065743342636997,0.076,0.07407596493043278,0.047360674967088415,0.06859135105696466,0.02386410974831278
Enh406_ARL2BP,Enh406,ENSG00000102931,1,0.1953271843623608,0.1354759951382667,0.074,0.081257890768864,0.07302167884202118,0.06982490101271599,0.04261716773131129
Enh406_CIAPIN1,Enh406,ENSG00000005194,0,0.1184137813780869,0.056790101752575,0.003,0.003459374960395805,0.003333342252726294,0.11162708701211618,0.04653884055299998
Enh406_FAM192A,Enh406,ENSG00000172775,0,0.0968752754396909,0.0587287085559913,0.004,0.00452842755211163,0.005185762864626986,0.027789736726432653,0.015292131234543411
Enh406_HERPUD1,Enh406,ENSG00000051108,0,0.0313596272904928,0.0247970382040301,0.141,0.13486870680658233,0.0992578073134083,0.014055278298317134,0.01043235811820078
Enh406_POLR2C,Enh406,ENSG00000102978,0,0.1101638228907899,0.0709441486262895,0.002,0.0034605250881467797,0.004480543546472151,0.12140648673700301,0.07273094711953174
Enh406_RSPRY1,Enh406,ENSG00000159579,0,0.1047232807404568,0.0588127590634985,0.007,0.011285790045172255,0.011269965538052555,0.07924913947229666,0.040751309778067075
Enh407_ARL2BP,Enh407,ENSG00000102931,0,0.1188730927895393,0.0857753412433023,0.025,0.023284795215658648,0.022358900333255213,0.052930141406209656,0.03791189137238108
Enh407_CIAPIN1,Enh407,ENSG00000005194,0,0.0683950762490348,0.0603445881924325,0.001,0.0005814205205144025,0.0010714901194092213,0.11039363637504275,0.09556571240994989
Enh407_COQ9,Enh407,ENSG00000088682,0,0.0719148968450534,0.0650094466030984,0.028,0.01953779908567331,0.020645792830620832,0.389923777026199,0.3708840775972072
Enh407_FAM192A,Enh407,ENSG00000172775,0,0.0560788476933014,0.0503859171025656,0.001,0.0005814205205144025,0.0010723681605904424,0.02703459963581233,0.02381221776004586
Enh407_HERPUD1,Enh407,ENSG00000051108,0,0.0173858800696965,0.0207018130721862,0.037,0.0336732930661359,0.03269484703876166,0.009751739906944149,0.011795468875713694
Enh407_POLR2C,Enh407,ENSG00000102978,0,0.0628049163377337,0.0569555145720877,0.002,0.0013550557282384955,0.0022495108249309414,0.09885997379879993,0.07923464548266562
Enh407_RSPRY1,Enh407,ENSG00000159579,0,0.0597307135737356,0.0536048672566576,0.0,6.680262126068075e-07,6.165872753298818e-06,0.04794565970083718,0.037597413571656385
Enh408_CKLF,Enh408,ENSG00000217555,0,0.0217132719418711,0.0237111145996264,0.001,0.0020404501315090836,0.0035863419954319338,0.009597610139251278,0.010987698144589726
Enh408_TK2,Enh408,ENSG00000166548,0,0.0215710110877175,0.0215761806232765,0.001,0.0007733817775325208,0.001262431104530911,0.004933508776847163,0.0053676518946555035
Enh409_ATP6V0D1,Enh409,ENSG00000159720,0,0.0115815522206642,0.0129534420252168,0.005,0.004745269490871058,0.005965061397626658,0.003988324957809066,0.0040663669451661034
Enh409_CES2,Enh409,ENSG00000172831,0,0.1063240757566081,0.0847985523546302,0.025,0.02209844004234266,0.02264579715433375,0.03833993213786788,0.029424746448001835
Enh409_CIAO2B,Enh409,ENSG00000166595,0,0.0730538064760721,0.0578530377444299,0.011,0.010077515371549252,0.011517052322907896,0.03146106333821998,0.022848099057859683
Enh409_DYNC1LI2,Enh409,ENSG00000135720,0,0.0204358321142305,0.0205460525144896,0.0,3.0393753866253288e-06,1.2227380424105513e-05,0.010133419729993598,0.010749458870156006
Enh409_TK2,Enh409,ENSG00000166548,0,0.0138566193224483,0.0165027401468725,0.002,0.0019783222684577485,0.0029464892815771874,0.0023712732015955394,0.002605358244252471
Enh409_TMEM208,Enh409,ENSG00000168701,0,0.0323860057527842,0.0292943958702318,0.0,5.756159089489331e-06,3.1935204170148634e-05,0.01092139352209318,0.008337247920644537
Enh40_SERTAD4-AS1,Enh40,ENSG00000203706,0,0.2680467054253642,0.0346946641357395,0.197,0.17630515104683334,0.04655152531596932,0.1360479392444406,0.014026015257750669
Enh40_SYT14,Enh40,ENSG00000143469,0,0.0169558534364306,0.0122083998701015,0.202,0.17983195253968318,0.12888992782617345,0.01989258614952675,0.016137750845464063
Enh40_UTP25,Enh40,ENSG00000117597,0,0.0123143500487086,0.0100679833638834,0.002,0.004831695742202178,0.006545509494716785,0.00537118729733092,0.004451585869727016
Enh410_CYB5B,Enh410,ENSG00000103018,0,0.1775494010004966,0.0646958788860608,0.006,0.009311322873208263,0.010064589823364925,0.06216216868473805,0.01650760253517909
Enh410_NFAT5,Enh410,ENSG00000102908,0,0.0112951146014293,0.0077649186840265,0.0,5.756159089489331e-06,3.201364770764995e-05,0.002118548657756962,0.001300818428211964
Enh410_NIP7,Enh410,ENSG00000132603,0,0.0251714330786495,0.0154787088317222,0.004,0.00475727821561892,0.006086154943476737,0.020095509210444378,0.029806295908799338
Enh410_NOB1,Enh410,ENSG00000141101,0,0.0065244287300427,0.0057297750931917,0.0,3.0393753866253288e-06,1.2494320715258998e-05,0.003459545648741986,0.007104050079987368
Enh410_NQO1,Enh410,ENSG00000181019,0,0.0025202313326805,0.0021025165010816,0.049,0.043946165577664974,0.040518268455840244,0.0021329311412032455,0.0030020772350548832
Enh410_SNTB2,Enh410,ENSG00000168807,0,0.0090607521470129,0.0066292625443455,0.0,3.0393753866253288e-06,1.1598134642404456e-05,0.0035698966251311174,0.006013863657628952
Enh410_TERF2,Enh410,ENSG00000132604,0,0.1583767793000956,0.0692097631290285,0.04,0.03834056428849833,0.03500868886376499,0.15473192262285196,0.07089300189089837
Enh410_UTP4,Enh410,ENSG00000141076,0,0.0087483831694902,0.007287473946738,0.0,1.3956201815369262e-06,5.88060674424015e-06,0.18151682762416527,0.2033446778664905
Enh410_VPS4A,Enh410,ENSG00000132612,0,0.0147162065211301,0.0099741623130827,0.005,0.007322360837100706,0.009777403601452432,0.00284990369004085,0.0016879411976966764
Enh411_NFAT5,Enh411,ENSG00000102908,0,0.111143955151614,0.082696729553392,0.164,0.13319557760961623,0.09190696509778923,0.039487349054396506,0.02264795753997848
Enh411_SNTB2,Enh411,ENSG00000168807,0,0.0221137745899951,0.0276921781204284,0.016,0.014723967297208925,0.01708559196676135,0.0158490849439326,0.025307294131296086
Enh411_TERF2,Enh411,ENSG00000132604,0,0.1176090297183067,0.0954693390625131,0.033,0.026315892145656647,0.025135986162299145,0.10058578350413566,0.06827554214792986
Enh411_VPS4A,Enh411,ENSG00000132612,0,0.0368340605440696,0.0388768186059239,0.008,0.00820122165282497,0.01056601827162517,0.011917601236752534,0.0098636444552013
Enh412_CYB5B,Enh412,ENSG00000103018,0,0.1057652650288373,0.0602939974871418,0.001,0.0015934925603484594,0.0025930524601479243,0.049104487759378326,0.022949912297958126
Enh412_NFAT5,Enh412,ENSG00000102908,0,0.0913154398602142,0.0647128232023053,0.104,0.08678762490281978,0.07745159909298596,0.03513214442066719,0.01916963751005741
Enh412_NIP7,Enh412,ENSG00000132603,0,0.0396422231486887,0.0298002888178445,0.003,0.0031815802877819955,0.004548818671190347,0.04616539884668121,0.050300006685943005
Enh412_NOB1,Enh412,ENSG00000141101,0,0.0264100419549706,0.0206027570641257,0.002,0.0021955604526400323,0.0032518970909748623,0.024835330705857913,0.025961756339088572
Enh412_NQO1,Enh412,ENSG00000181019,0,0.0106370206977907,0.0079581096387387,0.123,0.09692916319834456,0.07305896198302948,0.016245484261872476,0.013015756228035831
Enh412_SNTB2,Enh412,ENSG00000168807,0,0.0177157886110011,0.0157361318844513,0.001,0.0011645147406368758,0.0019896321557655093,0.011379423925407653,0.014218093484011653
Enh412_TERF2,Enh412,ENSG00000132604,0,0.0956497339954376,0.0620704050623855,0.013,0.010718996697685161,0.012794670542576138,0.07613532812780167,0.0441778292124387
Enh412_VPS4A,Enh412,ENSG00000132612,0,0.0295621920671408,0.021784198454438,0.12,0.09921484308807185,0.07576319007018348,0.010478235388010418,0.005627512231464376
Enh413_AP1G1,Enh413,ENSG00000166747,0,0.0085054997114245,0.0102140883055652,0.0,4.0621097465124596e-07,2.501811644767486e-06,0.0028434065049687974,0.0037533035156206568
Enh413_IST1,Enh413,ENSG00000182149,0,0.0078137173647444,0.0096974199278901,0.0,4.0621097465124596e-07,2.545180578930351e-06,0.004506999162150815,0.0057900002585645795
Enh414_CMIP,Enh414,ENSG00000153815,0,0.0048408558307589,0.0027151399540464,0.033,0.043297637996806644,0.027439545089731083,0.0030655221173529414,0.0017118395163231636
Enh414_MPHOSPH6,Enh414,ENSG00000135698,0,0.0144050412739822,0.0129200462796717,0.002,0.004076685189329521,0.00567424042860379,0.004837241611004071,0.003343922558256869
Enh414_PLCG2,Enh414,ENSG00000197943,0,0.0873333605859806,0.0367324856576307,0.194,0.17405436583633752,0.11373851957575008,0.04428688550014931,0.018384510736332495
Enh415_CARHSP1,Enh415,ENSG00000153048,0,0.0602766683963106,0.0408027442509011,0.194,0.17405436583633752,0.13590370839707927,0.032282146272748544,0.02370110812986348
Enh415_USP7,Enh415,ENSG00000187555,0,0.1195963242135356,0.0772375603093787,0.072,0.07953722418976884,0.05926097815634036,0.05754188622884382,0.03427347879611906
Enh416_CARHSP1,Enh416,ENSG00000153048,0,0.0086381777486056,0.0090103369600438,0.012,0.01367527301555022,0.014260340664187906,0.005561876916950858,0.0052979090951043445
Enh416_USP7,Enh416,ENSG00000187555,0,0.1566941383534765,0.1949747400352778,0.088,0.07703222901331795,0.10509878125770303,0.0695773711284904,0.09625512847654825
Enh418_PAFAH1B1,Enh418,ENSG00000007168,0,0.067158589122717,0.0466633317331702,0.024,0.030644943708829062,0.02816322956119051,0.016435529968573316,0.008930194277672035
Enh418_TSR1,Enh418,ENSG00000167721,0,0.0068069652154596,0.0081158248760153,0.0,5.695657897268426e-06,2.1253301896255826e-05,0.0011733186911241785,0.002287799789931474
Enh419_FLOT2,Enh419,ENSG00000132589,0,0.005487565290191,0.0064768676435711,0.002,0.003421706829250328,0.0045492597094261246,0.0015507896820678034,0.0035288379182323295
Enh419_NUFIP2,Enh419,ENSG00000108256,0,0.0132182853964508,0.0149683891381136,0.034,0.03692670971350775,0.038117590417692915,0.003082635455993629,0.006561751040474681
Enh419_RAB34,Enh419,ENSG00000109113,0,0.0027623293628222,0.0036328877890001,0.1,0.09250901370257852,0.07180966993498385,0.0015597469359771366,0.0020897082861413767
Enh419_RPL23A,Enh419,ENSG00000198242,0,0.0011774260134693,0.001959687373356,0.002,0.003421706829250328,0.004770664523684492,0.0011006402295750185,0.002742725583391232
Enh419_TAOK1,Enh419,ENSG00000160551,0,0.0074631193159607,0.0087508808944182,0.0,8.315749413280378e-06,4.458381261474893e-05,0.0012593283409992268,0.001056568392303963
Enh41_UTP25,Enh41,ENSG00000117597,0,0.014338203030382,0.0191380526028449,0.004,0.005288491760187157,0.0071594344514249305,0.009587219327551579,0.012061345943959934
Enh420_NUFIP2,Enh420,ENSG00000108256,0,0.1655430569016095,0.3644074926438096,0.043,0.039117193077657854,0.09290638010360484,0.08538308473991768,0.1879442263163572
Enh420_TAOK1,Enh420,ENSG00000160551,0,0.0625542549339852,0.0561200762986188,0.003,0.0047726024959219545,0.0069353423272338335,0.020515088399291965,0.014191650085203124
Enh421_BLMH,Enh421,ENSG00000108578,1,0.1849804483907069,0.1444460552495159,0.044,0.04415200382467557,0.057533175712951495,0.5698780932821976,0.5670087792966804
Enh421_GOSR1,Enh421,ENSG00000108587,0,0.0684057268191292,0.0485882082594962,0.004,0.006436781197253342,0.00896922485168275,0.027079131160052148,0.01916790462255691
Enh421_NSRP1,Enh421,ENSG00000126653,0,0.0296341361504829,0.0229589585224601,0.0,6.605720743558276e-06,3.324819877944855e-05,0.028064407569430072,0.01829337285217071
Enh421_SSH2,Enh421,ENSG00000141298,0,0.0186707756953481,0.0156722677133853,0.01,0.01117863784417852,0.012547362074309999,0.017074919710818676,0.018808698484308054
Enh422_PAFAH1B1,Enh422,ENSG00000007168,0,0.0187128602646925,0.0182571218098014,0.006,0.007085072646291103,0.008527743829901293,0.011289655374479016,0.010676749118083055
Enh423_COPRS,Enh423,ENSG00000172301,0,0.0312571162817486,0.016828057125997,0.016,0.019388682017981978,0.018736642133359127,0.017195534372718212,0.0083352382619591
Enh423_NF1,Enh423,ENSG00000196712,0,0.0196928961576847,0.0132942825388313,0.001,0.0015651969645143887,0.002510806801422657,0.0055127281153659145,0.003529215727907604
Enh423_SUZ12,Enh423,ENSG00000178691,0,0.025178894168305,0.0158401013995269,0.034,0.0364363313244596,0.03357249483414639,0.0073415066371956906,0.003987142520186832
Enh423_UTP6,Enh423,ENSG00000108651,0,0.0339377907345027,0.0210676565898928,0.0,3.901780365034957e-06,1.7560377266355984e-05,0.023124682753725218,0.012879079815858374
Enh424_COPRS,Enh424,ENSG00000172301,0,0.051479492888772,0.0385059584235435,0.05,0.05552935447088936,0.0489684544586865,0.027518752080169042,0.01859760270809624
Enh424_SUZ12,Enh424,ENSG00000178691,0,0.0370588738459996,0.030451564340228,0.03,0.036713823293296734,0.03658536840031795,0.01309084996075831,0.00832808523468972
Enh425_COPRS,Enh425,ENSG00000172301,0,0.3911952678953869,0.0937992318208202,0.158,0.12856915937228328,0.03684839550017659,0.23106361028043174,0.03257889435902563
Enh427_CCL2,Enh427,ENSG00000108691,1,0.8913629944084164,0.9999968363093824,0.955,0.9331108942680019,0.9999841296661941,0.9599754253949686,0.9999998307921072
Enh428_PSMB3,Enh428,ENSG00000277791,0,0.0561088630119345,0.0696653592429678,0.0,6.605720743558276e-06,3.225496261270507e-05,0.06283583148344461,0.07064241933948112
Enh428_RPL19,Enh428,ENSG00000108298,0,0.011050094950963,0.0188054406406775,0.0,6.605720743558276e-06,3.361160550322365e-05,0.028508697677653454,0.043245023999772064
Enh428_RPL23,Enh428,ENSG00000125691,0,0.2580320022075653,0.2136898476398814,0.066,0.06266684856575788,0.05095331609866061,0.5297509523366287,0.41103338289618335
Enh429_CDK12,Enh429,ENSG00000167258,0,0.0696499984969004,0.0418066972444797,0.002,0.0019783222684577485,0.002668171518841675,0.01506588112705357,0.007983626507598228
Enh429_MED1,Enh429,ENSG00000125686,0,0.0694516430414723,0.0486630829284064,0.002,0.0037916023378162375,0.005769381948649449,0.04192272614054073,0.031705971879845654
Enh429_MIEN1,Enh429,ENSG00000141741,0,0.0428792113272301,0.0302597048615928,0.002,0.002573463265070071,0.003761669286421739,0.01633492211904897,0.011718359460151206
Enh429_PSMD3,Enh429,ENSG00000108344,0,0.0199312839308578,0.0161034477172498,0.0,3.901780365034957e-06,1.74019785836956e-05,0.008440161566863775,0.005790046654506375
Enh429_RPL19,Enh429,ENSG00000108298,0,0.0054001703549205,0.0045333893063846,0.0,7.4710433999781855e-06,3.5416545434535056e-05,0.010115383216032245,0.005594538482185027
Enh42_UTP25,Enh42,ENSG00000117597,0,0.0223890208993577,0.0170153637992898,0.0,7.4710433999781855e-06,3.692911290046594e-05,0.0077155966774493144,0.005032018288441078
Enh430_CASC3,Enh430,ENSG00000108349,0,0.0128632152076227,0.0108149045798292,0.0,2.1902043502750537e-06,1.3150104693093045e-05,0.005388435083179771,0.0038516848985161783
Enh430_CDK12,Enh430,ENSG00000167258,0,0.0219029304566115,0.0173117668343257,0.002,0.0016584794026083395,0.002637289247447279,0.005833609770241384,0.004305424774330615
Enh430_MED1,Enh430,ENSG00000125686,0,0.0228109012173458,0.0168664217305178,0.002,0.0029032673484948456,0.0043220730697049094,0.017327384149260112,0.013416771821761748
Enh430_MIEN1,Enh430,ENSG00000141741,0,0.2808904491919116,0.1819827867402308,0.108,0.08577564166929919,0.08954772989894351,0.16419741355164932,0.0983630169792438
Enh430_MSL1,Enh430,ENSG00000188895,0,0.0155205405101395,0.0129488172957549,0.001,0.000843083603523765,0.0014616646495670055,0.008456371884393476,0.006809434415057437
Enh430_PSMD3,Enh430,ENSG00000108344,0,0.0315458462762545,0.0227637021447476,0.002,0.0017740307375069553,0.002892348002966337,0.014175947148402129,0.007641318356677695
Enh430_WIPF2,Enh430,ENSG00000171475,0,0.0121638810731689,0.0105501321981855,0.001,0.0011645147406368758,0.0019685708074462286,0.0029298432101007178,0.003410937419593475
Enh431_KPNB1,Enh431,ENSG00000108424,0,0.009698685479519,0.0105174933044006,0.0,2.1902043502750537e-06,1.3499932427446839e-05,0.013935557526461088,0.017827562672477867
Enh431_NPEPPS,Enh431,ENSG00000141279,0,0.005416403391528,0.0074326711265048,0.001,0.0011645147406368758,0.002021690807403464,0.0007364811243579623,0.0014490046222013916
Enh432_CBX1,Enh432,ENSG00000108468,0,0.0053868503961429,0.0083074922234132,0.001,0.001430221262431737,0.0023859460973989065,0.0021596209367989025,0.003985336782206112
Enh432_COPZ2,Enh432,ENSG00000005243,0,0.0075719347568104,0.011306286952383,0.024,0.024426798441040558,0.02437135054287971,0.002683168344275524,0.004570517800646532
Enh432_KPNB1,Enh432,ENSG00000108424,0,0.0527188014754134,0.0553416803740493,0.002,0.0026564335132884336,0.004455581358422085,0.04455530156596229,0.057681601234198764
Enh432_NFE2L1,Enh432,ENSG00000082641,0,0.0041249153753554,0.0066845679639519,0.1,0.08305152559069537,0.06758019748158621,0.006206817535141253,0.010197354834486142
Enh432_NPEPPS,Enh432,ENSG00000141279,0,0.0047317730215468,0.0079534584938634,0.0,3.619147799836051e-06,2.1523350902013942e-05,0.0007764924638771227,0.002094767670497549
Enh433_CBX1,Enh433,ENSG00000108468,0,0.0418965528934314,0.0325990162659297,0.011,0.007897299507584067,0.009832143037309693,0.0246467833007146,0.020079387057757057
Enh433_COPZ2,Enh433,ENSG00000005243,0,0.1150112942594433,0.0894407979568797,0.449,0.37579088565976604,0.26457523872164557,0.05976775874971465,0.048942484110107494
Enh433_KPNB1,Enh433,ENSG00000108424,0,0.0058725490451334,0.0067265848195995,0.0,6.680262126068075e-07,6.102692242736578e-06,0.004839242334802297,0.005780913619906767
Enh433_NFE2L1,Enh433,ENSG00000082641,0,0.0599956250824936,0.0460483627104387,0.085,0.06391868645458673,0.0573018823622378,0.09528839176498162,0.07248017527010187
Enh433_NPEPPS,Enh433,ENSG00000141279,0,0.0023254133417917,0.0029490057593562,0.0,4.7259798358504007e-07,2.6492617821516785e-06,0.0003720998205284171,0.0007961368323496517
Enh434_CBX1,Enh434,ENSG00000108468,0,0.0115447308718701,0.0154711528727237,0.001,0.0007032640451791812,0.0015734279044018924,0.004476324435811894,0.0055809676627229365
Enh434_COPZ2,Enh434,ENSG00000005243,0,0.0376238818724184,0.0472823444648568,0.426,0.35397263807218654,0.2632693608517216,0.012138980290001388,0.014469553576930385
Enh434_KPNB1,Enh434,ENSG00000108424,0,0.0026972644895824,0.0047051157845012,0.0,6.680262126068075e-07,6.2152484332640075e-06,0.0019024061822501372,0.0030660369797895996
Enh434_NFE2L1,Enh434,ENSG00000082641,0,0.0218108584747023,0.024837671760164,0.056,0.040861595116835445,0.03913277480157803,0.0560745181880237,0.06084875370320254
Enh434_NPEPPS,Enh434,ENSG00000141279,0,0.0028749963703888,0.0049552054403019,0.013,0.008809646283590666,0.010408239479122863,0.0007246787179953312,0.0016824113162845602
Enh435_CBX1,Enh435,ENSG00000108468,0,0.0077193464863851,0.0107523136775347,0.006,0.007085072646291103,0.008556406499303865,0.0016360615121799164,0.003924824654860614
Enh435_COPZ2,Enh435,ENSG00000005243,0,0.0356138370355988,0.0543805693136302,0.276,0.22485326999450037,0.2049852717557597,0.006152293628701226,0.018280162634832564
Enh435_KPNB1,Enh435,ENSG00000108424,0,0.0016055106856123,0.0032308172753725,0.0,2.9814997077690255e-06,1.6661013516461142e-05,0.0006305508050091135,0.002195818353526274
Enh435_NFE2L1,Enh435,ENSG00000082641,0,0.0170639778911132,0.0207537004150681,0.048,0.03914332427392862,0.03610316437225409,0.0340155611006978,0.04851593610136195
Enh436_CBX1,Enh436,ENSG00000108468,0,0.0141445943784058,0.0135125588619911,0.006,0.008530496564911668,0.011230015321961122,0.008546210211233097,0.008532712423691085
Enh436_COPZ2,Enh436,ENSG00000005243,0,0.0706852940683786,0.0410397651630052,0.255,0.203410992071616,0.1262198388261611,0.032811814733175515,0.016001208469390866
Enh436_KPNB1,Enh436,ENSG00000108424,0,0.0025692487888483,0.0032729922585223,0.004,0.00607378181911764,0.008315092641306898,0.0032311379448169398,0.004878375016101579
Enh436_NFE2L1,Enh436,ENSG00000082641,0,0.0295910264402782,0.0236278899866898,0.083,0.07006322403903407,0.06295313224738142,0.09407912568949751,0.08336668674632476
Enh437_ATP5MC1,Enh437,ENSG00000159199,0,0.0209674076343138,0.0215569991602876,0.01,0.012335686400242084,0.015033427852409539,0.027155361142215985,0.022205184229021263
Enh437_CALCOCO2,Enh437,ENSG00000136436,0,0.0300050727860557,0.0294622981153689,0.002,0.0028282044938169365,0.004502733524446844,0.009937528468278306,0.010802709776072313
Enh437_IGF2BP1,Enh437,ENSG00000159217,0,0.0677055907894166,0.0627669331996598,0.01,0.007951659506727896,0.010080562698694753,0.04040379253380471,0.03863517156111672
Enh437_PHB,Enh437,ENSG00000167085,0,0.0507234489248633,0.0429170195197519,0.001,0.001430221262431737,0.002476171694068278,0.038998373715612565,0.025324943837255882
Enh437_SNF8,Enh437,ENSG00000159210,0,0.0421418254953272,0.0361443778049551,0.006,0.007085072646291103,0.00874863079845509,0.022703279040083717,0.014927088929412455
Enh437_UBE2Z,Enh437,ENSG00000159202,0,0.0337786066046958,0.0316565751999492,0.009,0.012593136983654184,0.014547365833269054,0.020028242296066777,0.015694539175237443
Enh438_ATP5MC1,Enh438,ENSG00000159199,0,0.0236019449137552,0.0194170580186308,0.015,0.0174844615924112,0.020163800990220138,0.02602901199569873,0.015967524922656854
Enh438_CALCOCO2,Enh438,ENSG00000136436,0,0.0337474911894117,0.0281541952707525,0.001,0.0015411159017377633,0.0029472419676559083,0.0078076686209524225,0.007421868224782723
Enh438_IGF2BP1,Enh438,ENSG00000159217,0,0.0756812782593106,0.0572276604535398,0.009,0.007146539476168786,0.00940681697340216,0.03549412784175832,0.029487722255311998
Enh438_PHB,Enh438,ENSG00000167085,0,0.0571385928927648,0.0392119992623571,0.007,0.008130366820189487,0.010330017885321377,0.043968691522371324,0.026225771933903068
Enh438_SNF8,Enh438,ENSG00000159210,0,0.0472888980986662,0.0348023038925452,0.005,0.006020774273321559,0.00828622511776412,0.025524072325445738,0.016513521512928824
Enh438_UBE2Z,Enh438,ENSG00000159202,0,0.0379563188307575,0.028563156459766,0.006,0.009004193080391774,0.011260153686070327,0.016194491495391154,0.009846594959321324
Enh439_COL1A1,Enh439,ENSG00000108821,0,0.0083490237872732,0.0097905260530436,0.037,0.03802724818170438,0.03541070919318519,0.01877281003312382,0.026295467315865576
Enh439_ITGA3,Enh439,ENSG00000005884,1,0.156405019412926,0.2061155138526544,0.55,0.451069619987684,0.45809056999389575,0.1244803892157093,0.18001783042835443
Enh439_LRRC59,Enh439,ENSG00000108829,0,0.0099436866800368,0.0126303541930586,0.0,3.619147799836051e-06,2.195387053653309e-05,0.004256123123765449,0.005180853023481425
Enh439_MRPL27,Enh439,ENSG00000108826,0,0.0117649897748447,0.0147606161681307,0.006,0.009004193080391774,0.011559132955592728,0.01111898920356909,0.013542009334321219
Enh439_SLC35B1,Enh439,ENSG00000121073,0,0.0157377697637096,0.019279063391435,0.081,0.07760236527738956,0.06563199764294535,0.018677573596032757,0.033115066657508005
Enh43_CDC42,Enh43,ENSG00000070831,0,0.0461182991059461,0.0341685206957843,0.008,0.008793536931581483,0.010035440631993306,0.06934549385371652,0.044684157469830954
Enh43_HSPG2,Enh43,ENSG00000142798,0,0.033329792353923,0.0256883044969585,0.045,0.03883057954537336,0.031982932344777504,0.007877499757492426,0.00501660674299008
Enh43_USP48,Enh43,ENSG00000090686,0,0.0197499988648694,0.0200418762596924,0.003,0.0036865130490640182,0.004959063568927941,0.005299656469447101,0.00563901028122559
Enh441_MRC2,Enh441,ENSG00000011028,0,0.0124240379073752,0.0129346346125905,0.21,0.16301649023132114,0.1123604574151843,0.006600374228313666,0.007212109528877296
Enh442_DDX5,Enh442,ENSG00000108654,0,0.0030875527664267,0.0044892181049805,0.033,0.03281154836761248,0.031240691323910254,0.009042317272473203,0.010738162119216962
Enh442_SMURF2,Enh442,ENSG00000108854,0,0.0075868087863248,0.0094438597285696,0.015,0.014583381638503815,0.015756788317107254,0.007786189504763535,0.010118333648456561
Enh443_C17orf49,Enh443,ENSG00000258315,0,0.0599025782877848,0.0571839676369137,0.208,0.17212535553710306,0.138538670349516,0.023848490934697406,0.02051955636962947
Enh443_CTDNEP1,Enh443,ENSG00000175826,0,0.0149722207402065,0.0165325308682364,0.0,2.9814997077690255e-06,1.71390441930689e-05,0.004746568186348608,0.004628930363948433
Enh443_GABARAP,Enh443,ENSG00000170296,0,0.0066180513957349,0.007691499259213,0.031,0.025071970261512255,0.024733478687689072,0.010534537772060367,0.012635707721927751
Enh443_MED31,Enh443,ENSG00000108590,0,0.1493410925966113,0.1357767955611971,0.234,0.1885727422187891,0.16455261512386593,0.06750273904467177,0.06332564525314478
Enh443_PHF23,Enh443,ENSG00000040633,0,0.012903088099137,0.0157165561190084,0.003,0.003815589913421519,0.005905145261197576,0.0029365882443341176,0.003731351309136234
Enh443_RNASEK,Enh443,ENSG00000219200,0,0.026982478749724,0.0244490988960765,0.206,0.17594620423854623,0.1368371917560907,0.04487694612468857,0.0375252938873577
Enh443_TXNDC17,Enh443,ENSG00000129235,0,0.0858455683879652,0.0666964667494114,0.008,0.010180709377305894,0.013386346570202138,0.09330239681975867,0.05586528020218441
Enh444_RPL38,Enh444,ENSG00000172809,0,0.0130957088906613,0.015101505655263,0.001,0.0019074204190627816,0.0030900837172485305,0.033308829969097134,0.03730428790884682
Enh445_MXRA7,Enh445,ENSG00000182534,0,0.0371685970473626,0.037918173519997,0.025,0.0195961893029105,0.020135327453417676,0.049276100926911585,0.04732010463261818
Enh445_SEC14L1,Enh445,ENSG00000129657,0,0.0126001777508852,0.0171886574275042,0.016,0.014723967297208925,0.016430081177942684,0.006757595249546559,0.00867557220121003
Enh445_SEPTIN9,Enh445,ENSG00000184640,0,0.0088512059961608,0.0126142235781892,0.01,0.011680773201294842,0.013325324375377291,0.006008683419054849,0.007944367604353957
Enh445_SNHG16,Enh445,ENSG00000163597,0,0.0178245370191909,0.0230419091043895,0.0,2.094923461404673e-06,1.0318368557994013e-05,0.009189452392767224,0.011151643832806472
Enh445_SRSF2,Enh445,ENSG00000161547,0,0.0842190688380265,0.0757304137077886,0.003,0.0024639313751563027,0.003523757878355211,0.0335333697013799,0.02853381498201349
Enh446_SEPTIN9,Enh446,ENSG00000184640,0,0.0115168622031944,0.0143056076134303,0.035,0.039278705710924434,0.03698415041637632,0.005629136576166402,0.006588373503842637
Enh446_SYNGR2,Enh446,ENSG00000108639,0,0.0043646824816733,0.0051999281422674,0.034,0.03174068188215526,0.029445786568066682,0.00131718598370047,0.0022681637372904623
Enh447_SYNGR2,Enh447,ENSG00000108639,0,0.0046100342524376,0.0059383617465911,0.03,0.028399080706586016,0.028487718425871788,0.0015358460648006694,0.002783391472717865
Enh448_SOCS3,Enh448,ENSG00000184557,1,0.658884021294533,0.6267907439618775,0.9,0.8851537885684213,0.8835866223340011,0.9999148192572942,0.9999234816200171
Enh448_SYNGR2,Enh448,ENSG00000108639,0,0.00290538404335,0.0028530752982962,0.013,0.01455840412384929,0.015240897819441426,0.0005489838374746074,0.0007002136152954983
Enh448_USP36,Enh448,ENSG00000055483,0,0.0138876439635223,0.0121627592898008,0.0,2.9814997077690255e-06,1.7415706513689795e-05,0.004406189594514311,0.0049901229670373795
Enh449_TIMP2,Enh449,ENSG00000035862,1,0.5929402443400954,0.7449798975313281,0.86,0.8392534698906385,0.8611187395097869,0.7422647073251343,0.7842458328250418
Enh44_CDC42,Enh44,ENSG00000070831,0,0.0575591230001399,0.0579246902460286,0.0,5.695657897268426e-06,2.1847684962165024e-05,0.09262696632459437,0.09003977777064735
Enh44_HSPG2,Enh44,ENSG00000142798,0,0.0344949156311714,0.0328422757924394,0.05,0.048192486862287776,0.03920446943667432,0.011275037632933155,0.010756158031285568
Enh44_USP48,Enh44,ENSG00000090686,0,0.021290672758047,0.0255784126929465,0.005,0.007390511131068168,0.008931638084931408,0.007713205405216559,0.008496905664169774
Enh450_CANT1,Enh450,ENSG00000171302,0,0.1538825657087618,0.0865309986825694,0.108,0.08276055266528745,0.06900615076545309,0.29823666030948287,0.19251304449531229
Enh450_LGALS3BP,Enh450,ENSG00000108679,0,0.2378170887680396,0.1282614229751253,0.47,0.4120682432681807,0.2956710980824609,0.17876422147275928,0.11526199160365207
Enh450_TIMP2,Enh450,ENSG00000035862,1,0.5806835174082888,0.3172016142221965,0.917,0.9056550441890758,0.7884488188344148,0.637092902979388,0.3629920268126008
Enh450_USP36,Enh450,ENSG00000055483,0,0.1190695888916691,0.0666804921485952,0.014,0.01007772157057675,0.011859666274703133,0.0846244917198469,0.04478558114902639
Enh451_VAPA,Enh451,ENSG00000101558,0,0.0432919878932059,0.0454077203406093,0.0,3.0393753866253288e-06,1.2495751546446102e-05,0.024576701703163735,0.023014606693194346
Enh452_NAPG,Enh452,ENSG00000134265,0,0.1285938203435256,0.1243696929674949,0.024,0.01934936075415006,0.023918542707852954,0.06240308478225758,0.05718206916847588
Enh455_AFG3L2,Enh455,ENSG00000141385,0,0.0155679677217004,0.019168806049571,0.006,0.006095973957544442,0.007862436276872728,0.009517662364153825,0.012330059791625875
Enh455_IMPA2,Enh455,ENSG00000141401,1,0.3132234379585374,0.1936230012024367,0.131,0.10203051972118783,0.07171806959223448,0.9982365234485061,0.9976677148234383
Enh455_TUBB6,Enh455,ENSG00000176014,0,0.0159627672376129,0.0200047809382347,0.008,0.00798557399669779,0.010000462320759513,0.023996260491400467,0.028804619300406696
Enh456_AFG3L2,Enh456,ENSG00000141385,0,0.0135410557566768,0.0119854295357809,0.006,0.007509905208632837,0.009426423253262506,0.008069407876631112,0.005885754250996453
Enh456_CHMP1B,Enh456,ENSG00000255112,0,0.0629313132680899,0.0401186679268881,0.008,0.007805398303116552,0.009490674180024018,0.040310314955146906,0.023859375142923113
Enh456_TUBB6,Enh456,ENSG00000176014,0,0.0127634234896898,0.0106628573977672,0.004,0.005288491760187157,0.0070670554736688524,0.019462343197251174,0.014762519452379136
Enh45_PARP1,Enh45,ENSG00000143799,0,0.0266447047040271,0.0228473672611818,0.0,1.9181491370496346e-06,7.842457742390552e-06,0.0056571728523237465,0.0042655788764609254
Enh463_KDSR,Enh463,ENSG00000119537,0,0.0048177513142692,0.0064786413969814,0.005,0.005797655948490242,0.007072236512153404,0.0009530769282789862,0.0018225936070054257
Enh463_VPS4B,Enh463,ENSG00000119541,0,0.0044294814593236,0.0063817035108188,0.0,3.0393753866253288e-06,1.203543957342177e-05,0.0008188673552757054,0.001725664666808355
Enh464_CARM1,Enh464,ENSG00000142453,0,0.0056374141174908,0.0056002277635524,0.001,0.0028028451196375815,0.00409776299324154,0.004048883518211868,0.00423747096628392
Enh464_CDC37,Enh464,ENSG00000105401,0,0.0052783273202198,0.005318759462128,0.0,5.695657897268426e-06,2.194406713621675e-05,0.0024673964428892077,0.004921761899987388
Enh464_DNMT1,Enh464,ENSG00000130816,0,0.0041847796603257,0.0045163528639695,0.038,0.043191997925589726,0.03934359240087484,0.0017922890678866235,0.0020509356301611718
Enh464_EIF3G,Enh464,ENSG00000130811,0,0.0025462232642686,0.002965031103724,0.0,1.9181491370496346e-06,7.688412066887365e-06,0.0027608238953530425,0.0029502088892942252
Enh464_FDX2,Enh464,ENSG00000267673,0,0.005259459501143,0.0055281968972566,0.0,5.695657897268426e-06,2.233796373608749e-05,0.0006935649715761939,0.0012262617617945428
Enh464_ILF3,Enh464,ENSG00000129351,0,0.0179409996995238,0.0143869552793519,0.002,0.0023667511633707343,0.0034016354912393782,0.011443292574733373,0.009464564327378376
Enh464_SLC44A2,Enh464,ENSG00000129353,0,0.1064081971524705,0.0296523160832079,0.156,0.14069526020100848,0.057455822955546416,0.015017334365551716,0.0020131354831343963
Enh464_SMARCA4,Enh464,ENSG00000127616,0,0.0040966629055637,0.0043533291581477,0.003,0.004902208502882066,0.006457529562843708,0.0018134792567317114,0.0020370673705118474
Enh464_YIPF2,Enh464,ENSG00000130733,0,0.0053144961734265,0.0055283689179276,0.002,0.003421706829250328,0.004746973781477711,0.0009638932538997056,0.0019237541865689818
Enh465_CNN1,Enh465,ENSG00000130176,1,0.8191418168572088,0.9251948559766838,0.681,0.5402871131664866,0.735428729040565,0.49568500204910204,0.7662894451582906
Enh465_PRKCSH,Enh465,ENSG00000130175,0,0.0632372151551044,0.0480725028490285,0.007,0.011285790045172255,0.012752683844931218,0.020628039599379484,0.010867365531654115
Enh466_CALR,Enh466,ENSG00000179218,0,0.0569548765627885,0.0416227058568422,0.023,0.020535641715017372,0.020528644939417404,0.0969259379828524,0.07411706994664242
Enh466_FARSA,Enh466,ENSG00000179115,0,0.1129826291522722,0.0888447754301186,0.043,0.03832832324728804,0.036245537981979485,0.051718513184465145,0.035344083943041574
Enh466_GADD45GIP1,Enh466,ENSG00000179271,0,0.1333792350386535,0.100316103252934,0.048,0.0403904800953421,0.04102232696138723,0.21983320615866964,0.16428937756489637
Enh466_GET3,Enh466,ENSG00000198356,0,0.0135044788505038,0.0152781880132659,0.0,4.020519762748885e-06,2.167177915654073e-05,0.009157471290316698,0.008742019146947395
Enh466_IER2,Enh466,ENSG00000160888,1,0.0291726628198166,0.027042156889973,0.002,0.0016584794026083395,0.0025188084941543992,0.01425261956366943,0.01220143989890433
Enh466_NACC1,Enh466,ENSG00000160877,0,0.0650880151468237,0.0509495018470391,0.0,1.2010675376333993e-06,6.648155973482891e-06,0.09916056351608744,0.0711522969859499
Enh466_NFIX,Enh466,ENSG00000008441,0,0.3925375522747464,0.2637119486200396,0.199,0.15334045103441502,0.12146626098051624,0.21946645697039854,0.12949296026215384
Enh466_PRDX2,Enh466,ENSG00000167815,0,0.0163262970146339,0.0169898502640851,0.003,0.0041233469591232304,0.005985693882254025,0.0302853538780386,0.030358336164266638
Enh466_RAD23A,Enh466,ENSG00000179262,0,0.1095251259202191,0.0879812375166224,0.018,0.014200277705647782,0.01670908758643622,0.08623466675487486,0.06635272365344355
Enh466_TRIR,Enh466,ENSG00000123144,0,0.0030542484847916,0.0044270149043419,0.005,0.004277494247123212,0.005877889853227929,0.005510089995728431,0.0062352386126278475
Enh466_WDR83OS,Enh466,ENSG00000105583,0,0.007324001647702,0.0082608367567694,0.021,0.016515979023485786,0.016993130413242928,0.0150051169877619,0.015491562767797491
Enh466_ZNF791,Enh466,ENSG00000173875,0,0.0129921337193416,0.0147724102543947,0.029,0.023227115319991172,0.022738032207920315,0.005380583623823007,0.005215517278809556
Enh467_CALR,Enh467,ENSG00000179218,0,0.057765514112965,0.0502031973751377,0.014,0.0175403637246531,0.017841454874893012,0.0987962075071305,0.09660734704968905
Enh467_DHPS,Enh467,ENSG00000095059,0,0.0203954007675522,0.02316895181112,0.001,0.0019101558533684833,0.0028977074469196964,0.10183006054430917,0.1585518234225619
Enh467_DNASE2,Enh467,ENSG00000105612,0,0.0635435089714121,0.0639023173757957,0.013,0.020937396542094897,0.023380132948905497,0.04767309141590791,0.05185473323861323
Enh467_FARSA,Enh467,ENSG00000179115,0,0.1050281233699736,0.0874952923500391,0.021,0.027503871047941872,0.027643063057003318,0.03577161264816613,0.02223551800206007
Enh467_GADD45GIP1,Enh467,ENSG00000179271,0,0.1286694288790817,0.1021254578044152,0.034,0.03692670971350775,0.03389756751397353,0.20338533622294291,0.17532020599981166
Enh467_GET3,Enh467,ENSG00000198356,0,0.0144974110914622,0.0174344233345177,0.0,1.2194296304552184e-05,4.674166342589398e-05,0.009661298256718015,0.011573224559150675
Enh467_IER2,Enh467,ENSG00000160888,0,0.0309114546626147,0.0336343436669559,0.006,0.006618587744641534,0.008089861188847273,0.021751597114099172,0.024354996711821876
Enh467_NACC1,Enh467,ENSG00000160877,0,0.06912819420814,0.0622849338922614,0.0,5.009391333501727e-06,2.1676298733086256e-05,0.11074745989199997,0.0962033482390434
Enh467_NFIX,Enh467,ENSG00000008441,0,0.4375553866973069,0.3047570421496918,0.343,0.2708215609591758,0.1885799802729418,0.27859219422796294,0.16504038401732854
Enh467_PRDX2,Enh467,ENSG00000167815,0,0.0186632277106609,0.0231245418139179,0.041,0.05127440950263026,0.04870666969473188,0.03507171312378314,0.040349222449759185
Enh467_RAD23A,Enh467,ENSG00000179262,0,0.1057916335912137,0.0871944330213092,0.01,0.0106756441535773,0.011870790293184478,0.11897212966448657,0.10090283246158928
Enh467_STX10,Enh467,ENSG00000104915,0,0.0437226695876984,0.0428792469036941,0.073,0.07023223416393105,0.05846261813907594,0.03701678495478221,0.04333655667940576
Enh467_TRIR,Enh467,ENSG00000123144,0,0.0033121021117176,0.0044582100368536,0.0,5.009391333501727e-06,2.2998702355005985e-05,0.006563048277199869,0.008227638289362816
Enh467_WDR83OS,Enh467,ENSG00000105583,0,0.0094928223771017,0.0119424755738104,0.025,0.025169434847633707,0.02412651928140087,0.026427801559145533,0.03118762730545401
Enh467_ZNF791,Enh467,ENSG00000173875,0,0.014221147305222,0.0170422584383413,0.055,0.05927363953229883,0.05031372339727877,0.005040086119301878,0.005655203797073735
Enh468_CALR,Enh468,ENSG00000179218,0,0.0149637540920596,0.0117531993715664,0.001,0.0013919594878539845,0.002212921620096358,0.023229610916811427,0.017897056871699187
Enh468_FARSA,Enh468,ENSG00000179115,0,0.0356403540010146,0.0274416580108164,0.002,0.0033972890919814177,0.005291930253621916,0.012749278451091292,0.009267811911763518
Enh468_GADD45GIP1,Enh468,ENSG00000179271,0,0.0208536450729925,0.0151420406363121,0.014,0.014441052041193305,0.015537499371898689,0.029561829401682994,0.019497781023336363
Enh468_GET3,Enh468,ENSG00000198356,0,0.0123370585811457,0.0107172164135175,0.0,7.4710433999781855e-06,3.501251206789762e-05,0.005571408221553272,0.0038602283078575383
Enh468_IER2,Enh468,ENSG00000160888,0,0.3865517440736175,0.0514310985798797,0.154,0.12801156381896261,0.03562318418564072,0.23896827621602035,0.017756057876644197
Enh468_NACC1,Enh468,ENSG00000160877,0,0.2108397764251978,0.1156495492851455,0.169,0.1363080355672794,0.09692455558201896,0.33115406718869395,0.1941112144881497
Enh468_NFIX,Enh468,ENSG00000008441,0,0.0419618081749575,0.0288692643551024,0.405,0.31207585912449387,0.22354221927173798,0.012716987081506153,0.008282627022169902
Enh468_PRDX2,Enh468,ENSG00000167815,0,0.0113565389093095,0.0097410009177285,0.009,0.012967365888825398,0.015027737246222686,0.017679508177386706,0.013343666297100421
Enh468_RAD23A,Enh468,ENSG00000179262,0,0.0254333898118861,0.0204233011813497,0.001,0.0010207019076495676,0.0016798354715652321,0.012980526194864133,0.009161755666996861
Enh468_STX10,Enh468,ENSG00000104915,0,0.4971270756315823,0.2456836158355083,0.354,0.272343822431838,0.18071236701400015,0.4665441881312714,0.25174342470414146
Enh468_TRIR,Enh468,ENSG00000123144,0,0.0024573053070285,0.0025246435569597,0.0,3.901780365034957e-06,1.8444506882360526e-05,0.004683510727930988,0.004051381362607567
Enh468_WDR83OS,Enh468,ENSG00000105583,0,0.0064521969765061,0.0056603681601847,0.026,0.022944224569284362,0.022156534131609958,0.0092842128429216,0.007793541972600164
Enh469_CALR,Enh469,ENSG00000179218,0,0.0157931342997394,0.0144519496256687,0.0,4.7259798358504007e-07,2.7649170302958006e-06,0.021726245213104425,0.019260845844623304
Enh469_DNASE2,Enh469,ENSG00000105612,0,0.0231232042379246,0.0208640833086325,0.002,0.0021741352153798023,0.0035252806374099907,0.018919770208600292,0.01853615260199549
Enh469_FARSA,Enh469,ENSG00000179115,0,0.0264354540309478,0.0217895478134973,0.013,0.009350077255145323,0.011255477212968087,0.01083710822908378,0.008417692039317953
Enh469_GADD45GIP1,Enh469,ENSG00000179271,0,0.0214669786834715,0.0194507820352957,0.052,0.03758346654204838,0.03627585440445861,0.027159426178770714,0.02326432830162884
Enh469_GET3,Enh469,ENSG00000198356,0,0.009545755030752,0.0100928674131184,0.0,1.7339737768865494e-06,1.0248150504292144e-05,0.005069525841266525,0.005310726878061892
Enh469_IER2,Enh469,ENSG00000160888,0,0.3562378529274909,0.4653430811402276,0.093,0.07042088033467837,0.13656530283579554,0.21545571015293535,0.3089748339058333
Enh469_NACC1,Enh469,ENSG00000160877,0,0.1633240444143375,0.1075570960183521,0.058,0.04504389482570259,0.04411467667444847,0.3045362068950764,0.19291416956852414
Enh469_NFIX,Enh469,ENSG00000008441,0,0.0344315700727732,0.0262652343962027,0.272,0.2223141227711533,0.15852401713974373,0.00929510020076718,0.008614538094058852
Enh469_PRDX2,Enh469,ENSG00000167815,0,0.0111590550446114,0.0115465175246397,0.005,0.0051372628576362355,0.007133404021697211,0.016797477113585223,0.01549943914235163
Enh469_RAD23A,Enh469,ENSG00000179262,0,0.0226097926595207,0.018133267534554,0.002,0.001205905421111876,0.0018851540535978536,0.013336784559345944,0.010502641784919657
Enh469_STX10,Enh469,ENSG00000104915,0,0.4217470464800325,0.249234079612054,0.238,0.19183417103642753,0.14864062991832047,0.40715345131798303,0.2908186666393816
Enh469_TRIR,Enh469,ENSG00000123144,0,0.0021179849633096,0.0027153512197725,0.001,0.0006605797335826881,0.0012415148306660186,0.003083564213204465,0.0034810439520662198
Enh469_WDR83OS,Enh469,ENSG00000105583,0,0.0062603805942625,0.0069194460050981,0.04,0.028541487672964928,0.027864924088547755,0.008585247256034675,0.008766580916964875
Enh46_CDC42BPA,Enh46,ENSG00000143776,0,0.0259796298828646,0.0172111180573473,0.001,0.0009117979346929358,0.001469162986797643,0.013076628196274252,0.0067803029496161975
Enh470_C19orf53,Enh470,ENSG00000104979,0,0.0390664902252918,0.0390725972350215,0.299,0.2321700944438446,0.16521107738726637,0.06694908622789009,0.06280604294487653
Enh471_AC020916.1,Enh471,ENSG00000267519,1,0.8233876683888125,0.928639474781018,0.975,0.9622312692690382,0.973303217376193,0.9630015701183059,0.9910104291442174
Enh471_C19orf53,Enh471,ENSG00000104979,0,0.0710029703430874,0.0515639214350817,0.378,0.29121862460078407,0.19599061247671717,0.1105795199172264,0.07175199545189016
Enh471_PRKACA,Enh471,ENSG00000072062,0,0.0328949171108254,0.0343263770871083,0.038,0.029571732993649485,0.030479454931930997,0.012896417507244014,0.013424817294730135
Enh472_AC020916.1,Enh472,ENSG00000267519,1,0.7281402355475247,0.6600051111420617,0.891,0.8834281435953223,0.7863248384762318,0.965061153681051,0.9568233710248297
Enh472_C19orf53,Enh472,ENSG00000104979,0,0.0696480802330614,0.0798077764981379,0.235,0.196932706201116,0.14366023106638148,0.1648398951842163,0.1751880973017465
Enh473_AC020916.1,Enh473,ENSG00000267519,1,0.7759327746009113,0.7792127452149422,0.978,0.9654580373061648,0.9488835740481909,0.9692306457371245,0.977953067717642
Enh473_C19orf53,Enh473,ENSG00000104979,0,0.0652572728765771,0.0489355818218173,0.323,0.25266976368856564,0.16727044680724668,0.10424189285088986,0.06623454808758608
Enh473_PRKACA,Enh473,ENSG00000072062,0,0.0398504659225912,0.0420379460384822,0.029,0.025474379734882466,0.02567138925099046,0.013380501385504968,0.012931636714441174
Enh474_AC020916.1,Enh474,ENSG00000267519,1,0.6988131677098258,0.5642885923672274,0.842,0.8193940951973742,0.6728564503660082,0.9417147494018919,0.8977209051050726
Enh474_C19orf53,Enh474,ENSG00000104979,0,0.0960920717148027,0.0983527992977527,0.329,0.2590704144229276,0.18562052009176636,0.18560542241354377,0.15928151324455897
Enh475_AC020916.1,Enh475,ENSG00000267519,1,0.6415483505272574,0.9941781750349156,0.966,0.948275925113429,0.9982038612663711,0.9021654591900746,0.9995679919231316
Enh475_C19orf53,Enh475,ENSG00000104979,0,0.0752648612766614,0.0459765882464741,0.491,0.3860319771221556,0.25878980332101276,0.1021147015076368,0.052718180558365434
Enh475_PRKACA,Enh475,ENSG00000072062,0,0.0399433011020953,0.0276757109423242,0.04,0.03909259638787831,0.03440422198849902,0.01177349167684197,0.007623983267223788
Enh475_RFX1,Enh475,ENSG00000132005,0,0.0618851356928199,0.0426124318574132,0.075,0.0821145854736296,0.07001204359799441,0.03699225286885253,0.025998053326917403
Enh476_AP1M1,Enh476,ENSG00000072958,0,0.0677618370431134,0.0629147820137185,0.036,0.030989366922940017,0.03176449722621639,0.03357420362302066,0.03708617987686739
Enh476_FAM32A,Enh476,ENSG00000105058,0,0.035501603448774,0.0320175881609514,0.029,0.026689024728129715,0.0265698379293848,0.035288605083795985,0.033211441396302985
Enh476_RAB8A,Enh476,ENSG00000167461,0,0.0272014977742211,0.0271281906971793,0.009,0.007206607543281541,0.008566820218837676,0.010854792784496409,0.010218422938396783
Enh476_SMIM7,Enh476,ENSG00000214046,0,0.0088953192842975,0.0114478484192009,0.012,0.011313343806813174,0.01318416462596211,0.0034302535359682306,0.004518198136966598
Enh476_TPM4,Enh476,ENSG00000167460,0,0.0064380229246647,0.0073268831328006,0.012,0.009924424990833363,0.011776790499789282,0.015834799578586658,0.018728176700674087
Enh477_BABAM1,Enh477,ENSG00000105393,0,0.0125794369506263,0.0124884130727082,0.0,1.7339737768865494e-06,1.0022068450990486e-05,0.005648492922416304,0.005581230021418698
Enh477_DDA1,Enh477,ENSG00000130311,0,0.0087580910328796,0.0092996912250726,0.0,6.680262126068075e-07,6.202376510078352e-06,0.0044318347972572315,0.004433607163267148
Enh477_MRPL34,Enh477,ENSG00000130312,0,0.0107160639506377,0.0112876331000716,0.0,5.147562662811493e-07,3.4111519864807354e-06,0.003204387927591125,0.00396072711557916
Enh477_MYO9B,Enh477,ENSG00000099331,0,0.0257974462603813,0.0233449649224039,0.024,0.017898706023944163,0.019913859034286153,0.01080370016395137,0.008783991471855634
Enh477_NR2F6,Enh477,ENSG00000160113,0,0.0036904537355797,0.0043782287752787,0.023,0.015976578420743244,0.017281576602538838,0.00076459289851102,0.0015564863170518912
Enh477_SIN3B,Enh477,ENSG00000127511,0,0.805603718498259,0.6441902627653747,0.202,0.16027380424352253,0.1509015631350898,0.8378290003095904,0.720728909468793
Enh477_SLC35E1,Enh477,ENSG00000127526,0,0.029304851815881,0.0242044333046005,0.002,0.0021741352153798023,0.003389373695064633,0.01718725461916652,0.014955582090795309
Enh477_SMIM7,Enh477,ENSG00000214046,0,0.0411135565296823,0.0319315297572137,0.014,0.009516962705952309,0.011123155128082065,0.012206733842731179,0.010798991983597198
Enh477_USE1,Enh477,ENSG00000053501,0,0.0200040996253228,0.0181783500783383,0.024,0.017898706023944163,0.018959500936562138,0.03476845462015193,0.02720947995422568
Enh478_CCDC124,Enh478,ENSG00000007080,0,0.1220071710279055,0.1543589566045232,0.026,0.02637575481518959,0.05729112652649121,0.04253957779171214,0.0721843433381435
Enh478_LSM4,Enh478,ENSG00000130520,0,0.0160377605409241,0.0149407553082997,0.002,0.0019783222684577485,0.0028073320937980354,0.004121211161719511,0.0035117797970156267
Enh478_PGLS,Enh478,ENSG00000130313,0,0.0170677109802735,0.0165644085479016,0.006,0.006814449519233382,0.008470139494584009,0.004021401697977642,0.0044087742053987656
Enh478_PIK3R2,Enh478,ENSG00000105647,0,0.0482401769929246,0.0404232574001047,0.005,0.00802233291442151,0.010307891404230085,0.02035525830514109,0.017692188289612804
Enh478_RPL18A,Enh478,ENSG00000105640,0,0.0299882996618922,0.0183600217452446,0.0,3.901780365034957e-06,1.5920399704108702e-05,0.056890045043166936,0.03966014975294113
Enh479_AP3D1,Enh479,ENSG00000065000,0,0.0039050342205692,0.0045190515630509,0.031,0.030786878911563394,0.02879495338294123,0.0023507852764007137,0.0028117442947486306
Enh479_LSM7,Enh479,ENSG00000130332,0,0.0060329324482861,0.0066590023470132,0.0,1.2194296304552184e-05,4.6619926691716014e-05,0.011792325929797324,0.013131701339662826
Enh479_OAZ1,Enh479,ENSG00000104904,0,0.0027480993784052,0.0033941590538357,0.0,1.2194296304552184e-05,4.537289651592611e-05,0.00859484768459693,0.009950940850269478
Enh479_TIMM13,Enh479,ENSG00000099800,0,0.0136192405767644,0.0132235230528981,0.003,0.005669458808377428,0.008401871434587996,0.0060114840298840155,0.006217404207942985
Enh47_RAB4A,Enh47,ENSG00000168118,0,0.0210681352251363,0.0211297182598692,0.004,0.00452842755211163,0.005898333343123982,0.008118440703221957,0.008109049043343386
Enh47_RNF187,Enh47,ENSG00000168159,0,0.0141314852722223,0.0141740843828324,0.002,0.003421706829250328,0.0047982451941378035,0.0035684974737948258,0.004178530100819237
Enh480_AP3D1,Enh480,ENSG00000065000,0,0.0136724136219587,0.0147095116053503,0.028,0.021902111081909075,0.02261509103446117,0.0049652322725961305,0.004849988831302489
Enh480_LSM7,Enh480,ENSG00000130332,0,0.0264984674262374,0.0258517571535447,0.007,0.008580817547425571,0.011353578092047786,0.03421022783545503,0.03252026791442694
Enh480_OAZ1,Enh480,ENSG00000104904,0,0.0110825688673979,0.0106890450220389,0.0,4.020519762748885e-06,2.1630462813722545e-05,0.022585564342228418,0.01677776417012841
Enh480_PLEKHJ1,Enh480,ENSG00000104886,0,0.027257746308082,0.0263614008648431,0.001,0.0015934925603484594,0.0027285550237552683,0.022496474770662314,0.02500700389387351
Enh480_TIMM13,Enh480,ENSG00000099800,0,0.0692897882046875,0.0543376461880771,0.0,2.1902043502750537e-06,1.399079388146796e-05,0.07095534846291399,0.061189990673735394
Enh481_AP3D1,Enh481,ENSG00000065000,0,0.013782465768183,0.0155288060165975,0.044,0.03416651678688341,0.032549390110161544,0.005066544053340913,0.005201004109289404
Enh481_LSM7,Enh481,ENSG00000130332,0,0.0266699172243348,0.0261262034837794,0.004,0.005288491760187157,0.007374096818241436,0.034609478584661686,0.03337437004963003
Enh481_OAZ1,Enh481,ENSG00000104904,0,0.0111641700976729,0.0119819840654051,0.002,0.0029032673484948456,0.004565537561140087,0.022867040879878762,0.019372054461153074
Enh481_TIMM13,Enh481,ENSG00000099800,0,0.0694313020107324,0.0542404649653673,0.008,0.00820122165282497,0.010268990274032119,0.06954291317167675,0.05914708573346303
Enh482_KIAA0355,Enh482,ENSG00000166398,0,0.0110959756709849,0.0105821514702425,0.0,5.695657897268426e-06,2.2154106945729357e-05,0.003899403783982906,0.004420969828052809
Enh482_LSM14A,Enh482,ENSG00000257103,0,0.0178441087383061,0.0156952153687867,0.002,0.004831695742202178,0.006590284250852054,0.008240291805747925,0.007211510267914231
Enh482_PEPD,Enh482,ENSG00000124299,0,0.0245736279485236,0.0197885166790093,0.036,0.035416746451671824,0.03278782754182282,0.025279256572853025,0.02039700806755689
Enh483_GPI,Enh483,ENSG00000105220,0,0.0340821072045375,0.0306685146934652,0.004,0.004933165167641809,0.006646581876466718,0.012030912723048386,0.010264973652657048
Enh483_KIAA0355,Enh483,ENSG00000166398,0,0.0551684492722701,0.0453488578178489,0.023,0.023988264451121212,0.02481828579406454,0.024405204131155423,0.01772143018934432
Enh483_LSM14A,Enh483,ENSG00000257103,0,0.1976399822531704,0.0997738865044028,0.023,0.027351468019043302,0.02128307566619246,0.062330217188545145,0.024690500428500597
Enh484_GPI,Enh484,ENSG00000105220,0,0.0293844905293975,0.0346233596828842,0.001,0.0018995747500998453,0.0032688195553348845,0.010796101750227554,0.009450493667982843
Enh484_KIAA0355,Enh484,ENSG00000166398,0,0.0467239938689958,0.0474356051874312,0.01,0.010716643156232603,0.011954945486694126,0.028842751182748434,0.023396611712581845
Enh484_LSM14A,Enh484,ENSG00000257103,0,0.176489184571682,0.1435416269689035,0.008,0.011778169059688625,0.013267685324925258,0.06811238413236172,0.04564824190877748
Enh485_GPI,Enh485,ENSG00000105220,0,0.0574517758686241,0.0412897953755789,0.006,0.0063024725126698995,0.008498980559401272,0.02315586881508217,0.012879263923962062
Enh485_KIAA0355,Enh485,ENSG00000166398,0,0.0230716428926518,0.0175714635039752,0.003,0.0031815802877819955,0.004288615422644142,0.011609303588060185,0.008639510538875792
Enh485_LSM14A,Enh485,ENSG00000257103,0,0.0200323257545795,0.0173558183388532,0.011,0.01268416670021196,0.014436741150692297,0.010998498153513541,0.008316411942296927
Enh485_UBA2,Enh485,ENSG00000126261,0,0.1773288322572339,0.1217135542920389,0.04,0.03169949730891449,0.034845580295264626,0.08126656028206451,0.04957823188542957
Enh486_ACTN4,Enh486,ENSG00000130402,0,0.0019487846527896,0.0022635175664091,0.001,0.0010207019076495676,0.001592021095601562,0.00477542453893043,0.0058754273601912665
Enh486_EIF3K,Enh486,ENSG00000178982,0,0.0028675632511722,0.0032831097546914,0.0,3.0393753866253288e-06,1.1817780740450179e-05,0.0013994220728803003,0.0022515684792749928
Enh486_HNRNPL,Enh486,ENSG00000104824,0,0.0090409562060504,0.0089294052569533,0.0,1.3956201815369262e-06,5.694561267205959e-06,0.00277041037948623,0.0025550796883345886
Enh486_MED29,Enh486,ENSG00000063322,0,0.0061941605815099,0.0067831278802567,0.008,0.008793536931581483,0.010303907691787993,0.001689795646364805,0.003573959810526228
Enh486_MRPS12,Enh486,ENSG00000128626,0,0.0120344205148372,0.010754756291071,0.005,0.00802233291442151,0.009953510704612997,0.006609188940907031,0.004931948338752846
Enh486_PAF1,Enh486,ENSG00000006712,0,0.0057662627120527,0.0062231524066459,0.0,3.0393753866253288e-06,1.1830211051453856e-05,0.0010783221125271183,0.002058625337323723
Enh486_RPS16,Enh486,ENSG00000105193,0,0.0014150312616388,0.001624952794966,0.0,3.0393753866253288e-06,1.1897279673241536e-05,0.0015605342168123022,0.0031082655439047136
Enh486_SAMD4B,Enh486,ENSG00000179134,0,0.0068746241417334,0.0069903178661112,0.001,0.0010207019076495676,0.001542040205041398,0.0029319244729859137,0.002888784741173189
Enh486_SUPT5H,Enh486,ENSG00000196235,0,0.0030894177873904,0.0034751417965141,0.0,3.0393753866253288e-06,1.1869037677769578e-05,0.001687481207971751,0.0026772593755992865
Enh486_TIMM50,Enh486,ENSG00000105197,0,0.0047736224304851,0.0053638399237451,0.0,3.901780365034957e-06,1.7402550526866075e-05,0.002092595095593921,0.002192863857747204
Enh487_ACTN4,Enh487,ENSG00000130402,0,0.0066123198109255,0.0047636902349445,0.001,0.000843083603523765,0.0013674834621774778,0.013157947423333064,0.008618377026571524
Enh487_ECH1,Enh487,ENSG00000104823,0,0.0245694949247542,0.0184208471160061,0.002,0.0016584794026083395,0.0026893914833314627,0.0257731604208757,0.019460756192045917
Enh487_EID2,Enh487,ENSG00000176396,0,0.0201062459828186,0.016140012155347,0.097,0.07756873090427538,0.06965583870137325,0.01894457891391026,0.020237781153315537
Enh487_EIF3K,Enh487,ENSG00000178982,0,0.0104977975218475,0.0080380628633545,0.001,0.0011645147406368758,0.0019726971455361337,0.008387257108948613,0.006374181273355275
Enh487_FBXO17,Enh487,ENSG00000269190,1,0.1173997985650061,0.1551038848538597,0.233,0.18065811444713378,0.2760104090318353,0.7409148420459591,0.8885065891129816
Enh487_HNRNPL,Enh487,ENSG00000104824,0,0.0266685407755973,0.0178429202422461,0.001,0.000843083603523765,0.0014459943404180138,0.007726824616124072,0.004753464529124035
Enh487_MED29,Enh487,ENSG00000063322,0,0.0234676362483394,0.0180617305158577,0.021,0.0188917621848627,0.021399947541618773,0.009357716735503658,0.009197317338659965
Enh487_MRPS12,Enh487,ENSG00000128626,0,0.0411012024250901,0.0265859327474396,0.006,0.007509905208632837,0.010040978995846024,0.023141516701432416,0.011125377562384338
Enh487_PAF1,Enh487,ENSG00000006712,0,0.0221241147336319,0.0163476588662321,0.001,0.0011645147406368758,0.002039394651311417,0.0064005582029331215,0.005592222931120199
Enh487_RPS16,Enh487,ENSG00000105193,0,0.0064026441169072,0.005089278267852,0.0,2.094923461404673e-06,1.0554947166963333e-05,0.007498971328665171,0.007050028611703083
Enh487_SAMD4B,Enh487,ENSG00000179134,0,0.0316485449662898,0.0210778734347964,0.0,9.957927500507358e-07,5.124927799227657e-06,0.011895570805356817,0.007572801361484982
Enh487_SIRT2,Enh487,ENSG00000068903,0,0.0411258066298222,0.0268794231697057,0.02,0.018981758312783096,0.02037351490373918,0.20682105234414622,0.174358080200191
Enh487_SUPT5H,Enh487,ENSG00000196235,0,0.0128650968000915,0.0099245469259706,0.0,2.094923461404673e-06,1.0545936067461777e-05,0.011329638049864707,0.008773611760321267
Enh487_TIMM50,Enh487,ENSG00000105197,0,0.0181861585813226,0.0134498638448498,0.001,0.0009117979346929358,0.0016841757647496805,0.006917478499906225,0.004363445979740138
Enh487_ZFP36,Enh487,ENSG00000128016,1,0.024497297353655,0.0173964075585876,0.247,0.19745388077737558,0.13664009134221863,0.759031608231348,0.7366309999402317
Enh488_EEF2,Enh488,ENSG00000167658,0,0.7266928558862458,0.6034851484508973,0.015,0.016054109661470996,0.023683159272076138,0.8934843544524304,0.8417255887947321
Enh488_MAP2K2,Enh488,ENSG00000126934,0,0.057774646632756,0.0576051999666066,0.045,0.0366487186532714,0.03413448337480859,0.02244421363691141,0.022040428078284574
Enh489_PSMC4,Enh489,ENSG00000013275,0,0.0121155992767899,0.0167171119371599,0.0,2.1902043502750537e-06,1.2873997029248772e-05,0.004886180340237278,0.005987453716938387
Enh489_SERTAD1,Enh489,ENSG00000197019,1,0.7142031128937969,0.6050200397719556,0.177,0.1373864806842588,0.1184733394395301,0.6015288425988056,0.51488314204704
Enh48_RAB4A,Enh48,ENSG00000168118,0,0.0217804801508901,0.01708780507717,0.011,0.007270314311075097,0.008863648040123536,0.007816022371327072,0.006600940170112835
Enh48_RNF187,Enh48,ENSG00000168159,0,0.0127678196520557,0.0109454686824198,0.005,0.003259800760635845,0.004539394601422803,0.0022315207411651374,0.0026650832068304767
Enh490_BLVRB,Enh490,ENSG00000090013,0,0.1912543556252915,0.2585462578184558,0.225,0.18443665261407707,0.31200018048709793,0.14013222353873764,0.2394034863203831
Enh490_PLD3,Enh490,ENSG00000105223,0,0.0883284553564861,0.0611348370009222,0.061,0.05853833084425647,0.05074699877139697,0.05034473002921593,0.029715250111267605
Enh490_PSMC4,Enh490,ENSG00000013275,0,0.0107233087881361,0.0107434970897128,0.006,0.007085072646291103,0.008761389095784956,0.0036216022965208827,0.0038675447859154184
Enh490_SNRPA,Enh490,ENSG00000077312,0,0.0187322297661529,0.0182789951806396,0.009,0.010175189558652644,0.01229747539420587,0.0086706442338106,0.012705391877507473
Enh491_BLVRB,Enh491,ENSG00000090013,0,0.0302445582531556,0.0298613219626713,0.093,0.07211416981359496,0.05607739990892912,0.02790457047841009,0.022373464354027255
Enh491_PLD3,Enh491,ENSG00000105223,0,0.017140264617163,0.0197427347425767,0.012,0.009924424990833363,0.011272050352020453,0.012591717828244822,0.011984456278306252
Enh492_AKT2,Enh492,ENSG00000105221,0,0.0267733418579933,0.0179982994805823,0.004,0.005207446207929593,0.007046529724448577,0.018844497052503784,0.011508525059516333
Enh492_BLVRB,Enh492,ENSG00000090013,0,0.030396760486457,0.0149574521601608,0.106,0.08992546828530475,0.06310804924842701,0.017857804965416134,0.007250648891731185
Enh492_EGLN2,Enh492,ENSG00000269858,0,0.0881996403575243,0.0429275119803854,0.182,0.1509675312293446,0.10985319216530393,0.11254765448641552,0.05951876837063274
Enh492_PLD3,Enh492,ENSG00000105223,0,0.0206005509209204,0.0130644044827029,0.034,0.033291193510764185,0.03172062159452038,0.00795928650430612,0.004803224884303545
Enh492_SERTAD1,Enh492,ENSG00000197019,0,0.037011305992174,0.0206427734463138,0.004,0.0038345963012397866,0.004718846453797989,0.014131502970236354,0.0076806764290754444
Enh492_SNRPA,Enh492,ENSG00000077312,0,0.1203266579217546,0.0512461172347481,0.029,0.031892649347518606,0.026977923552705233,0.10211865229338524,0.04754042315669061
Enh493_AP2S1,Enh493,ENSG00000042753,0,0.0041354373169925,0.0053991127007205,0.002,0.0012584147968223301,0.0021221461100650583,0.005268439964302675,0.007417024803361801
Enh494_AP2S1,Enh494,ENSG00000042753,0,0.49887841139018,0.4271687676463442,0.208,0.16312128822071895,0.16461209542536107,0.7090517677076051,0.6045129239251277
Enh494_ARHGAP35,Enh494,ENSG00000160007,0,0.2681872446256282,0.1309259956900828,0.441,0.33984610768007995,0.18045349508945838,0.061036863894946655,0.017107431079623328
Enh494_CALM3,Enh494,ENSG00000160014,0,0.0239849078417711,0.0263732498713939,0.001,0.0018995747500998453,0.0032990404681835033,0.0209889831842329,0.023332128935592195
Enh494_TMEM160,Enh494,ENSG00000130748,0,0.04463751343511,0.0475428128233559,0.056,0.05139012493579735,0.04683341829962086,0.015344019001134667,0.01558714593396649
Enh495_AP2S1,Enh495,ENSG00000042753,0,0.005099497683121,0.0063978500164031,0.003,0.001917308799738832,0.002966286995539676,0.0069248843362778485,0.008933123998710444
Enh495_C5AR2,Enh495,ENSG00000134830,1,0.0150877274817836,0.0146469110446317,0.196,0.16405819452513137,0.1258031696389483,0.9273228502832422,0.9643073885244828
Enh495_EHD2,Enh495,ENSG00000024422,0,0.0040794387504474,0.0051837992182195,0.108,0.08155700188319179,0.06744073607141024,0.004854565499703927,0.0065123435115511915
Enh495_NAPA,Enh495,ENSG00000105402,0,0.0094180881760576,0.009830445861022,0.001,0.0006605797335826881,0.0012072658991635408,0.005728143743438042,0.00615737476807062
Enh495_SAE1,Enh495,ENSG00000142230,0,0.0363585918900315,0.0320984503929139,0.001,0.0006128019333193777,0.0011635144037306954,0.011737580950179117,0.01409646766277394
Enh495_TMEM160,Enh495,ENSG00000130748,0,0.017455746501818,0.0183311162948503,0.046,0.03532154972667983,0.035764173403438994,0.008503760734936716,0.009495776443099978
Enh496_AP2S1,Enh496,ENSG00000042753,0,0.0056873904448254,0.0079372088244211,0.002,0.0021955604526400323,0.0033028292022185563,0.01565785889916654,0.020396527877309306
Enh496_ARHGAP35,Enh496,ENSG00000160007,0,0.002707108888821,0.0050586703299571,0.003,0.0033417456007639253,0.004940442947870611,0.0006923400167297291,0.0008598968755434633
Enh496_EHD2,Enh496,ENSG00000024422,0,0.0046540564551939,0.0072638970205826,0.006,0.005998770827289555,0.007911623462123988,0.01183865020865361,0.01718420187531153
Enh496_NAPA,Enh496,ENSG00000105402,0,0.0125557310932889,0.015821613553175,0.0,1.2010675376333993e-06,7.002950078241931e-06,0.00803318426516207,0.010797673805242408
Enh496_SAE1,Enh496,ENSG00000142230,0,0.0541615058061609,0.0615715181995219,0.0,2.094923461404673e-06,1.0974204402614523e-05,0.0369829789027762,0.042032059419419426
Enh496_TMEM160,Enh496,ENSG00000130748,0,0.0240705420113206,0.0288116838583144,0.045,0.03553195873555575,0.033765412906957164,0.012426819356756545,0.016719513520705085
Enh497_AP2S1,Enh497,ENSG00000042753,0,0.0096551507266348,0.0112113362232218,0.002,0.003421706829250328,0.004665256789122923,0.01444642034395766,0.015460214567538547
Enh497_EHD2,Enh497,ENSG00000024422,0,0.0079831344977641,0.0094646158194329,0.013,0.016482979284992663,0.017400285352326808,0.009631791345114993,0.011594282497391403
Enh497_NAPA,Enh497,ENSG00000105402,0,0.0200175753264856,0.0200123959174888,0.0,5.009391333501727e-06,2.2660515240622577e-05,0.010958851644238045,0.010655371583370866
Enh497_SAE1,Enh497,ENSG00000142230,0,0.0793625393951303,0.0741033168753191,0.0,5.695657897268426e-06,2.434158347216554e-05,0.03212032829805903,0.02713223928137649
Enh497_TMEM160,Enh497,ENSG00000130748,0,0.0368895176742274,0.0362184714333588,0.043,0.04801160423759376,0.0454217468651291,0.01584653190227305,0.01544037814745645
Enh498_AP2S1,Enh498,ENSG00000042753,0,0.0097875733999072,0.0096235269131499,0.001,0.0006128019333193777,0.001125506041059858,0.01293565485091415,0.011957490053663335
Enh498_ARHGAP35,Enh498,ENSG00000160007,0,0.0035299409588413,0.0037076054209425,0.001,0.0007032640451791812,0.0014085572936008528,0.0005859939517209676,0.0005631265482526134
Enh498_EHD2,Enh498,ENSG00000024422,0,0.0079683429398892,0.0078089478461332,0.04,0.028521811445913925,0.027218767298490515,0.009247282119791336,0.008775055851170221
Enh498_NAPA,Enh498,ENSG00000105402,0,0.0185292573190673,0.0154683786987935,0.0,5.147562662811493e-07,3.233762526009709e-06,0.006569863463928713,0.006421582881579316
Enh498_SAE1,Enh498,ENSG00000142230,0,0.0686067918351571,0.0826100378274445,0.0,4.7259798358504007e-07,4.183489989095686e-06,0.0222407744524828,0.029926778121613533
Enh498_SLC1A5,Enh498,ENSG00000105281,0,0.0151983716308506,0.0132540881303366,0.03,0.022590228741520085,0.022178779134941793,0.004271143686242281,0.00363462516319404
Enh498_STRN4,Enh498,ENSG00000090372,0,0.0175762680296835,0.0150757432575253,0.059,0.05229548676429298,0.04474949813921956,0.03872998690353271,0.03570242071306882
Enh498_TMEM160,Enh498,ENSG00000130748,0,0.0331517381664837,0.0254387102559233,0.071,0.0557190234448609,0.048453088791774915,0.009467927224856077,0.008567193040131916
Enh499_EHD2,Enh499,ENSG00000024422,0,0.0489393964801952,0.031616757959543,0.275,0.21932880212901273,0.1425322094186827,0.06814756672413513,0.035680681870525824
Enh499_NAPA,Enh499,ENSG00000105402,0,0.1024782794575258,0.0633940323023175,0.046,0.04587742637526717,0.0384271853419351,0.05174870596129484,0.02812843033882649
Enh499_SAE1,Enh499,ENSG00000142230,0,0.0148760446328601,0.0144247101982562,0.0,3.619147799836051e-06,2.1381602644601107e-05,0.0038692918329840537,0.004641227304066092
Enh499_SELENOW,Enh499,ENSG00000178980,0,0.0354609056598417,0.0264058701571674,0.006,0.009004193080391774,0.01089618168122038,0.049248984336443785,0.030530790643722775
Enh49_GALNT2,Enh49,ENSG00000143641,0,0.0135630187613178,0.0123532196968879,0.085,0.07390919460815293,0.06125749600302786,0.008920834131435632,0.008400679838520516
Enh4_CSDE1,Enh4,ENSG00000009307,0,0.0098286766124389,0.0150972500861129,0.0,5.147562662811493e-07,3.3288150407433723e-06,0.027734292849606688,0.032096564967835375
Enh500_ALKBH7,Enh500,ENSG00000125652,0,0.0088812158217103,0.0145722753193408,0.001,0.0012224574099880784,0.002268466377609858,0.0022125809627407183,0.00246234592672141
Enh500_CLPP,Enh500,ENSG00000125656,0,0.0084573575791897,0.013803414128879,0.0,2.094923461404673e-06,1.019171391099994e-05,0.002131252570253356,0.004786855778438578
Enh500_GTF2F1,Enh500,ENSG00000125651,0,0.0081084392282845,0.0120970917112136,0.0,1.2010675376333993e-06,7.132996506498881e-06,0.008567105513666528,0.011209045839377594
Enh500_KHSRP,Enh500,ENSG00000088247,0,0.0142216482390676,0.0193957723866042,0.056,0.04393742266163497,0.03760912897157199,0.007372989463338374,0.008961576581311788
Enh501_ALKBH7,Enh501,ENSG00000125652,0,0.0349850562729199,0.0346745765190221,0.01,0.01117863784417852,0.013623304008836185,0.009416044796300004,0.007969124570537164
Enh501_CLPP,Enh501,ENSG00000125656,0,0.0373801290532246,0.0349795262408608,0.003,0.004033778240373569,0.00591772851669506,0.014418589837908643,0.015823276198866712
Enh501_GPR108,Enh501,ENSG00000125734,0,0.0405589409204553,0.0430740179173342,0.042,0.040664468255005325,0.04123304166358004,0.12486618790981069,0.1449800691459822
Enh501_GTF2F1,Enh501,ENSG00000125651,0,0.0377085854571625,0.0336124129870442,0.001,0.0016983158109075732,0.0029572352116081085,0.028908574945295765,0.026899579109034566
Enh501_KHSRP,Enh501,ENSG00000088247,0,0.0593598935294336,0.0515648827366937,0.032,0.033557695435168546,0.03240934536946929,0.023450033748489512,0.0249542774811797
Enh501_SLC25A23,Enh501,ENSG00000125648,0,0.1255252860151014,0.1050032870800938,0.107,0.09536674136831044,0.08408015383321277,0.05060803003831314,0.05168420939299408
Enh501_TRIP10,Enh501,ENSG00000125733,0,0.0395360216119897,0.0400617702793702,0.03,0.02981710855712073,0.030594035605336422,0.032774364994875856,0.03446488969386412
Enh502_ALKBH7,Enh502,ENSG00000125652,0,0.043767248243075,0.0405679195080471,0.01,0.010060042515310388,0.012171042324764595,0.014356025020294908,0.010061926195734268
Enh502_CLPP,Enh502,ENSG00000125656,0,0.0455007007531919,0.040926030928475,0.002,0.0021955604526400323,0.0032806497523567074,0.018249335076017816,0.016145876097814437
Enh502_GTF2F1,Enh502,ENSG00000125651,0,0.0439000111172425,0.0368195100713815,0.002,0.0017740307375069553,0.00273836711645688,0.0379078511596541,0.030306438054081057
Enh502_KHSRP,Enh502,ENSG00000088247,0,0.0730062096328798,0.0561736754019785,0.039,0.030931837709838088,0.02747794151739811,0.031865687523426986,0.023354943939714847
Enh502_SLC25A23,Enh502,ENSG00000125648,0,0.1482104577248492,0.0592355555089355,0.089,0.06906816328823674,0.0315390883233052,0.06324992182771128,0.018733817430850636
Enh503_ARHGEF18,Enh503,ENSG00000104880,0,0.0306662817531318,0.0220750057975501,0.0,4.397005491117493e-06,2.9411614018084624e-05,0.057780656643321125,0.048647313498537084
Enh503_GPR108,Enh503,ENSG00000125734,0,0.014117033862421,0.0123403245399689,0.001,0.0015411159017377633,0.0029701475772436793,0.02106970030536424,0.02438452591111391
Enh503_MCOLN1,Enh503,ENSG00000090674,0,0.0218573350547285,0.0171559338036322,0.001,0.0020404501315090836,0.0035452161082373925,0.07566493257285395,0.07504920596380615
Enh503_PNPLA6,Enh503,ENSG00000032444,0,0.0197849960650879,0.0169177253605303,0.021,0.021680378744409298,0.025277912577667955,0.031278994847655284,0.03487157031076061
Enh503_TRIP10,Enh503,ENSG00000125733,0,0.0137805907214847,0.0104651232469266,0.003,0.003815589913421519,0.005251384546295476,0.007754482475696566,0.008400119660332253
Enh503_ZNF358,Enh503,ENSG00000198816,0,0.0185846155036551,0.0148370327155683,0.007,0.005540426793202375,0.007186119476630517,0.005940495833322163,0.0052524933197914
Enh504_CTXN1,Enh504,ENSG00000178531,0,0.0249689814055841,0.027102341619599,0.023,0.023515558068843343,0.023670015297473174,0.006336876412661691,0.006825989253081721
Enh504_ELAVL1,Enh504,ENSG00000066044,0,0.0526665749019588,0.0517496260776769,0.002,0.0015591928156385576,0.002378865097617916,0.015517483609636387,0.016416360916326457
Enh504_HNRNPM,Enh504,ENSG00000099783,0,0.0089114163953471,0.0111673353282462,0.0,3.619147799836051e-06,2.1567961354740967e-05,0.011327176904936412,0.014398104749983407
Enh504_NDUFA7,Enh504,ENSG00000267855,0,0.0325641503411367,0.034959248827006,0.007,0.010229246899324215,0.012805201820953082,0.01750211160355439,0.01741865502526153
Enh504_RAB11B,Enh504,ENSG00000185236,0,0.0157589617306646,0.0188114074555118,0.07,0.06373619131896922,0.05375722482686791,0.0035478887435467015,0.005590597954035507
Enh504_RPS28,Enh504,ENSG00000233927,0,0.013010716032467,0.0144575955462316,0.026,0.026237590329867055,0.026610258923956458,0.01902425295932699,0.02778744927197861
Enh504_TIMM44,Enh504,ENSG00000104980,0,0.0285134635233962,0.0303536743306517,0.0,4.397005491117493e-06,2.746834701616265e-05,0.010888817810165064,0.011290108061472045
Enh504_TRAPPC5,Enh504,ENSG00000181029,0,0.0083632928532488,0.0106305260017809,0.011,0.014866387635226455,0.01612493595987669,0.012629749121128915,0.015614556020772398
Enh505_CD320,Enh505,ENSG00000167775,0,0.0431018346293982,0.0266458210964196,0.03,0.02986303270019749,0.027354316759468096,0.012801058764582816,0.0070832859772760595
Enh505_HNRNPM,Enh505,ENSG00000099783,0,0.0521845673839012,0.0245852812504599,0.006,0.006814449519233382,0.007724929592518271,0.05930512801881504,0.03393805629929762
Enh505_NDUFA7,Enh505,ENSG00000267855,0,0.0383065907533199,0.0238993813458004,0.0,7.4710433999781855e-06,3.4609015379642716e-05,0.014296870225896716,0.0072000973689792
Enh505_RAB11B,Enh505,ENSG00000185236,0,0.0571433967208844,0.0342046936362904,0.023,0.022430436277126597,0.0229405609627128,0.009574218070902312,0.007607676441005969
Enh505_RPS28,Enh505,ENSG00000233927,0,0.0100130361801915,0.006718300632467,0.0,5.756159089489331e-06,3.350152225843481e-05,0.013022986566331371,0.011785348004852949
Enh506_CDC37,Enh506,ENSG00000105401,0,0.0140751478203979,0.0122951614014512,0.014,0.013028676567715372,0.014781388941744565,0.015351165984895105,0.01243830904463753
Enh506_DNMT1,Enh506,ENSG00000130816,0,0.040751482141966,0.0316290403855887,0.148,0.11420184037561999,0.08954675100444476,0.017937455347687627,0.011708233786268315
Enh506_EIF3G,Enh506,ENSG00000130811,0,0.0533864779080988,0.0385545312332285,0.038,0.029571732993649485,0.029894057170786824,0.0299278185112361,0.020598380768683967
Enh506_FDX2,Enh506,ENSG00000267673,0,0.0303643644007431,0.0253012275384892,0.034,0.029402577584461385,0.02984673664578635,0.0084224765920129,0.006540460900998233
Enh506_PIN1,Enh506,ENSG00000127445,0,0.0793546224785041,0.0486220689161755,0.113,0.09378543597064891,0.07147747168447317,0.06265025294685378,0.0400174187166937
Enh506_UBL5,Enh506,ENSG00000198258,0,0.0391544348466568,0.0277839317568069,0.005,0.0064143740047216714,0.008770504218185239,0.062359987459958494,0.03650178026927083
Enh507_ADAM17,Enh507,ENSG00000151694,0,0.0155322699379033,0.0132606351884067,0.007,0.011285790045172255,0.013321820738899776,0.034723343826244424,0.03722454744577725
Enh507_ODC1,Enh507,ENSG00000115758,0,0.0153945167935945,0.0138517591402766,0.0,8.315749413280378e-06,4.384718036723595e-05,0.007185244433409436,0.00603788708461577
Enh507_YWHAQ,Enh507,ENSG00000134308,0,0.0082954641316627,0.0075606234269498,0.009,0.009673205854611532,0.010599572260286079,0.013932545547255723,0.011495762646178024
Enh508_HPCAL1,Enh508,ENSG00000115756,1,0.4036194592166736,0.990778331922442,0.447,0.34249874122360613,0.9569236077333536,0.4502609191505179,0.9979760535411623
Enh508_ODC1,Enh508,ENSG00000115758,0,0.040154441302117,0.0326892219761447,0.002,0.0033972890919814177,0.00536611178430539,0.019704955382657003,0.013813661657609612
Enh50_NTPCR,Enh50,ENSG00000135778,0,0.041653073587058,0.0256267866790944,0.002,0.003624807764803379,0.005224252247406923,0.08873865344526516,0.06406935822740949
Enh50_SIPA1L2,Enh50,ENSG00000116991,1,0.0092418829464183,0.9986276191571648,0.454,0.35855728513693347,0.9996844950045759,0.0013046145329087932,0.9971450410465004
Enh511_WDR33,Enh511,ENSG00000136709,0,0.0141066177150499,0.0152682944483811,0.001,0.001430221262431737,0.0025134035876270304,0.005027631504671867,0.006910259902274787
Enh520_MZT2B,Enh520,ENSG00000152082,0,0.026468025271982,0.0181475832305572,0.032,0.035094643078572414,0.03340444436094188,0.027686083467182824,0.019177094354396334
Enh521_RIF1,Enh521,ENSG00000080345,0,0.0137121082884938,0.0131124982712615,0.005,0.0035047981926375426,0.005568113940537484,0.004472135597166469,0.004451756745233084
Enh524_GORASP2,Enh524,ENSG00000115806,0,0.1202654808028147,0.0757823745173306,0.117,0.10311933413301697,0.09235467147500358,0.037605987477287287,0.02950096764049365
Enh524_METTL8,Enh524,ENSG00000123600,0,0.0217284757488705,0.0179745404921815,0.004,0.005606124677212889,0.008305656144585095,0.04526073688054847,0.04275185851789901
Enh524_TLK1,Enh524,ENSG00000198586,0,0.0368937198384494,0.0246431308707211,0.025,0.025805349459466644,0.025922230224108257,0.009889790440149007,0.007508239019115401
Enh525_DNAJC10,Enh525,ENSG00000077232,0,0.0463947313650005,0.0504826199530074,0.005,0.004745269490871058,0.0062884151488896665,0.01311610809892068,0.012129100471171484
Enh525_NCKAP1,Enh525,ENSG00000061676,0,0.0107619378436433,0.0149879277344113,0.002,0.0019783222684577485,0.0029132372545875238,0.004167588168278649,0.004929233351383966
Enh529_AGFG1,Enh529,ENSG00000173744,0,0.1935544309888595,0.0980466537101274,0.111,0.10098967955034115,0.07547942614058287,0.06722574747415294,0.02616193423432519
Enh529_MFF,Enh529,ENSG00000168958,0,0.1253045164529145,0.0646519580973083,0.006,0.009004193080391774,0.010195803118826369,0.04139554886418294,0.01734317751253983
Enh52_HNRNPR,Enh52,ENSG00000125944,0,0.0193163937679832,0.0193928323840744,0.001,0.0019101558533684833,0.0027994994561636806,0.01316421883862931,0.015494105733257438
Enh52_LUZP1,Enh52,ENSG00000169641,0,0.0154422496795461,0.0169073202754349,0.015,0.01560265120353071,0.016326787819708026,0.0037482593673910086,0.003935807902705994
Enh52_RPL11,Enh52,ENSG00000142676,0,0.0180446107287369,0.0202080833590355,0.0,5.695657897268426e-06,2.2366535486368547e-05,0.031091761972293828,0.030138947185734295
Enh52_SRSF10,Enh52,ENSG00000188529,0,0.0107266953243562,0.012466448082383,0.025,0.030185510047393338,0.029055759007146707,0.00468728345250313,0.0054041634789869
Enh530_AGFG1,Enh530,ENSG00000173744,0,0.1064857536720566,0.1627029829291375,0.061,0.05397000634115191,0.0791501142189896,0.052513257663081764,0.09272737585281873
Enh530_MFF,Enh530,ENSG00000168958,0,0.0568774368815668,0.0507304374581809,0.001,0.0011344398014294485,0.002064248293752867,0.028980394584244833,0.028252345463257975
Enh531_NCL,Enh531,ENSG00000115053,0,0.0175534385107077,0.0175257496259125,0.002,0.003086029314133603,0.004816060594792978,0.0357275153203577,0.03591541245546187
Enh531_PTMA,Enh531,ENSG00000187514,0,0.0156051548843542,0.0162352211976647,0.004,0.006436781197253342,0.00863823477081291,0.024872134446160127,0.024965171205851476
Enh532_NCL,Enh532,ENSG00000115053,0,0.0188619370297656,0.0229686794890721,0.002,0.0013550557282384955,0.0023333774045812185,0.0573589973060575,0.051974306934356077
Enh532_PTMA,Enh532,ENSG00000187514,0,0.0200910214805665,0.0260785475493618,0.013,0.012596538670312298,0.015735078051412502,0.04812891424593873,0.0504414305966065
Enh533_NCL,Enh533,ENSG00000115053,0,0.0348075953807094,0.0242441758795526,0.049,0.05369134143501693,0.052172299012474284,0.0733974859775257,0.052271351307067795
Enh533_PTMA,Enh533,ENSG00000187514,0,0.0379862607846935,0.0255155060494784,0.035,0.04532852760244782,0.045041129223899856,0.05110640618517776,0.02859451579259709
Enh534_NCL,Enh534,ENSG00000115053,0,0.0254865237352724,0.0191752116099938,0.065,0.05079774395822362,0.04598645731266818,0.052838771379275166,0.036453066483330014
Enh534_PTMA,Enh534,ENSG00000187514,1,0.0404340853522528,0.0266620246731424,0.045,0.04293583618819081,0.03926291226973665,0.06133874259603521,0.027910703909380555
Enh535_NCL,Enh535,ENSG00000115053,0,0.0243001420726326,0.0205964555300523,0.021,0.01557345514952516,0.016481584098036108,0.05484122636434557,0.03500194703674111
Enh535_PTMA,Enh535,ENSG00000187514,1,0.0389723712517675,0.0455025846695438,0.023,0.021529205241078996,0.029096375797967724,0.06544690787106423,0.06272592623473677
Enh536_NCL,Enh536,ENSG00000115053,0,0.0228159020208,0.0147673576319682,0.023,0.023714878691132677,0.02607517703013294,0.03849034380038454,0.03128944598757229
Enh536_PTMA,Enh536,ENSG00000187514,0,0.034848566352674,0.0278138141290775,0.01,0.014132305110394938,0.021310908122594646,0.04749850037515769,0.027025303680349187
Enh537_NCL,Enh537,ENSG00000115053,0,0.017657228580131,0.0132688197744168,0.004,0.005207446207929593,0.006687434475237867,0.03472261534108273,0.030011989620164593
Enh537_PTMA,Enh537,ENSG00000187514,1,0.074187137828811,0.0594272484727335,0.069,0.06842687775532265,0.07251277968275965,0.0986348017144252,0.056240948370073075
Enh538_NCL,Enh538,ENSG00000115053,0,0.016929919365534,0.0150422791985229,0.088,0.06830680136283744,0.05914743470428453,0.03663950034003646,0.02879142816311811
Enh538_PTMA,Enh538,ENSG00000187514,1,0.0869097212752512,0.0585747940099292,0.44,0.3391736962626024,0.23868097724179885,0.1128885650941864,0.05364948792583431
Enh539_NCL,Enh539,ENSG00000115053,0,0.0149650925463911,0.0163449012678848,0.029,0.030830965019804733,0.031250043777799656,0.0322114187467671,0.03789037622481479
Enh539_PTMA,Enh539,ENSG00000187514,1,0.0791820129797168,0.068649611742421,0.304,0.24107860281294924,0.1882891242595055,0.13174198704458817,0.09838214610467749
Enh53_ELOA,Enh53,ENSG00000011007,0,0.0645670607885215,0.0409222906962472,0.0,4.397005491117493e-06,2.9935009152285467e-05,0.024285606648615322,0.015804121247951244
Enh53_HMGCL,Enh53,ENSG00000117305,0,0.0334590748731191,0.0232893897304261,0.085,0.07566817507363013,0.06381979111553696,0.016930983286229755,0.013657579242419973
Enh53_HNRNPR,Enh53,ENSG00000125944,0,0.022891583159854,0.0159286575348946,0.0,3.619147799836051e-06,2.1865029607019227e-05,0.016336661381820345,0.008758968574300951
Enh53_ID3,Enh53,ENSG00000117318,1,0.6868244269400141,0.4166306178806986,0.663,0.525615510954286,0.40232587818866367,0.6296998404539944,0.27595081921644404
Enh53_LUZP1,Enh53,ENSG00000169641,0,0.020199639179651,0.0153380510835127,0.002,0.0015591928156385576,0.002376510318760798,0.0048966855025976384,0.0037541889805804834
Enh53_LYPLA2,Enh53,ENSG00000011009,0,0.0353549341294709,0.0250072775930308,0.041,0.03332993679503025,0.032785442086387596,0.019702538226245195,0.015157465033986463
Enh53_PITHD1,Enh53,ENSG00000057757,0,0.0402744745866262,0.0261601672145267,0.001,0.0016983158109075732,0.003058866800315573,0.011564630019921586,0.008285068084662154
Enh53_PNRC2,Enh53,ENSG00000189266,0,0.0164839894278589,0.0129756066545977,0.001,0.001430221262431737,0.0025261036798143377,0.004082228155488484,0.0034295431072026215
Enh53_RPL11,Enh53,ENSG00000142676,0,0.0309942689005367,0.0190660493425469,0.001,0.0015411159017377633,0.002848950331914691,0.040912793757074156,0.03804623806684435
Enh53_SRSF10,Enh53,ENSG00000188529,0,0.0142771965020008,0.0114344036215482,0.034,0.0353560833429298,0.03389308848429802,0.004874154707963587,0.004695702697646767
Enh53_TCEA3,Enh53,ENSG00000204219,0,0.0773094362930929,0.0383812303472399,0.276,0.2210208843086109,0.13829477756268915,0.06230978174358518,0.033649291138003676
Enh540_NCL,Enh540,ENSG00000115053,0,0.0072237130309707,0.0077656980808188,0.001,0.0015651969645143887,0.0025650450427277772,0.019284644296517165,0.026514712184987084
Enh540_PTMA,Enh540,ENSG00000187514,0,0.0486548685120313,0.0253594103539031,0.009,0.012967365888825398,0.011588951797652972,0.0789230014161191,0.02327246955911296
Enh541_NCL,Enh541,ENSG00000115053,0,0.0140247050562171,0.014026801993044,0.033,0.03445873575755133,0.033759900928283335,0.027589555297278096,0.025385791446755433
Enh541_PTMA,Enh541,ENSG00000187514,0,0.1328083777539177,0.1125313500406936,0.287,0.22889233508658594,0.20309783065660358,0.1432233558760158,0.10625779516228212
Enh542_NCL,Enh542,ENSG00000115053,0,0.0024249475952001,0.0037594410802119,0.0,1.2010675376333993e-06,7.480944540051444e-06,0.006490019431046294,0.008701873496308186
Enh542_PTMA,Enh542,ENSG00000187514,0,0.0214884275221786,0.018825440509057,0.025,0.025800723917078976,0.023912334416149962,0.03898071679546758,0.02156048650398563
Enh545_LRRFIP1,Enh545,ENSG00000124831,0,0.0167149738869431,0.019121403826665,0.04,0.03250158820222072,0.030387680721702157,0.014822357737564898,0.015765664640875605
Enh546_LRRFIP1,Enh546,ENSG00000124831,0,0.0438182314786459,0.0280567409088717,0.132,0.12031351520945557,0.08540293301149922,0.03588902760662731,0.01709330321200361
Enh547_COPS9,Enh547,ENSG00000172428,0,0.0203961614214271,0.0191581782248123,0.003,0.0036865130490640182,0.00512000862957509,0.03350496180517961,0.027779201116239032
Enh547_GPC1,Enh547,ENSG00000063660,1,0.1654108927970645,0.8032541021177779,0.329,0.27434941797493795,0.7491819639721493,0.043762543806911726,0.5861258789572891
Enh547_NDUFA10,Enh547,ENSG00000130414,0,0.0227133721982055,0.023095378106416,0.002,0.0028552207388923773,0.004336783209881084,0.009827340089818754,0.009348626205519423
Enh548_GPC1,Enh548,ENSG00000063660,0,0.016821822936945,0.0139906433480931,0.032,0.0279948483432209,0.026309865973853725,0.003362651437295034,0.002350024466058035
Enh548_HDLBP,Enh548,ENSG00000115677,0,0.006529162854948,0.0057433726580057,0.003,0.0036865130490640182,0.004842140573324741,0.009533578264691464,0.008315740271253723
Enh548_PPP1R7,Enh548,ENSG00000115685,0,0.0151356008463124,0.0126640785620354,0.004,0.005207446207929593,0.006845619841016502,0.009408468759531337,0.0071896042288489975
Enh548_SEPTIN2,Enh548,ENSG00000168385,0,0.0057946787561457,0.0053990000358856,0.002,0.0033972890919814177,0.005261139618419497,0.012757479002754176,0.013325086350674023
Enh549_DTYMK,Enh549,ENSG00000168393,0,0.0425586180243325,0.0350996545489797,0.0,8.315749413280378e-06,4.643633601382215e-05,0.012682139021204226,0.007795960360190451
Enh549_HDLBP,Enh549,ENSG00000115677,0,0.0171981197226199,0.0149729758611475,0.0,5.695657897268426e-06,2.0942972039720966e-05,0.021625822924649526,0.02002014218664312
Enh549_PPP1R7,Enh549,ENSG00000115685,0,0.0141763716400349,0.0135505486273743,0.01,0.013772284414198116,0.015241315213837077,0.0104229457832986,0.009439982795577135
Enh549_SEPTIN2,Enh549,ENSG00000168385,0,0.0144129079807518,0.0130292344112272,0.234,0.19783662439216254,0.13459179002915228,0.022352023849527062,0.0225321649015994
Enh54_ELOA,Enh54,ENSG00000011007,0,0.0571406362471409,0.0468470640241595,0.018,0.013263727515552713,0.01521192798267841,0.032620906805027064,0.022272470403509815
Enh54_HNRNPR,Enh54,ENSG00000125944,0,0.023142235681261,0.0215485592551678,0.007,0.004625058974770337,0.006133065929484873,0.020164997206027713,0.018264896486678065
Enh54_ID3,Enh54,ENSG00000117318,1,0.7126900145402203,0.966673133728469,0.787,0.7168630107237708,0.9291874849802317,0.6817490727590664,0.9620784791508348
Enh54_LUZP1,Enh54,ENSG00000169641,0,0.020594788933412,0.0203368750646332,0.0,4.0621097465124596e-07,2.519225465282906e-06,0.005626437533266462,0.005791504688132692
Enh54_PITHD1,Enh54,ENSG00000057757,0,0.0393549641598603,0.0353302197617848,0.009,0.006451568744997479,0.008559275803090061,0.014414773380218336,0.012411927950736007
Enh54_PNRC2,Enh54,ENSG00000189266,0,0.0183055247369734,0.0187120346179025,0.002,0.0014141790742552862,0.0026580170317108145,0.00744664548574929,0.007329021576416186
Enh54_RPL11,Enh54,ENSG00000142676,0,0.0309792528863859,0.0262718828910953,0.022,0.015251503837790328,0.01634025648455052,0.049439156006204105,0.03872067833040362
Enh54_SRSF10,Enh54,ENSG00000188529,0,0.0159338092796735,0.016743384644731,0.071,0.0557190234448609,0.050071868694015975,0.006068145424195105,0.007083026056178935
Enh550_PTRHD1,Enh550,ENSG00000184924,0,0.0119544175420169,0.012647944049991,0.001,0.0007733817775325208,0.0012377669046573104,0.003522987298732681,0.004198095755032098
Enh551_HADHA,Enh551,ENSG00000084754,0,0.018713461243181,0.0259924194150666,0.0,4.7259798358504007e-07,2.8512650106016967e-06,0.023528008284465666,0.02735994260345112
Enh551_HADHB,Enh551,ENSG00000138029,0,0.0252835756909229,0.034318557658662,0.011,0.007947166874215305,0.01032609905086338,0.014469209704112657,0.01774662992162493
Enh551_RAB10,Enh551,ENSG00000084733,0,0.151281580559994,0.1361945589344046,0.006,0.006095973957544442,0.008306525385716216,0.11386467339902807,0.10573135557032257
Enh552_HADHA,Enh552,ENSG00000084754,0,0.023146900190575,0.0214847427292004,0.001,0.0015411159017377633,0.0027961472061824397,0.01841084126634253,0.012934075885462514
Enh552_HADHB,Enh552,ENSG00000138029,0,0.0322978279963696,0.0293332375359122,0.009,0.011266613844800516,0.013667937789027472,0.01121542042092281,0.010437783832310725
Enh552_RAB10,Enh552,ENSG00000084733,0,0.3236696098584203,0.2351115563232204,0.094,0.0878644078140333,0.0868157884210274,0.17327594910242278,0.09925338486849988
Enh553_EIF2B4,Enh553,ENSG00000115211,0,0.0155877918335184,0.0168179464547664,0.002,0.0033972890919814177,0.005325493995197531,0.008715925588619975,0.009217296404022926
Enh553_MPV17,Enh553,ENSG00000115204,0,0.0174014920785284,0.0186566458070545,0.008,0.010854152141481879,0.013077110157730276,0.004629909642162548,0.004100386573634871
Enh553_MRPL33,Enh553,ENSG00000243147,0,0.098824614419631,0.0747682557049473,0.157,0.13046604265587225,0.10698602371954764,0.14849956629010833,0.11241405052050314
Enh553_NRBP1,Enh553,ENSG00000115216,0,0.0192817049306458,0.0199900269999872,0.0,7.4710433999781855e-06,3.6143833818640045e-05,0.017995695061095517,0.01785249392133744
Enh553_PPM1G,Enh553,ENSG00000115241,0,0.0167223452921074,0.0165923736445983,0.001,0.0010207019076495676,0.0015662649747920441,0.012376907070483167,0.01129394300976819
Enh553_SLC4A1AP,Enh553,ENSG00000163798,0,0.147539089400076,0.1099127480830523,0.009,0.01051589856591395,0.012318464946115241,0.06484668067999598,0.04199671538901171
Enh553_SNX17,Enh553,ENSG00000115234,0,0.0176216786206343,0.0183140896892937,0.024,0.024606578039751456,0.024214247710603362,0.006737963248530159,0.006464148517961851
Enh554_EIF2B4,Enh554,ENSG00000115211,0,0.0084238334561063,0.0114317467773505,0.002,0.0023056427646295547,0.00367059200969825,0.004222981823578382,0.005282689365925624
Enh554_MPV17,Enh554,ENSG00000115204,0,0.0089740288082199,0.012762084518044,0.002,0.0023056427646295547,0.0037446170089764914,0.002690281753143439,0.0029244928236307156
Enh554_MRPL33,Enh554,ENSG00000243147,0,0.0747139798393031,0.0586471095309653,0.05,0.03875941467277032,0.034496224112662385,0.12315824269821866,0.09465144902291948
Enh554_NRBP1,Enh554,ENSG00000115216,0,0.0108649413919233,0.0138821775946167,0.001,0.0015934925603484594,0.002725194862770263,0.013077533791535976,0.016452836602736547
Enh554_PPM1G,Enh554,ENSG00000115241,0,0.0095479235267998,0.0120825157149643,0.009,0.007206607543281541,0.008629580206228027,0.009592394095164587,0.011078803950824
Enh554_SNX17,Enh554,ENSG00000115234,0,0.0093448265096202,0.012567990810817,0.004,0.003452127251199467,0.004895636072490897,0.0056815651806317365,0.0066501563909527025
Enh555_EIF2B4,Enh555,ENSG00000115211,0,0.0093928766012848,0.0133211810378075,0.005,0.00858734443061596,0.011495813023532501,0.004087504973973628,0.005552345492359499
Enh555_MPV17,Enh555,ENSG00000115204,0,0.0104860972409269,0.0146201936208141,0.004,0.0071632774586160245,0.009906706083269514,0.002742101219425531,0.002803532693546345
Enh555_MRPL33,Enh555,ENSG00000243147,0,0.0790045003329496,0.0805345283745421,0.096,0.08901177507422028,0.07934242451692185,0.16828201136233248,0.1561110686421949
Enh555_NRBP1,Enh555,ENSG00000115216,0,0.0121060942436612,0.0160675476238128,0.002,0.004831695742202178,0.006653791003043493,0.017501502462173607,0.021982165533190146
Enh555_PPM1G,Enh555,ENSG00000115241,0,0.0106975755403124,0.0138636564852323,0.01,0.0106756441535773,0.011766884803384375,0.01359203000709951,0.015440104691471402
Enh555_SNX17,Enh555,ENSG00000115234,0,0.0103623869343436,0.013666580334517,0.028,0.0332595975915369,0.03173736860063923,0.00539702008156666,0.006965991804231014
Enh556_EIF2B4,Enh556,ENSG00000115211,0,0.0090045119773939,0.0121737855828414,0.001,0.001430221262431737,0.002574883845257233,0.003206211481014599,0.004980885613264177
Enh556_MPV17,Enh556,ENSG00000115204,0,0.0104409245492399,0.0141143123011403,0.002,0.0026564335132884336,0.004271445732598796,0.0021542722010926417,0.0032257132040778517
Enh556_MRPL33,Enh556,ENSG00000243147,0,0.1261153474104601,0.1043586437922827,0.099,0.08219608175930353,0.07529715967894265,0.17310071197370347,0.1332196215315357
Enh556_NRBP1,Enh556,ENSG00000115216,0,0.0135074431478884,0.0159933326704523,0.003,0.005072127715308932,0.006968615889922898,0.01295987845517624,0.014846851783758793
Enh556_PPM1G,Enh556,ENSG00000115241,0,0.0117157429717925,0.0140057651007415,0.02,0.01606052185010953,0.016580158704650412,0.00902055241238468,0.010327649575664672
Enh556_SNX17,Enh556,ENSG00000115234,0,0.0098001107357431,0.0127770580701813,0.038,0.038911066426814155,0.03585810304247114,0.004682992850609865,0.006327781243302228
Enh557_PPP1CB,Enh557,ENSG00000213639,0,0.0132313936656395,0.0121009331379845,0.007,0.01056108215038397,0.01227532675055097,0.005504301786916805,0.004111412757893893
Enh558_YPEL5,Enh558,ENSG00000119801,0,0.0890511678767892,0.0788761866338256,0.317,0.26112996105024144,0.195337983363712,0.03853195310148473,0.03248003696193338
Enh55_ELOA,Enh55,ENSG00000011007,0,0.0438773800738428,0.0348860743907219,0.0,3.901780365034957e-06,1.8022264621825515e-05,0.019726826321585143,0.014170536515878563
Enh55_ID3,Enh55,ENSG00000117318,0,0.0084186696851267,0.0077804820862953,0.231,0.18789678946882224,0.13353110712859767,0.015287469409091729,0.012719330715260522
Enh55_LYPLA2,Enh55,ENSG00000011009,0,0.0506317537653172,0.0390753963379032,0.06,0.05121391164247248,0.045635181834554464,0.03064524602966285,0.022593741955507812
Enh55_NIPAL3,Enh55,ENSG00000001461,0,0.0208683280541656,0.0173601484372509,0.006,0.006814449519233382,0.008074559793026783,0.005120916706658106,0.004639116330329217
Enh55_PITHD1,Enh55,ENSG00000057757,0,0.0432491167726979,0.0336425737328881,0.0,3.901780365034957e-06,1.7999241803723462e-05,0.011805858083607308,0.009139181839645304
Enh55_PNRC2,Enh55,ENSG00000189266,0,0.1670020557064742,0.1922858872498686,0.024,0.02722071082957012,0.04962250029497666,0.06512617378995336,0.07688388505291276
Enh55_RPL11,Enh55,ENSG00000142676,0,0.0073838090831457,0.0063128179469,0.019,0.01893280691132476,0.019900401604004928,0.011629621702470543,0.011310793270233464
Enh55_SRSF10,Enh55,ENSG00000188529,0,0.2222937598057417,0.5539533269565348,0.203,0.1609796783805421,0.4878014353762274,0.06896308700015122,0.4315485230886078
Enh560_YPEL5,Enh560,ENSG00000119801,0,0.0168414263542564,0.014133824476331,0.048,0.04303677024978405,0.041868884979183035,0.006445161824150568,0.005495005446949954
Enh561_EML4,Enh561,ENSG00000143924,0,0.0301674818785018,0.0177557533983353,0.017,0.020397614338905738,0.02144091093289481,0.03880187321796704,0.028248241624792208
Enh562_COX7A2L,Enh562,ENSG00000115944,0,0.0217344713522423,0.0215631865693122,0.002,0.004831695742202178,0.006581628537355813,0.021309191202012568,0.018679975783683248
Enh563_LRPPRC,Enh563,ENSG00000138095,0,0.0484281852495587,0.0390453114910486,0.004,0.0025851365817003446,0.0036207387503823566,0.017260776800113082,0.017182592887268894
Enh563_PREPL,Enh563,ENSG00000138078,0,0.0031510714835917,0.0043611892098521,0.0,1.7339737768865494e-06,9.97827412517932e-06,0.005291478069268096,0.006863610268899719
Enh564_LRPPRC,Enh564,ENSG00000138095,0,0.0673614885337405,0.0439454228267353,0.035,0.032569431482097594,0.030675423079187983,0.01670814845276648,0.011805240323640982
Enh564_PREPL,Enh564,ENSG00000138078,0,0.0053844496556408,0.0049611189789023,0.006,0.009311322873208263,0.011162795639418101,0.007940297230943182,0.007506173444151935
Enh566_RPS27A,Enh566,ENSG00000143947,0,0.0047537782621036,0.0050035208603035,0.0,1.2194296304552184e-05,4.477977934076527e-05,0.012276284295476189,0.011325392585250997
Enh566_RTN4,Enh566,ENSG00000115310,0,0.0576227582943652,0.0356469591549784,0.085,0.09055809938509934,0.072941372046145,0.10374572423297311,0.058762892688352414
Enh567_PPP4R3B,Enh567,ENSG00000275052,1,0.0069113729266955,0.0088805328763227,0.0,4.0621097465124596e-07,2.526114801843432e-06,0.013640652973936901,0.020167198699692586
Enh567_RPS27A,Enh567,ENSG00000143947,0,0.0142723324702323,0.0153880424493777,0.001,0.0011344398014294485,0.0020660884797540154,0.02881040626148842,0.024068891101422612
Enh567_RTN4,Enh567,ENSG00000115310,0,0.1702638213987102,0.1357284585273243,0.11,0.09447901286399346,0.08971492347335473,0.24108769380369766,0.16863064799196953
Enh568_CCDC88A,Enh568,ENSG00000115355,0,0.0203108296710452,0.0188251446099244,0.033,0.02326132374606941,0.0232260794403139,0.005999964915569159,0.005867741160123333
Enh568_CFAP36,Enh568,ENSG00000163001,0,0.017028731745386,0.0163643335404405,0.021,0.014402903020787701,0.01544732356582762,0.004824329090928048,0.0048561534904131174
Enh568_MTIF2,Enh568,ENSG00000085760,0,0.0539679506273779,0.0441198127000141,0.0,5.147562662811493e-07,3.4629132358017965e-06,0.051689380675457745,0.034881235941293436
Enh568_RPS27A,Enh568,ENSG00000143947,0,0.029453682205524,0.0256669284672497,0.003,0.0031808082237511576,0.004792861301915795,0.043882836407785786,0.027864414491343525
Enh568_RTN4,Enh568,ENSG00000115310,0,0.1338071115582902,0.101022367116911,0.19,0.15993152866814583,0.13369914540612768,0.16890135606359624,0.10213114579809658
Enh569_CCDC88A,Enh569,ENSG00000115355,0,0.0220893627982215,0.0165831833945312,0.074,0.05507386585599923,0.05177274809255142,0.005073995314907109,0.004079694640796709
Enh569_CFAP36,Enh569,ENSG00000163001,0,0.0169786206262529,0.0132998754687964,0.01,0.006574415957211285,0.00867403366734289,0.0037646302954995495,0.003146358710214423
Enh569_MTIF2,Enh569,ENSG00000085760,0,0.0579738962243932,0.0359598164281374,0.015,0.010971469571941714,0.013737728656686234,0.03470984559710492,0.019234831635289117
Enh569_PPP4R3B,Enh569,ENSG00000275052,0,0.0130394004581796,0.0102329980427167,0.003,0.0018480451661116155,0.0029011924665995545,0.0178757105741132,0.015120231184350102
Enh569_RPS27A,Enh569,ENSG00000143947,0,0.0353749727879293,0.0227126363862582,0.024,0.022408039669070387,0.024327550213233195,0.03575501880205906,0.015913713332188842
Enh569_RTN4,Enh569,ENSG00000115310,0,0.0695266534415766,0.0566982673209719,0.154,0.1304792672337746,0.13188612713045753,0.0693567622949794,0.04196610293942447
Enh56_CLIC4,Enh56,ENSG00000169504,0,0.0082547938662879,0.0085146004445439,0.004,0.004139487794705425,0.005591562176241618,0.003628928378790288,0.003882391436975334
Enh56_LYPLA2,Enh56,ENSG00000011009,0,0.0126358262314473,0.0116436778359049,0.022,0.017286738816200558,0.017062358018475145,0.009004948334675526,0.008117851843696334
Enh56_NIPAL3,Enh56,ENSG00000001461,0,0.0469968334357483,0.0334727907783297,0.01,0.009574092163922798,0.01074623187780042,0.013249623303378475,0.010521559990077341
Enh56_PNRC2,Enh56,ENSG00000189266,0,0.0164166335090161,0.0167381161925615,0.001,0.0012224574099880784,0.0023291684569104157,0.006769825976705314,0.006061591756352258
Enh56_SRRM1,Enh56,ENSG00000133226,0,0.0098003800013403,0.0090818204996445,0.002,0.0023056427646295547,0.0035699952423984137,0.011981107163260118,0.01223406329506286
Enh56_SRSF10,Enh56,ENSG00000188529,0,0.0156019550770493,0.0142108008760755,0.147,0.11343171516102594,0.08474549247862755,0.007819029843138156,0.006380635785307558
Enh570_CCDC88A,Enh570,ENSG00000115355,0,0.0212104099922,0.0220751358366112,0.091,0.07659750838366564,0.06385193784876209,0.005075577357886884,0.004512562882793363
Enh570_CFAP36,Enh570,ENSG00000163001,0,0.0160364849750503,0.0176062259021235,0.013,0.011822038062417191,0.012781694276457476,0.0036064142688655267,0.003344475793839166
Enh570_MTIF2,Enh570,ENSG00000085760,0,0.0639372174415218,0.0572761676745817,0.013,0.014462212194409895,0.01623134597888522,0.061640372077626314,0.049091410163585036
Enh570_RPS27A,Enh570,ENSG00000143947,0,0.02118017348536,0.0173651240973519,0.016,0.02073988410063488,0.02166252267086629,0.03505268810898225,0.016798771808065417
Enh570_RTN4,Enh570,ENSG00000115310,0,0.034194622837199,0.0313509709389169,0.19,0.1588892728720154,0.12995669419730002,0.05777185147694738,0.03562508502054146
Enh571_CFAP36,Enh571,ENSG00000163001,0,0.0046114201454648,0.0074484916045254,0.05,0.048192486862287776,0.04244315497357796,0.001926223786933624,0.003120693338665819
Enh571_RPS27A,Enh571,ENSG00000143947,0,0.0066783376445723,0.0088723420026586,0.029,0.03915101113673468,0.03467967201727039,0.017339212191843298,0.020655207397083878
Enh571_RTN4,Enh571,ENSG00000115310,0,0.009545198896263,0.0126008954560726,0.106,0.10767626940560512,0.08513930782143135,0.02645078427928842,0.03211040549578063
Enh572_CCDC88A,Enh572,ENSG00000115355,0,0.0177311512982201,0.0171050410405149,0.018,0.01223458142940785,0.013307077503310158,0.005738071638867553,0.005868305234581323
Enh572_CFAP36,Enh572,ENSG00000163001,0,0.0144630920108138,0.0149011850239083,0.01,0.006574415957211285,0.007998484935231942,0.004478461258765506,0.004855782081675417
Enh572_MTIF2,Enh572,ENSG00000085760,0,0.0572268032029169,0.0461482003572589,0.015,0.010971469571941714,0.012787847827061393,0.0593940925856862,0.03921067287643679
Enh572_RPS27A,Enh572,ENSG00000143947,0,0.034239070619342,0.0298744554876134,0.017,0.016205754897005376,0.018045413582134958,0.052697420481427,0.03364542574027889
Enh572_RTN4,Enh572,ENSG00000115310,0,0.0505190485952221,0.0430955877592987,0.299,0.2502084408860251,0.182706937005616,0.07910713614482044,0.052257075419135414
Enh573_CCDC88A,Enh573,ENSG00000115355,0,0.0232397951888378,0.012179753057531,0.05,0.048192486862287776,0.03378624367547309,0.004257817969905622,0.00202138860403447
Enh573_CFAP36,Enh573,ENSG00000163001,0,0.0193880116475799,0.0135763509423537,0.006,0.006618587744641534,0.007438356503343711,0.0033174554521330593,0.002163007060373791
Enh573_RPS27A,Enh573,ENSG00000143947,0,0.0348271994175016,0.0203800243259923,0.007,0.012903284574164545,0.013414395652755035,0.04474329181396792,0.020958820281791538
Enh573_RTN4,Enh573,ENSG00000115310,0,0.0487868181542659,0.0338593007344957,0.09,0.09470311580719676,0.0826687440756721,0.06656537567895682,0.03876581583299494
Enh574_CCT4,Enh574,ENSG00000115484,0,0.0192110419030196,0.0205709403318549,0.008,0.0053142246829531335,0.006842784874380863,0.017709148339949663,0.01814527449553317
Enh574_COMMD1,Enh574,ENSG00000173163,0,0.0247937697849644,0.0252662983909491,0.137,0.11658316335342804,0.08962820812514591,0.01305284465495754,0.013949510609212385
Enh574_USP34,Enh574,ENSG00000115464,0,0.02387843520622,0.0239486957274816,0.003,0.0021282676847847433,0.003491052808657,0.008117368951959395,0.007704918205788441
Enh574_XPO1,Enh574,ENSG00000082898,0,0.0344542241026912,0.0320351613282755,0.006,0.006095973957544442,0.007855275076902552,0.019473109842973443,0.0183226649824702
Enh575_CCT4,Enh575,ENSG00000115484,0,0.0229895480532997,0.0187957850807643,0.0,3.619147799836051e-06,2.290256700659894e-05,0.01609180850157537,0.010357756692050055
Enh575_COMMD1,Enh575,ENSG00000173163,0,0.0305129080550495,0.0244213170393138,0.028,0.032179959839833745,0.03287562860558128,0.012244338678330531,0.009568187643971474
Enh575_USP34,Enh575,ENSG00000115464,0,0.0215153214206389,0.0168770630492579,0.0,2.9814997077690255e-06,1.66213683259994e-05,0.0063559231074750136,0.0047197444381327
Enh575_XPO1,Enh575,ENSG00000082898,0,0.028961688171708,0.0220006482385813,0.02,0.024367982349146177,0.025284310321322383,0.013857948170506083,0.009352683613059793
Enh576_CCT4,Enh576,ENSG00000115484,0,0.0963319229263884,0.095924732806938,0.069,0.06696942592346,0.059018076708509525,0.11556606908528402,0.08703662938767541
Enh576_COMMD1,Enh576,ENSG00000173163,0,0.1299783353989189,0.1243179450234883,0.271,0.2288378447103799,0.171470857854249,0.05660492968800368,0.04983050888973461
Enh576_USP34,Enh576,ENSG00000115464,0,0.0512187456073804,0.0544055502455579,0.009,0.013839259587983486,0.015589197175588779,0.02562103918169742,0.020302333796783218
Enh576_XPO1,Enh576,ENSG00000082898,0,0.0633326237373626,0.069922900384148,0.02,0.02930542316931802,0.03044969869929034,0.03614730044197262,0.03603677940921081
Enh577_CCT4,Enh577,ENSG00000115484,0,0.0812235176726862,0.0671821103381343,0.055,0.055320023261690034,0.05926749113402754,0.06974981114739347,0.05603385716001866
Enh577_COMMD1,Enh577,ENSG00000173163,0,0.1102365007324498,0.0781195109980489,0.245,0.21050210793924418,0.16870402355201253,0.03474610875576948,0.022941442647029936
Enh577_USP34,Enh577,ENSG00000115464,0,0.0426275843264149,0.0362549894175013,0.003,0.005669458808377428,0.009059456509573394,0.019710365779809346,0.014117780661677392
Enh577_XPO1,Enh577,ENSG00000082898,0,0.0527983551875634,0.0409288482057068,0.04,0.05029754834469598,0.04928921981778146,0.02189962339481239,0.015572084031755331
Enh57_ADSS,Enh57,ENSG00000035687,0,0.0788168992472305,0.058370001022948,0.008,0.011424099786942952,0.010070791864794601,0.044042827715893594,0.02574330764890579
Enh580_MDH1,Enh580,ENSG00000014641,0,0.0125515706270148,0.01633085046249,0.003,0.0024639313751563027,0.0034821660639714706,0.0038014126293877365,0.004566249907590399
Enh581_MDH1,Enh581,ENSG00000014641,0,0.0107055968367329,0.011082979001367,0.006,0.0047397206479308385,0.005936838832700986,0.0035185286165321013,0.0036830186177093287
Enh582_SERTAD2,Enh582,ENSG00000179833,0,0.0172494116638002,0.0191634216215053,0.042,0.04705439091373841,0.042007468454114724,0.00612768132272153,0.006525028187102734
Enh583_SERTAD2,Enh583,ENSG00000179833,0,0.0138467095151002,0.0133396251793208,0.06,0.05770770549009778,0.047064781091927355,0.0045928003174013,0.004432263329337632
Enh585_ACTR2,Enh585,ENSG00000138071,0,0.0095779903143236,0.0079671627213334,0.0,3.901780365034957e-06,1.7818037522452547e-05,0.015501116588528513,0.010207129098595813
Enh585_RAB1A,Enh585,ENSG00000138069,0,0.0157879651581658,0.0126096621002317,0.0,5.756159089489331e-06,3.299175651307088e-05,0.012052631247698935,0.010741098161752376
Enh585_SERTAD2,Enh585,ENSG00000179833,0,0.3904622695034447,0.1256223767658115,0.545,0.42375533824303585,0.19234610076616723,0.11541905417600892,0.025261763252436762
Enh586_ACTR2,Enh586,ENSG00000138071,0,0.0095603103475872,0.0099881477515934,0.0,4.397005491117493e-06,2.682353011136184e-05,0.012558472566760537,0.01022826781916626
Enh586_RAB1A,Enh586,ENSG00000138069,0,0.0131036821761549,0.0140434488852659,0.001,0.001430221262431737,0.0025724316099078877,0.00659797260707695,0.00826988077311288
Enh587_ACTR2,Enh587,ENSG00000138071,0,0.006465514638874,0.0090887345472828,0.0,4.397005491117493e-06,2.7659968264306255e-05,0.00970516944912823,0.013942026443055845
Enh587_RAB1A,Enh587,ENSG00000138069,0,0.0088750794074866,0.0120964263289932,0.001,0.001430221262431737,0.002504965229202924,0.00424561078001832,0.005523586117815879
Enh587_SERTAD2,Enh587,ENSG00000179833,0,0.0806401169607308,0.0454263355117394,0.154,0.13134158060732165,0.05736373114931539,0.034549700891601164,0.01761614862623027
Enh588_ACTR2,Enh588,ENSG00000138071,0,0.0672670647122752,0.0428673512666715,0.289,0.22577729602958826,0.1981860132411074,0.0915919780130941,0.05582399905432687
Enh588_RAB1A,Enh588,ENSG00000138069,0,0.0271425886182336,0.0152355371902786,0.004,0.004348413894122374,0.005904535249037797,0.023196724429052976,0.012899154026692172
Enh589_IAH1,Enh589,ENSG00000134330,0,0.0200254066241403,0.0213176844047356,0.011,0.007897299507584067,0.009799295336293408,0.007602849829962046,0.007306589855215011
Enh589_ITGB1BP1,Enh589,ENSG00000119185,0,0.0207568229224439,0.0225544690431032,0.001,0.0005814205205144025,0.0010870569642415328,0.009244614841337335,0.009886008672925148
Enh589_KIDINS220,Enh589,ENSG00000134313,0,0.0195934335720875,0.0220623500659265,0.019,0.012954962433471549,0.014640276617013946,0.0065919128578832385,0.00752540667956797
Enh589_YWHAQ,Enh589,ENSG00000134308,0,0.0060945397563663,0.0081864243037295,0.0,4.0621097465124596e-07,2.4755438170915823e-06,0.009451210955430053,0.011324776257974846
Enh58_ADSS,Enh58,ENSG00000035687,0,0.0589404266005736,0.0508744844848259,0.043,0.045883571808746075,0.0483829183544464,0.026261266455755335,0.020005910365713867
Enh58_AKT3,Enh58,ENSG00000117020,0,0.044877783017752,0.044404170282593,0.01,0.013739693834807856,0.01911824123531552,0.06602412679388336,0.07627174840773268
Enh58_DESI2,Enh58,ENSG00000121644,0,0.0243404463983286,0.022349746927482,0.001,0.0007733817775325208,0.001327795864187053,0.008898141816439185,0.008752966039493899
Enh590_XRN2,Enh590,ENSG00000088930,0,0.0063032009101115,0.0067632468545602,0.0,5.009391333501727e-06,1.9435339741692962e-05,0.005598776940331555,0.005670063493617622
Enh591_XRN2,Enh591,ENSG00000088930,0,0.0079649048675103,0.0091114632674688,0.0,3.901780365034957e-06,1.674744462261848e-05,0.006367260177373146,0.005837825762743358
Enh592_CST2,Enh592,ENSG00000170369,1,0.0090729198450813,0.0055381736115843,0.177,0.15630112669121443,0.08246993883944306,0.019118712203188733,0.01290446961264324
Enh592_CST3,Enh592,ENSG00000101439,1,0.2696095423397731,0.9476495147185018,0.603,0.5413597450763094,0.9567377708391249,0.48683755475399615,0.9884346677562976
Enh593_BCL2L1,Enh593,ENSG00000171552,0,0.1135819327879875,0.1188071870904198,0.2,0.15992189391085335,0.15478071859252485,0.08763691827606981,0.08757477566428025
Enh593_HM13,Enh593,ENSG00000101294,0,0.0343509327742105,0.0345489188627926,0.003,0.0024639313751563027,0.003949082607978658,0.01595333196887336,0.01507250931748563
Enh593_ID1,Enh593,ENSG00000125968,0,0.0658781500459694,0.0507166622721977,0.214,0.17010025714315666,0.12303314884047997,0.07214421291458338,0.051089957945791825
Enh594_BCL2L1,Enh594,ENSG00000171552,0,0.1177191715527689,0.1513456063777246,0.008,0.014324652478954205,0.020391714211791624,0.09638127490398105,0.11991835344497348
Enh594_HM13,Enh594,ENSG00000101294,0,0.0367401057093362,0.0405407312533017,0.0,1.9181491370496346e-06,7.4874036001942924e-06,0.028692991450159577,0.031931432292908166
Enh594_ID1,Enh594,ENSG00000125968,0,0.0649978550325903,0.0616720603731652,0.069,0.07693732743725881,0.06243584843074275,0.07865001886976992,0.06936753058586016
Enh594_TM9SF4,Enh594,ENSG00000101337,0,0.0174345582844652,0.023632487106612,0.001,0.0012368467212691982,0.0019173193575825536,0.03312622797646206,0.04415900289359021
Enh594_TPX2,Enh594,ENSG00000088325,0,0.1058765070666222,0.1014262955949845,0.0,5.695657897268426e-06,2.15787451166658e-05,0.055647648054189244,0.04710454993712778
Enh595_BCL2L1,Enh595,ENSG00000171552,0,0.0410643290186021,0.0359010123217403,0.023,0.021529205241078996,0.022502934906376015,0.03392059896071345,0.02877228457513076
Enh595_HM13,Enh595,ENSG00000101294,0,0.0155639911901461,0.0161908395835718,0.054,0.03930429154575168,0.03574923027913661,0.007954996168441116,0.008070714537941646
Enh595_KIF3B,Enh595,ENSG00000101350,0,0.0182467661685608,0.0202543047130273,0.0,6.680262126068075e-07,6.421456070214494e-06,0.012991933083104175,0.013527204675604816
Enh596_ASXL1,Enh596,ENSG00000171456,0,0.0026280795959978,0.0046570080980097,0.023,0.023515558068843343,0.02487334353339465,0.0002069889193790749,0.0006055667986463577
Enh596_COMMD7,Enh596,ENSG00000149600,0,0.0046839943955842,0.0074427681083045,0.062,0.05712851167658426,0.05301292384615973,0.0006473669521281559,0.0016901362289170007
Enh596_MAPRE1,Enh596,ENSG00000101367,0,0.0036557410156899,0.0058251942971057,0.0,3.619147799836051e-06,2.1688455090578614e-05,0.0005665873830167383,0.0016024631263442859
Enh597_COMMD7,Enh597,ENSG00000149600,0,0.0024160138307551,0.0040934964292315,0.076,0.06861103571883373,0.056962634497118324,0.00033651110963022553,0.0008889055968230108
Enh597_MAPRE1,Enh597,ENSG00000101367,0,0.0041848572631057,0.0066760012042653,0.0,3.619147799836051e-06,2.2044621529828548e-05,0.0006754247939682027,0.0019174323332347392
Enh598_MAPRE1,Enh598,ENSG00000101367,0,0.0153944276213357,0.0193807092300219,0.0,5.695657897268426e-06,2.1513695813384547e-05,0.005311590646701851,0.006421184054101384
Enh599_CHMP4B,Enh599,ENSG00000101421,0,0.0304956465320178,0.0321706694888965,0.022,0.020648184722900403,0.022066786359300358,0.019037603155288862,0.02079721669327958
Enh599_EIF2S2,Enh599,ENSG00000125977,0,0.0167240423155079,0.0181976555006968,0.0,4.0621097465124596e-07,2.3964943081174635e-06,0.03706909031891103,0.03676142126233725
Enh599_ITCH,Enh599,ENSG00000078747,0,0.0096285533431314,0.0129389919734745,0.001,0.0007032640451791812,0.0015230594685461717,0.0032833563891323256,0.004222030339018944
Enh599_RALY,Enh599,ENSG00000125970,0,0.0856092769838907,0.0806234898427269,0.02,0.014459525352194169,0.018152343412849752,0.030655661303961117,0.02824626465713723
Enh59_ADSS,Enh59,ENSG00000035687,0,0.0694486993324579,0.0777997616741201,0.02,0.02930542316931802,0.03205672292244431,0.030886505454526706,0.03322059510943938
Enh59_DESI2,Enh59,ENSG00000121644,0,0.0316065742170593,0.0359090323569188,0.0,1.9181491370496346e-06,7.822336657977253e-06,0.013575374693594613,0.014079116380088361
Enh5_BCAS2,Enh5,ENSG00000116752,0,0.0364277374583627,0.0359045382503135,0.009,0.008919090078944298,0.011520848542693661,0.024168724655079802,0.025673771588256563
Enh5_CSDE1,Enh5,ENSG00000009307,0,0.0112783297813272,0.0130229696711267,0.0,5.147562662811493e-07,3.3639136089271626e-06,0.016753033859257308,0.016774789312837584
Enh5_TRIM33,Enh5,ENSG00000197323,0,0.0587391251037387,0.0224719579003856,0.022,0.015925758046573934,0.009028465208769619,0.09249488069821497,0.032336191373856175
Enh600_BLCAP,Enh600,ENSG00000166619,0,0.0336121684010803,0.0301839359764343,0.042,0.04028874710951982,0.037698819777628005,0.009397573964847349,0.008469719679452013
Enh600_CTNNBL1,Enh600,ENSG00000132792,0,0.0102248123660553,0.0119065271210159,0.0,4.397005491117493e-06,2.9119429932245414e-05,0.0033387993476657316,0.00455329540872648
Enh600_MANBAL,Enh600,ENSG00000101363,0,0.2291596853208043,0.1361709805074943,0.089,0.07881430416430987,0.06272136665838245,0.08699548460574252,0.05892678471013
Enh600_RPN2,Enh600,ENSG00000118705,0,0.036445409383272,0.034784223145147,0.017,0.01361823821273281,0.01637837439208998,0.016975838412240776,0.01689347378820858
Enh603_C20orf27,Enh603,ENSG00000101220,0,0.0161746660702705,0.014477398803477,0.146,0.11270408350895346,0.09414614454306755,0.0033505186973807753,0.0042941823851679875
Enh603_RNF24,Enh603,ENSG00000101236,1,0.1044461577695074,0.0645449963184547,0.125,0.10137573246843554,0.08480265990280146,0.3437731865078965,0.2145337782556432
Enh607_TMEM230,Enh607,ENSG00000089063,0,0.0126416834466639,0.0142334912189725,0.154,0.11991645342388986,0.09704463250501022,0.004889248527832113,0.005218533196200336
Enh612_APP,Enh612,ENSG00000142192,0,0.0031933522002086,0.0044942965205133,0.01,0.013772284414198116,0.014817221040699487,0.003658911886257132,0.0048088356487045215
Enh612_ATP5PF,Enh612,ENSG00000154723,0,0.0133109669367544,0.0140605034457379,0.002,0.004076685189329521,0.006040308662591522,0.009964866500127734,0.010260574572445828
Enh614_TTC3,Enh614,ENSG00000182670,0,0.0166956183348227,0.0189741520818444,0.006,0.008887359385965913,0.010733576783242644,0.03500610080255763,0.033685583577943545
Enh615_TTC3,Enh615,ENSG00000182670,0,0.0128950523912397,0.0125741536564165,0.005,0.0035047981926375426,0.005073267734169213,0.016074264065398806,0.01355384641955382
Enh616_CHCHD10,Enh616,ENSG00000250479,0,0.0281679083532017,0.0224491276640574,0.05,0.040808956920138306,0.03824294959641561,0.012322292913469141,0.009836788805478605
Enh616_DDT,Enh616,ENSG00000099977,0,0.0016368084277458,0.0023402589481879,0.042,0.03415882939686472,0.03322626260339538,0.0009903784290005348,0.0018330303414831846
Enh616_MIF,Enh616,ENSG00000240972,0,0.0098557487071544,0.0085217772909827,0.251,0.20541256859860174,0.14123174584410333,0.0216255444219723,0.02337431225286711
Enh616_SMARCB1,Enh616,ENSG00000099956,0,0.0346975477333738,0.0295841408833337,0.0,7.155316751218663e-07,3.5997947519340655e-06,0.008352618997869652,0.008483145597993106
Enh617_CHCHD10,Enh617,ENSG00000250479,0,0.0240065042468994,0.0267064704867319,0.008,0.007433880022150529,0.008834545521258341,0.008410922122573798,0.008424504018867829
Enh617_DDT,Enh617,ENSG00000099977,0,0.0084561963588617,0.0100418774500059,0.329,0.27434941797493795,0.2074197608491707,0.0058511280048915,0.007382186003685219
Enh617_MIF,Enh617,ENSG00000240972,0,0.014566328892913,0.0151607567535188,0.187,0.15461198684966326,0.1110032332671095,0.037960281257211986,0.038661384181884584
Enh617_SNRPD3,Enh617,ENSG00000100028,0,0.0323631779056444,0.0353535102683209,0.002,0.0033972890919814177,0.005426888891655091,0.012665484564202023,0.012264458605044673
Enh619_PITPNB,Enh619,ENSG00000180957,0,0.0035520634684751,0.0053586048188096,0.003,0.0047726024959219545,0.0067594092327148,0.001125159881998855,0.0015950063897425973
Enh61_ADSS,Enh61,ENSG00000035687,0,0.0444950736512953,0.0299906589443423,0.008,0.011778169059688625,0.012632693905678614,0.015773214837322407,0.00808816922768466
Enh61_COX20,Enh61,ENSG00000203667,0,0.0046115872306502,0.004846081213758,0.006,0.006814449519233382,0.00838889246753507,0.0059348003247254475,0.0065344479327333555
Enh61_DESI2,Enh61,ENSG00000121644,0,0.0162188265394653,0.0149963347421344,0.005,0.004745269490871058,0.005905090986273492,0.007610654152554295,0.006569435224539035
Enh620_AP1B1,Enh620,ENSG00000100280,0,0.022181382869396,0.0215758834744341,0.003,0.005283221198542422,0.00725794794115695,0.009074569464521844,0.007375637978086131
Enh620_ASCC2,Enh620,ENSG00000100325,0,0.1553498204659386,0.1361479377254697,0.024,0.021251353728687424,0.026186937762091023,0.16432699741384646,0.1457965577373625
Enh620_NF2,Enh620,ENSG00000186575,0,0.042902816136494,0.0368805421462237,0.015,0.019675993022550464,0.02115500660627245,0.022036231882950567,0.017626356478838753
Enh620_NIPSNAP1,Enh620,ENSG00000184117,0,0.0518031625747586,0.0411057438438853,0.042,0.043494104661630874,0.03751689568488484,0.13132977668134926,0.11980449604848285
Enh620_UQCR10,Enh620,ENSG00000184076,1,0.2242055701981478,0.1306119897845677,0.027,0.023788770854044763,0.024799584723746326,0.489147793630573,0.33114379068800903
Enh621_HMGXB4,Enh621,ENSG00000100281,0,0.0859526837807165,0.0325891034966428,0.019,0.020094520265716013,0.011601480721038195,0.03145406894376766,0.008888004413049027
Enh622_HMGXB4,Enh622,ENSG00000100281,0,0.0972112061731109,0.1067352797421889,0.026,0.0312158600519232,0.02988681142861909,0.04397068795356949,0.04225644639273361
Enh623_HMGXB4,Enh623,ENSG00000100281,0,0.006509798236045,0.0082489884784415,0.002,0.0013550557282384955,0.002288263275611925,0.003901460543723505,0.004226909461109559
Enh624_RBFOX2,Enh624,ENSG00000100320,0,0.0022439902372382,0.003498736650247,0.009,0.008693863284958246,0.010393206316272547,0.001035420683295909,0.002117650592342063
Enh625_EIF3D,Enh625,ENSG00000100353,0,0.0114319135713054,0.0105038176532057,0.002,0.0012584147968223301,0.00204534349054626,0.0028702019699394323,0.003262996575110622
Enh625_MYH9,Enh625,ENSG00000100345,0,0.0100212384516568,0.008911965376496,0.002,0.0013550557282384955,0.002191632107061946,0.014436890982333193,0.010766763687236598
Enh625_RBFOX2,Enh625,ENSG00000100320,0,0.0478305919785318,0.0356765112268558,0.24,0.19360921445956641,0.15115369733322426,0.03517125749664338,0.02818321936769812
Enh625_TXN2,Enh625,ENSG00000100348,0,0.0158834546511111,0.0140687062141612,0.002,0.0021741352153798023,0.0034707782770335297,0.007151613058888429,0.006372296787953156
Enh626_EIF3D,Enh626,ENSG00000100353,0,0.0975365190590533,0.070252949208304,0.06,0.059525415570676525,0.052697943376023855,0.03645539016224521,0.024834927781096083
Enh626_MYH9,Enh626,ENSG00000100345,0,0.0784495159351437,0.063725565503738,0.046,0.05086460237261515,0.0477164665125537,0.15390097160285365,0.11396112246130702
Enh626_RBFOX2,Enh626,ENSG00000100320,0,0.0121096939296701,0.0116704879951618,0.058,0.05784974124715817,0.0479489452578281,0.007506440158639199,0.007868389191357966
Enh626_TXN2,Enh626,ENSG00000100348,0,0.3318426426798242,0.1502112205522531,0.313,0.25832333195219037,0.14545845467440566,0.1402401597920335,0.04688907810452506
Enh627_EIF3D,Enh627,ENSG00000100353,0,0.00157853269495,0.0029890884140272,0.006,0.007400195863013344,0.009916618331110388,0.00028723450368851617,0.0007849237774483473
Enh627_MPST,Enh627,ENSG00000128309,0,0.0156161239382992,0.0200793171539561,0.18,0.14817537641158926,0.11791675286421065,0.0027532506326304555,0.006399817327887838
Enh627_TXN2,Enh627,ENSG00000100348,0,0.0014978754507318,0.0027634759363594,0.051,0.0528463739542292,0.04617583928165069,0.0007765351846168293,0.0019465173973271584
Enh628_CSNK1E,Enh628,ENSG00000213923,0,0.0112227802749118,0.0120656069710448,0.003,0.003459374960395805,0.004680375248144096,0.0025006853951412933,0.0025866710554232875
Enh628_EIF3L,Enh628,ENSG00000100129,0,0.0976601667607113,0.0820396135753841,0.001,0.0023188682160102943,0.0045216497506723125,0.03401441663412489,0.02207704767376622
Enh628_LGALS1,Enh628,ENSG00000100097,0,0.0060729737413566,0.0073565984278643,0.016,0.024622629999711775,0.026325679266299373,0.010842457948984748,0.010983397934445287
Enh628_POLR2F,Enh628,ENSG00000100142,0,0.0996625462369828,0.0800762069950847,0.001,0.0019074204190627816,0.0033192835434789274,0.08287472251476563,0.06366353294530894
Enh628_TRIOBP,Enh628,ENSG00000100106,0,0.0226272789966276,0.0211232307312897,0.064,0.06749222406520144,0.05703001912119601,0.016185316269754738,0.01447699567131397
Enh629_CSNK1E,Enh629,ENSG00000213923,0,0.0168087196132199,0.0177743898346716,0.0,4.0621097465124596e-07,2.4174784075684153e-06,0.005537215378289441,0.0063350087503116215
Enh629_DDX17,Enh629,ENSG00000100201,0,0.0079842071429808,0.0101629635455215,0.001,0.0011344398014294485,0.002003174321991877,0.012171543038794606,0.014989262501637754
Enh629_EIF3L,Enh629,ENSG00000100129,0,0.0149685938166005,0.0166334634993406,0.0,6.680262126068075e-07,6.213046429442673e-06,0.004766974705981815,0.005372858577536079
Enh629_LGALS1,Enh629,ENSG00000100097,0,0.0028867128569537,0.0042286895722239,0.112,0.09611916447097202,0.07563406026415474,0.006466136688375497,0.0065332015971413014
Enh629_POLR2F,Enh629,ENSG00000100142,0,0.0335769369775841,0.0379317580753057,0.002,0.0013550557282384955,0.0026353174952119247,0.03195856001493039,0.03769959857598014
Enh629_TRIOBP,Enh629,ENSG00000100106,0,0.0080299500875157,0.0101756821924211,0.016,0.011733467275074762,0.013497244302603118,0.006781417575177955,0.008640244456906466
Enh62_CLIC4,Enh62,ENSG00000169504,0,0.2633563635852111,0.2409981355920479,0.056,0.05616549086382723,0.05994274205734615,0.1715986328578091,0.1449261484645484
Enh62_SRRM1,Enh62,ENSG00000133226,0,0.0517250279378449,0.0529972312943805,0.031,0.037701627638659335,0.03703610340355617,0.05713490837437441,0.06292963556047185
Enh630_CBX6,Enh630,ENSG00000183741,0,0.0147110295700914,0.0155413478133921,0.003,0.0029135562173884886,0.0038700696898625393,0.00299975751358213,0.0026109613633353177
Enh630_CSNK1E,Enh630,ENSG00000213923,0,0.0440657770858236,0.0367971799637259,0.001,0.0010207019076495676,0.0015597337281193552,0.010194255432261117,0.0070733854367476074
Enh630_DDX17,Enh630,ENSG00000100201,0,0.1025961173806032,0.0663071398723259,0.005,0.00802233291442151,0.009480442926156823,0.09228643107301578,0.05025756558670218
Enh630_JOSD1,Enh630,ENSG00000100221,0,0.028132654262619,0.0285148636078392,0.03,0.028399080706586016,0.02883486458809487,0.01734148387511728,0.024307514321150733
Enh630_TOMM22,Enh630,ENSG00000100216,0,0.0292732103428659,0.0262612831118904,0.007,0.00781205408053856,0.009096777517349771,0.00986205884379754,0.008103490316673045
Enh631_APOBEC3C,Enh631,ENSG00000244509,0,0.011703891907728,0.0096299230414894,0.051,0.04909636274781581,0.03820188259813553,0.004563704193483949,0.003600756916066131
Enh631_CBX6,Enh631,ENSG00000183741,0,0.0908853230049218,0.0574315359002814,0.131,0.11944832080531878,0.09384641937555319,0.045599628029639884,0.030911265082884293
Enh631_DDX17,Enh631,ENSG00000100201,0,0.0031256838239406,0.0040322745700348,0.001,0.0028028451196375815,0.00414530166603399,0.007306522837133405,0.009324555829753264
Enh631_RPL3,Enh631,ENSG00000100316,0,0.0016017627832127,0.0023058191989686,0.001,0.0019074204190627816,0.0029786095114344843,0.004805008930775361,0.006816818550840789
Enh631_TOMM22,Enh631,ENSG00000100216,0,0.0070010438141558,0.0077111352456984,0.0,5.695657897268426e-06,2.1940912027330926e-05,0.0011124556398695547,0.0019941294907722044
Enh632_APOBEC3C,Enh632,ENSG00000244509,0,0.0508648937516874,0.0576022755006095,0.323,0.25738614635782775,0.22088819325315828,0.01461639128253225,0.016624076496963066
Enh632_ATF4,Enh632,ENSG00000128272,0,0.016747478904531,0.0180233118820303,0.001,0.000843083603523765,0.0015215590803832224,0.006957553701805465,0.006929591665264464
Enh632_CBX6,Enh632,ENSG00000183741,0,0.0233647146802618,0.0247028103112077,0.007,0.0056370308580494,0.007618334492944463,0.005170221953296384,0.005118839626070597
Enh632_MIEF1,Enh632,ENSG00000100335,0,0.0242941241133815,0.0260575745892244,0.001,0.000843083603523765,0.0015364733541795598,0.011345379703877277,0.012158918200271387
Enh632_RPL3,Enh632,ENSG00000100316,0,0.0294947553342976,0.0392629109225375,0.0,1.2010675376333993e-06,1.214442137040912e-05,0.061993591121554344,0.08932190638102107
Enh632_RPS19BP1,Enh632,ENSG00000187051,0,0.0142868859167105,0.0140590885043124,0.0,2.1902043502750537e-06,1.2844998097381266e-05,0.011825462225673135,0.012534573072234628
Enh632_TOMM22,Enh632,ENSG00000100216,0,0.0103398645369204,0.0122676535363684,0.005,0.005077058036008182,0.006878530007898847,0.0031862885360112933,0.003809553144593324
Enh633_APOBEC3C,Enh633,ENSG00000244509,0,0.0031935329795057,0.005806625533553,0.038,0.027025382510253673,0.02762174915970475,0.001662205164959385,0.0032140143749294866
Enh633_ATF4,Enh633,ENSG00000128272,0,0.0425452196827167,0.0396958319577749,0.019,0.012954962433471549,0.01416328923882088,0.039939133073623664,0.038763613894239275
Enh633_MIEF1,Enh633,ENSG00000100335,0,0.2870429597635351,0.197320356147774,0.068,0.050298802510266104,0.045786167278241766,0.32071060343613844,0.24399745368698292
Enh633_RPL3,Enh633,ENSG00000100316,0,0.0039759923328572,0.006394116183348,0.001,0.0006605797335826881,0.0012600285546138848,0.01145647451758082,0.014426006539739073
Enh633_RPS19BP1,Enh633,ENSG00000187051,0,0.0263131862565334,0.0278241279981944,0.009,0.006448130070494182,0.008531563523167366,0.010774918415777834,0.010389919148651089
Enh634_ADSL,Enh634,ENSG00000239900,0,0.0588736365352797,0.0438647506485099,0.005,0.006793538330310647,0.008999548124957762,0.035951689375768967,0.019818954463267976
Enh634_EP300,Enh634,ENSG00000100393,0,0.0269278465396615,0.0234727262291032,0.0,6.605720743558276e-06,3.257308995520611e-05,0.012758223945977334,0.012236007585251398
Enh634_RBX1,Enh634,ENSG00000100387,0,0.0237981563701848,0.0207277965564563,0.003,0.002349974221972519,0.003410178925264254,0.020652385191078124,0.01668537436084211
Enh634_ST13,Enh634,ENSG00000100380,0,0.0409654653497309,0.0325109785634006,0.013,0.015459304619047341,0.01925184336673345,0.07156071053365823,0.04106456229947066
Enh635_ADSL,Enh635,ENSG00000239900,0,0.0310282550691327,0.0288342495014668,0.007,0.008457960624497541,0.00995192895583191,0.024514881890707215,0.01925371564450153
Enh635_EP300,Enh635,ENSG00000100393,0,0.0162830555392549,0.0172280777793802,0.0,7.4710433999781855e-06,3.571387986919608e-05,0.011518853696639441,0.013248451670457935
Enh635_RBX1,Enh635,ENSG00000100387,0,0.0117510102097295,0.0117488473364648,0.005,0.004745269490871058,0.00602367037183378,0.014455726209808171,0.013902169981815241
Enh635_ST13,Enh635,ENSG00000100380,0,0.0156756166833265,0.0140358586279528,0.018,0.019174440146510006,0.020014523888121256,0.034465934821581105,0.030653954880032246
Enh636_ACO2,Enh636,ENSG00000100412,0,0.0050610930088601,0.0039317116247352,0.003,0.005283221198542422,0.0072201909707003045,0.0065772517548340305,0.005981441641769157
Enh636_EP300,Enh636,ENSG00000100393,0,0.0259574467541629,0.0235048095256679,0.1,0.09286660535499305,0.10572861650781007,0.014453700399822767,0.01428003169614044
Enh636_L3MBTL2,Enh636,ENSG00000100395,0,0.0131898566647622,0.0090251706579881,0.004,0.00668460639599236,0.009091309100999572,0.11203668331691441,0.10254593916549166
Enh636_PHF5A,Enh636,ENSG00000100410,0,0.0051318612744458,0.0041331992754795,0.0,7.4710433999781855e-06,3.6667935490118556e-05,0.00773024696660251,0.007498482746299276
Enh636_RANGAP1,Enh636,ENSG00000100401,0,0.0051471393335699,0.0034759165358075,0.0,3.901780365034957e-06,1.7369123445803593e-05,0.002816095636945718,0.0018593201378110922
Enh636_RBX1,Enh636,ENSG00000100387,0,0.0130895720224381,0.0083393688207569,0.02,0.017848517503760986,0.020722392256214802,0.018420458010258642,0.012836820126579794
Enh636_SLC25A17,Enh636,ENSG00000100372,0,0.0112456848935057,0.0068959413455978,0.0,5.756159089489331e-06,3.102540566849396e-05,0.009811976780358958,0.008337742820350508
Enh636_ST13,Enh636,ENSG00000100380,0,0.0042648409817043,0.0028484668263894,0.0,3.901780365034957e-06,1.8536879343433538e-05,0.00841256943078178,0.006478344926355858
Enh636_TOB2,Enh636,ENSG00000183864,0,0.0053504242459326,0.0037206076586108,0.0,5.756159089489331e-06,3.041245625528607e-05,0.002183800749290515,0.0019758089688193038
Enh636_ZC3H7B,Enh636,ENSG00000100403,0,0.006714879801807,0.0045448296229539,0.0,3.0393753866253288e-06,1.1737767282440857e-05,0.0008171577578455588,0.0011318645380078653
Enh637_EP300,Enh637,ENSG00000100393,0,0.1351083309867967,0.0940191700553102,0.085,0.08078383193105361,0.06710826179274647,0.056648179439909484,0.040891341956268305
Enh637_RANGAP1,Enh637,ENSG00000100401,0,0.0193442055669449,0.0186438679997283,0.008,0.010180709377305894,0.012375966377953618,0.011919981623597456,0.01041982913771591
Enh637_RBX1,Enh637,ENSG00000100387,0,0.0797350544668525,0.0582918146540015,0.03,0.024249428756176587,0.024675368947406344,0.09072496844381286,0.06005498266162732
Enh637_ST13,Enh637,ENSG00000100380,0,0.0230045369324477,0.0200801275966681,0.001,0.0016983158109075732,0.003021472872524298,0.040163135862963065,0.029020010685601717
Enh637_ZC3H7B,Enh637,ENSG00000100403,0,0.0259902221688392,0.0237400922604743,0.0,3.619147799836051e-06,2.1162020753929806e-05,0.006312438570692493,0.007026771741931424
Enh638_ACO2,Enh638,ENSG00000100412,0,0.0979386887490288,0.0629271811157216,0.018,0.019418188649350653,0.019522012511828144,0.0837806160358845,0.058363687741263846
Enh638_EP300,Enh638,ENSG00000100393,0,0.0158940132568472,0.0153264174449958,0.001,0.0015934925603484594,0.0027251092961488687,0.011787421985307104,0.011903626733577609
Enh638_PHF5A,Enh638,ENSG00000100410,0,0.0994654256113563,0.0674811440007093,0.001,0.0015934925603484594,0.002711673037192698,0.09465770026341042,0.07159781228375074
Enh638_PMM1,Enh638,ENSG00000100417,0,0.0309410019320987,0.0266215330945916,0.015,0.011878300088354634,0.013550970864009247,0.014192564164182936,0.011836329408789252
Enh638_RANGAP1,Enh638,ENSG00000100401,0,0.0342535262046414,0.0258285817405397,0.001,0.0009117979346929358,0.0016078918926580033,0.025776582747136928,0.01670850072448614
Enh638_RBX1,Enh638,ENSG00000100387,0,0.0061391664401008,0.0065929651987231,0.002,0.0016584794026083395,0.0025871180226564794,0.008411871697331177,0.008155246163385681
Enh638_SNU13,Enh638,ENSG00000100138,0,0.0101383178398182,0.0096888010877119,0.002,0.0021955604526400323,0.003330693859985172,0.010818003504746767,0.010953490501470254
Enh638_XRCC6,Enh638,ENSG00000196419,0,0.0144734795275308,0.0129221679330666,0.001,0.0011645147406368758,0.00197503132483958,0.016603303484927105,0.015480314132673503
Enh638_ZC3H7B,Enh638,ENSG00000100403,0,0.05792981145866,0.0441190926607679,0.006,0.005998770827289555,0.007872413774804009,0.015788250150628288,0.01380812109245067
Enh639_EP300,Enh639,ENSG00000100393,0,0.0226366843616633,0.020122085781507,0.003,0.005283221198542422,0.006697081998718073,0.015421456920321026,0.015150408196905552
Enh639_RANGAP1,Enh639,ENSG00000100401,0,0.0421015394926832,0.0325564708376785,0.011,0.012513111329154983,0.013587798515364638,0.025676199945593392,0.01654699881241927
Enh639_RBX1,Enh639,ENSG00000100387,0,0.008004395826519,0.0084839803188117,0.007,0.006543664828919426,0.007795283891355471,0.008136656953056562,0.008423193394628726
Enh639_SNU13,Enh639,ENSG00000100138,0,0.0128368709895284,0.0121354047934711,0.002,0.002573463265070071,0.003609523644136931,0.011524185563568394,0.011718231659868827
Enh639_XRCC6,Enh639,ENSG00000196419,0,0.0176991422643042,0.0154764420014065,0.005,0.005797655948490242,0.007110817328668503,0.01731877762913864,0.01588873067498431
Enh639_ZC3H7B,Enh639,ENSG00000100403,0,0.0718229869079434,0.0651906205270503,0.053,0.0471328999003612,0.04833333926548268,0.016987720278515174,0.018610516514609373
Enh63_CLIC4,Enh63,ENSG00000169504,0,0.3621098049465643,0.2438984460941023,0.418,0.3223894765450866,0.2652262807317876,0.24354607942384374,0.1422983469994358
Enh63_NIPAL3,Enh63,ENSG00000001461,0,0.0166713813234014,0.0159674295732599,0.026,0.025009499068688115,0.025023755448352964,0.004107725954533398,0.004629509833131868
Enh63_SRRM1,Enh63,ENSG00000133226,0,0.0319227375238011,0.0240817805771915,0.001,0.0018995747500998453,0.0032478046287579723,0.0465617859623843,0.03610918865893466
Enh63_SYF2,Enh63,ENSG00000117614,0,0.0074418906234524,0.0079395806853651,0.051,0.043795962133746036,0.04004218251268615,0.007301374384979277,0.007167044166746658
Enh640_ACO2,Enh640,ENSG00000100412,0,0.1261216564028155,0.1249506399285646,0.052,0.053703494470208966,0.07716898033690135,0.06435150330756985,0.08584893947574156
Enh640_DESI1,Enh640,ENSG00000100418,0,0.0321120150108664,0.0258496490577131,0.023,0.023515558068843343,0.026435627664090498,0.01018285017212192,0.011312338891798206
Enh640_EP300,Enh640,ENSG00000100393,0,0.0166855358986783,0.0148065163481859,0.005,0.007742933728067031,0.010499798020263865,0.006864854147384824,0.007576262796894435
Enh640_PHF5A,Enh640,ENSG00000100410,0,0.1278809118864052,0.0977716422905257,0.008,0.011424099786942952,0.017842242436486574,0.07367302061603652,0.07138848494720307
Enh640_PMM1,Enh640,ENSG00000100417,0,0.0330584286852144,0.0273304739876188,0.072,0.05925840367182161,0.057634634557880635,0.010408410504182404,0.010400080563834775
Enh640_POLR3H,Enh640,ENSG00000100413,0,0.0633267053295204,0.0483405716616011,0.001,0.0016983158109075732,0.0037479969193759547,0.09359021038556078,0.07934593928230622
Enh640_RANGAP1,Enh640,ENSG00000100401,0,0.0340359221576191,0.027012172047479,0.004,0.005606124677212889,0.009256488902376844,0.01740304634621908,0.014762726860963159
Enh640_RBX1,Enh640,ENSG00000100387,0,0.0068232410803999,0.0071135848054652,0.002,0.0015591928156385576,0.00254756988542983,0.006140828135094644,0.006487270601430719
Enh640_SNU13,Enh640,ENSG00000100138,0,0.0130278899909984,0.0110846623365476,0.0,3.619147799836051e-06,2.2593274140995707e-05,0.00948154475240492,0.006635447694052581
Enh640_TOB2,Enh640,ENSG00000183864,0,0.1972850464383519,0.3457271415573976,0.06,0.05547049717761655,0.168662229204507,0.098715411532382,0.3017749374730834
Enh640_XRCC6,Enh640,ENSG00000196419,0,0.0189270170280515,0.0152015264199648,0.0,3.619147799836051e-06,2.3007687669157327e-05,0.015142051072500435,0.009904185709053772
Enh640_ZC3H7B,Enh640,ENSG00000100403,0,0.0550321398627008,0.0419435100628702,0.026,0.026707175800730034,0.031167891497918307,0.011630866612400492,0.011245039026929842
Enh641_RANGAP1,Enh641,ENSG00000100401,0,0.0093475341524005,0.0083756099743664,0.001,0.0019074204190627816,0.0029272187466334015,0.008099603314727408,0.007234307829044911
Enh641_RBX1,Enh641,ENSG00000100387,0,0.0024352332483558,0.0029502371261817,0.004,0.00452842755211163,0.005705010049847485,0.0039178978181078905,0.004002517753539503
Enh641_SNU13,Enh641,ENSG00000100138,0,0.0038560202755468,0.0044116345574387,0.0,5.695657897268426e-06,2.2375073919082188e-05,0.001736901344564269,0.0036423345221102323
Enh641_XRCC6,Enh641,ENSG00000196419,0,0.0049113603888835,0.0052121416952102,0.001,0.0019101558533684833,0.002903638419163382,0.0023072047981916384,0.004534655610062899
Enh642_ATXN10,Enh642,ENSG00000130638,0,0.0036597818492403,0.0063349463450934,0.018,0.013263727515552713,0.015160288589001515,0.002026394194801683,0.0032867094458308385
Enh643_ATXN10,Enh643,ENSG00000130638,0,0.0042303627158124,0.0074701568760811,0.044,0.04896565331677034,0.04323293729590457,0.0018473287201845677,0.003090098542047023
Enh644_ATXN10,Enh644,ENSG00000130638,0,0.0039676954451434,0.0035776285581859,0.016,0.02060056548897386,0.020816634482030152,0.0014253932622523837,0.0013318856595494577
Enh644_FBLN1,Enh644,ENSG00000077942,0,0.0066423204745681,0.0046950131380196,0.065,0.07343339570685796,0.05570779468457954,0.004689182153133098,0.003541903222560039
Enh644_NUP50,Enh644,ENSG00000093000,0,0.0136206662420785,0.0125585331972779,0.0,5.695657897268426e-06,2.6948644443733133e-05,0.0018732428940331852,0.0038022216547233516
Enh646_ATXN10,Enh646,ENSG00000130638,0,0.0204584723063899,0.0184750383673586,0.016,0.018482616699029706,0.01962673137139862,0.006160060637834198,0.0069216181185516625
Enh646_FBLN1,Enh646,ENSG00000077942,0,0.4788088182997428,0.4815897503014006,0.198,0.16515396632450452,0.2225239493093744,0.18662740581873385,0.21259713992348792
Enh646_NUP50,Enh646,ENSG00000093000,0,0.0134149316259529,0.0136574577238729,0.002,0.0028282044938169365,0.0045335772607667454,0.0037115411988687345,0.004991283966772005
Enh647_ATXN10,Enh647,ENSG00000130638,0,0.0244476469433276,0.0172570044135139,0.018,0.019174440146510006,0.020129528385131244,0.005961208014262102,0.004712840863003845
Enh647_FBLN1,Enh647,ENSG00000077942,0,0.0152272670902106,0.0105977424121034,0.098,0.09132950515412196,0.06761505877379324,0.00673661984966165,0.003952642036340858
Enh647_PRR34-AS1,Enh647,ENSG00000241990,0,0.1162431821694676,0.0825541850530202,0.202,0.16025515681518085,0.1559157451011148,0.027808934730618746,0.026850038989032158
Enh648_ATXN10,Enh648,ENSG00000130638,0,0.0044820899136425,0.0043901339735074,0.004,0.006275677998980307,0.00756214857879461,0.0016851550320930223,0.0016664606477419974
Enh648_PRR34-AS1,Enh648,ENSG00000241990,0,0.0406492100172997,0.0358303486711534,0.406,0.34409186129098596,0.2890872778470066,0.017374392625207836,0.01767130586712293
Enh649_ATXN10,Enh649,ENSG00000130638,0,0.0253253680566593,0.0207521984805502,0.055,0.05927363953229883,0.05186159706982659,0.007472825537175115,0.006003161448640342
Enh649_PRR34-AS1,Enh649,ENSG00000241990,0,0.3957992318119691,0.5661584160446085,0.584,0.49353371949491837,0.6633585922383183,0.16912475792825565,0.3509853557137912
Enh64_CLIC4,Enh64,ENSG00000169504,0,0.0368402173906784,0.0674842518132508,0.505,0.4476884385731697,0.5133683637194448,0.010326281781509631,0.021870024572438983
Enh64_NIPAL3,Enh64,ENSG00000001461,0,0.009022248985211,0.0064228513072737,0.021,0.014528109310753245,0.015007477002501726,0.0011662677753427535,0.0013751424997597004
Enh64_RSRP1,Enh64,ENSG00000117616,0,0.0104723585502693,0.0071640741051941,0.002,0.0013550557282384955,0.002061471442708122,0.0038883018318523577,0.0021678517305642048
Enh64_SRRM1,Enh64,ENSG00000133226,0,0.0159233114686865,0.0097541499111596,0.002,0.0014141790742552862,0.002353055972211898,0.010499514227339503,0.0067428832820464754
Enh64_SYF2,Enh64,ENSG00000117614,0,0.0096045844036041,0.0076570765264909,0.0,4.0621097465124596e-07,2.562601769323505e-06,0.006805684832555871,0.005537836385726654
Enh64_TMEM50A,Enh64,ENSG00000183726,0,0.0072324807685132,0.0055031289514456,0.0,5.147562662811493e-07,3.1477417766495657e-06,0.006431095877735352,0.0044379957063197945
Enh650_ATXN10,Enh650,ENSG00000130638,0,0.0146131828803739,0.0161586636773698,0.02,0.022393960444660937,0.023431441900835008,0.005006359123469295,0.0055316485154909435
Enh650_PRR34-AS1,Enh650,ENSG00000241990,0,0.0986022797193643,0.0777926517964281,0.403,0.3188875678981269,0.21935744261945428,0.03878952491582163,0.031484415391345714
Enh652_ATG3,Enh652,ENSG00000144848,0,0.0552104026873263,0.0451100011933372,0.15,0.12831803806125489,0.12453645379320809,0.016074419584398262,0.014353405880621091
Enh652_CCDC80,Enh652,ENSG00000091986,0,0.0104560900500364,0.0076059082046434,0.043,0.043285448510918714,0.03747174995527584,0.0192745096859138,0.015465339539090565
Enh653_FSTL1,Enh653,ENSG00000163430,0,0.0470032905838675,0.0380779185438716,0.36,0.28927347972456713,0.20183998001614945,0.05476957639522528,0.04232760918761267
Enh653_GSK3B,Enh653,ENSG00000082701,0,0.0097327305671863,0.0123872065564633,0.002,0.0017740307375069553,0.0028949254374780685,0.004245772399439309,0.004778485105856049
Enh653_LRRC58,Enh653,ENSG00000163428,0,0.0342471476170493,0.0344680256932187,0.169,0.13705084893014657,0.10455529381781488,0.012740917657250602,0.010826100375290302
Enh653_NDUFB4,Enh653,ENSG00000065518,0,0.1156641878252441,0.0786161437026537,0.038,0.029571732993649485,0.027625865268520698,0.14298868702539008,0.09469345660411146
Enh654_FSTL1,Enh654,ENSG00000163430,0,0.0520955893022334,0.060094896213973,0.517,0.4717632585062982,0.3939510441896142,0.050020443274742206,0.0547337266526291
Enh654_GSK3B,Enh654,ENSG00000082701,0,0.010386819621386,0.0122523826296694,0.007,0.004969651533841097,0.006851024603913776,0.004957128696158382,0.005050800219197234
Enh654_NDUFB4,Enh654,ENSG00000065518,0,0.1257129140593984,0.0995739310042201,0.348,0.3004800916305077,0.23442642432928013,0.12686720484056488,0.09690983604640112
Enh655_NDUFB4,Enh655,ENSG00000065518,0,0.1724852332990114,0.0818782769654285,0.038,0.029571732993649485,0.0234490912469459,0.13645003568907962,0.06035690473383316
Enh656_NDUFB4,Enh656,ENSG00000065518,0,0.1570592798205161,0.1182115870484439,0.014,0.009379562450468297,0.010515450329324346,0.18699348982778954,0.13585150858516415
Enh657_KALRN,Enh657,ENSG00000160145,1,0.1355191281976748,0.999999999975435,0.16,0.1319327078454179,0.9999999956611447,0.9956683624972749,1.0
Enh657_MYLK,Enh657,ENSG00000065534,0,0.035047099855437,0.023864105839034,0.041,0.029977709437382576,0.028128547608115437,0.009622174775188692,0.0061582452393599526
Enh658_KALRN,Enh658,ENSG00000160145,1,0.1529643658768976,0.0492312572467322,0.113,0.09106433305234513,0.03341536657343256,0.9977845561832217,0.9970771469852963
Enh65_CLIC4,Enh65,ENSG00000169504,0,0.007854166696713,0.0072942025145854,0.014,0.014441052041193305,0.015907052824551463,0.002400808574953031,0.00265938132606989
Enh65_RSRP1,Enh65,ENSG00000117616,0,0.0428599170718713,0.0290878264674834,0.048,0.044930894107829376,0.0389196421859536,0.015701588200078897,0.009894758373098443
Enh65_SYF2,Enh65,ENSG00000117614,0,0.0896453949645707,0.0464504537005844,0.009,0.008319218305909369,0.009200604205180518,0.10437780231006177,0.05299533800245626
Enh65_TMEM50A,Enh65,ENSG00000183726,0,0.0230505761544231,0.0170354433279748,0.0,3.901780365034957e-06,1.8507375367067155e-05,0.0277105641106676,0.016979919090090057
Enh665_RPL32,Enh665,ENSG00000144713,0,0.0085080012721083,0.0104993759235005,0.021,0.0188917621848627,0.01779501917093552,0.0067442717381136115,0.01260775570387797
Enh666_AMOTL2,Enh666,ENSG00000114019,0,0.1123779637275181,0.1367662944948897,0.474,0.39984997930530075,0.33619584512631834,0.04690512669908559,0.054235401511874046
Enh666_ANAPC13,Enh666,ENSG00000129055,0,0.0431086534958049,0.0517768207065631,0.003,0.0021282676847847433,0.004394783782743277,0.018391240768724306,0.0207873091667592
Enh666_CEP63,Enh666,ENSG00000182923,0,0.053624588029623,0.0633174001462151,0.015,0.010971469571941714,0.015750259028945963,0.05924165368754528,0.062483147937537384
Enh666_RYK,Enh666,ENSG00000163785,0,0.146979164857978,0.0001651464496679,0.139,0.10689470171927364,0.001027477234021194,0.12122934139249546,0.0005383811035077643
Enh667_ANAPC13,Enh667,ENSG00000129055,0,0.0415983442087769,0.042657888776559,0.005,0.007322360837100706,0.009733033092569364,0.0161750369552059,0.012923147230172983
Enh669_ANAPC13,Enh669,ENSG00000129055,0,0.0307571609498806,0.0286474720321735,0.0,6.680262126068075e-07,6.424686995267562e-06,0.01084434182603178,0.010300227425383153
Enh66_SH3BGRL3,Enh66,ENSG00000142669,0,0.004588369281765,0.0061073780513432,0.001,0.0007032640451791812,0.0014370488968161218,0.008093883440560903,0.011259223962684735
Enh66_ZNF593,Enh66,ENSG00000142684,0,0.0198181661092189,0.0194892716524318,0.0,1.7339737768865494e-06,9.408947001858618e-06,0.011282184176889087,0.011259395667742408
Enh670_ANAPC13,Enh670,ENSG00000129055,0,0.0229483180904195,0.0252895972494248,0.053,0.052867973993190556,0.04547087410800621,0.005481591545237916,0.004995667256520954
Enh671_AMOTL2,Enh671,ENSG00000114019,0,0.1000513420505271,0.1057666441611121,0.527,0.4306796215893742,0.42705392016112975,0.035754225210788144,0.03645193387382297
Enh671_ANAPC13,Enh671,ENSG00000129055,0,0.2443212387649563,0.1251191890741784,0.146,0.1240831039362646,0.09753608185919697,0.12654990401698604,0.05011480128873725
Enh671_CEP63,Enh671,ENSG00000182923,0,0.3018751631704947,0.1736948927690941,0.505,0.4006564655746557,0.2906668234952714,0.21313390271909755,0.13953285969099793
Enh671_RYK,Enh671,ENSG00000163785,0,0.0583836259644436,0.0397536812419451,0.038,0.03724568995339264,0.03740888835199971,0.03446811238897807,0.025379424870479738
Enh676_COPB2,Enh676,ENSG00000184432,0,0.0114810468828528,0.0091044192419526,0.0,8.315749413280378e-06,4.197013612540997e-05,0.006231097112780297,0.005163934516340582
Enh677_COPB2,Enh677,ENSG00000184432,0,0.0094901508714226,0.0105861678754136,0.001,0.0007032640451791812,0.0014946933698432865,0.004155635469793443,0.004683749722072624
Enh678_LSM3,Enh678,ENSG00000170860,0,0.0186484346857645,0.0195409231489226,0.0,1.7339737768865494e-06,1.0289172105393323e-05,0.018983971020917166,0.019516267854963475
Enh678_XPC,Enh678,ENSG00000154767,0,0.0217242117021699,0.0223245967382733,0.0,4.0621097465124596e-07,2.5777968980297564e-06,0.006786822017822095,0.007326528599274294
Enh67_ARID1A,Enh67,ENSG00000117713,0,0.0243308733166585,0.022334065457231,0.0,4.397005491117493e-06,2.72112395522221e-05,0.007961605909753809,0.008052985740424038
Enh67_DHDDS,Enh67,ENSG00000117682,0,0.0976259359133447,0.0774431144305506,0.062,0.05712851167658426,0.054424378005063945,0.027393752013608566,0.024151141025235384
Enh67_HMGN2,Enh67,ENSG00000198830,1,0.1562593177793006,0.0818755510935794,0.245,0.2007590435598565,0.12365845906177234,0.24632981369511012,0.13073507541160614
Enh67_NUDC,Enh67,ENSG00000090273,0,0.0111846064710385,0.0120934184161512,0.0,3.619147799836051e-06,2.2197747490785436e-05,0.009963457145021708,0.008209187894227065
Enh67_SH3BGRL3,Enh67,ENSG00000142669,0,0.0081106351398936,0.0082225438747897,0.0,2.9814997077690255e-06,1.6960674998552292e-05,0.009874241379330673,0.014054240681274375
Enh67_ZNF593,Enh67,ENSG00000142684,0,0.0173344891767952,0.0165287446393783,0.004,0.006436781197253342,0.008196425964557654,0.009144499286870784,0.007904670942772493
Enh680_MBNL1,Enh680,ENSG00000152601,0,0.0029002969542182,0.0029973577003465,0.016,0.016574185400228564,0.017229856879108184,0.004292732305550469,0.0038172836268726027
Enh681_SSR3,Enh681,ENSG00000114850,0,0.0586076411102701,0.0426107944390502,0.39,0.3005992566810034,0.2625340742475546,0.07568552585720048,0.043315453915174246
Enh681_TIPARP,Enh681,ENSG00000163659,0,0.092604478035282,0.0755336575383171,0.292,0.22571273156969524,0.23634765471612365,0.03695090305379789,0.03716378311368463
Enh682_TIPARP,Enh682,ENSG00000163659,0,0.0178071967245495,0.0161006821194958,0.089,0.07708706604344363,0.0641919924559911,0.00848605042717781,0.00704607401169493
Enh683_TIPARP,Enh683,ENSG00000163659,0,0.0025620382996198,0.0040785813221993,0.021,0.01557345514952516,0.017462487760958188,0.0023620106249361205,0.003735946716983592
Enh684_TIPARP,Enh684,ENSG00000163659,0,0.0137299633895229,0.0169490900882475,0.03,0.02400030999259083,0.022052635562061454,0.009983430966445895,0.011733353751411588
Enh685_TBL1XR1,Enh685,ENSG00000177565,0,0.1306490462868398,0.1023296231349567,0.009,0.013839259587983486,0.016031810051250796,0.07029034825534382,0.040587870181949294
Enh686_TBL1XR1,Enh686,ENSG00000177565,0,0.12774071468091,0.1228192367865807,0.002,0.004076685189329521,0.007744649231702929,0.0686309336154882,0.053792330929082866
Enh68_ARID1A,Enh68,ENSG00000117713,0,0.0353426165185106,0.0228290311652579,0.0,3.901780365034957e-06,1.7123469024300865e-05,0.008345095132870784,0.005369722411848801
Enh68_DHDDS,Enh68,ENSG00000117682,0,0.1220347297761772,0.0694871922633919,0.001,0.0018995747500998453,0.0033475580272485134,0.04026742321835108,0.020166619593707687
Enh68_HMGN2,Enh68,ENSG00000198830,0,0.1408253947823479,0.0823109835107363,0.116,0.10246489865035739,0.09330998750713516,0.26972900207739275,0.17454625676410698
Enh68_NUDC,Enh68,ENSG00000090273,0,0.0122559148693086,0.0099223071205155,0.0,3.0393753866253288e-06,1.237814706190143e-05,0.00890335346248376,0.007705584781613163
Enh68_SH3BGRL3,Enh68,ENSG00000142669,0,0.0069133969100445,0.0045707360285439,0.0,5.756159089489331e-06,3.085929860139209e-05,0.007423457300017249,0.007151348211809796
Enh68_ZNF593,Enh68,ENSG00000142684,0,0.0218456736696843,0.015813848900125,0.006,0.009311322873208263,0.011087987307003985,0.008173859458418347,0.004824673316963395
Enh691_IGF2BP2,Enh691,ENSG00000073792,0,0.0581541411230888,0.0411860847864806,0.006,0.009311322873208263,0.010532319210243935,0.023019052980660853,0.014213526608149861
Enh691_TRA2B,Enh691,ENSG00000136527,0,0.6072801459435114,0.316475076321238,0.018,0.02139689120841886,0.017922402735920755,0.32409996623583115,0.07581551169608432
Enh692_EIF4A2,Enh692,ENSG00000156976,0,0.0136237169165188,0.017821984231261,0.0,6.605720743558276e-06,3.298337141607949e-05,0.015791002213471954,0.01953787581998915
Enh693_EIF4A2,Enh693,ENSG00000156976,0,0.0032211360255531,0.0058171815362192,0.0,4.020519762748885e-06,2.187231586018115e-05,0.005380653764015175,0.010110177653749166
Enh694_EIF4A2,Enh694,ENSG00000156976,0,0.0030902847746296,0.0046858688876884,0.002,0.004831695742202178,0.006350890432251632,0.006994694192859429,0.010646554050620732
Enh694_TRA2B,Enh694,ENSG00000136527,0,0.0032974344412459,0.0049867873402306,0.004,0.0071632774586160245,0.009130173697486726,0.0005809447849713,0.0006205318840742439
Enh695_EIF4A2,Enh695,ENSG00000156976,0,0.0136845035315643,0.0130435446479946,0.0,1.7339737768865494e-06,9.864016337819097e-06,0.014228776375739983,0.012806109898389628
Enh695_TRA2B,Enh695,ENSG00000136527,0,0.0124226544291924,0.0124818949897324,0.01,0.007172240541613941,0.00933359542924427,0.0037963358904096974,0.0037087153831478967
Enh696_LPP,Enh696,ENSG00000145012,0,0.0082597975937402,0.0102602710665866,0.0,1.3956201815369262e-06,5.6882622696013e-06,0.010747308409251675,0.011749459855877664
Enh697_LPP,Enh697,ENSG00000145012,0,0.0089403130764512,0.0126692233053443,0.029,0.02267010291689259,0.023259892259199035,0.015958269205632012,0.020037455781284887
Enh698_LPP,Enh698,ENSG00000145012,0,0.0467609148454798,0.0590653909276766,0.035,0.02836821371373526,0.03843181056678595,0.045390168730352745,0.055184901942161614
Enh699_PCYT1A,Enh699,ENSG00000161217,0,0.0674961293002291,0.0471703199912564,0.004,0.00668460639599236,0.00890757160391333,0.027028257081393385,0.014876141335366617
Enh699_RNF168,Enh699,ENSG00000163961,0,0.0314443301950926,0.0264943372634398,0.054,0.055978639786220204,0.048939467854810875,0.022858747169574173,0.021025556411474734
Enh699_TFRC,Enh699,ENSG00000072274,0,0.1104773106438132,0.0930570538833567,0.019,0.023861399670052574,0.029894466096341867,0.03818039318513512,0.02571809679884367
Enh699_UBXN7,Enh699,ENSG00000163960,0,0.0375382903849182,0.0292129231979606,0.044,0.039926452014808926,0.03702250052303486,0.009508319690787267,0.008221378251561943
Enh69_ARID1A,Enh69,ENSG00000117713,0,0.1567279929767729,0.0747182877325926,0.362,0.2777133091958673,0.1696569050000492,0.038042965449026626,0.01800698703363145
Enh69_DHDDS,Enh69,ENSG00000117682,0,0.0578400075952945,0.0398766919410033,0.007,0.009705965768395138,0.012572753675087707,0.02193026916785595,0.013570602072983147
Enh69_HMGN2,Enh69,ENSG00000198830,0,0.0362232979260416,0.0230848070854032,0.034,0.0364363313244596,0.03502949748322737,0.09218155445746917,0.06058831048996129
Enh69_NUDC,Enh69,ENSG00000090273,0,0.02276201482558,0.0163520788789644,0.0,3.0393753866253288e-06,1.21673558047337e-05,0.025744911374754136,0.015375997323237784
Enh69_SH3BGRL3,Enh69,ENSG00000142669,0,0.0054330790596194,0.0040916498170683,0.002,0.0033972890919814177,0.005153830547691401,0.007071155576458796,0.007499594431191985
Enh69_ZNF593,Enh69,ENSG00000142684,0,0.0183325263049686,0.0138913067677283,0.002,0.0037916023378162375,0.0053338046013829184,0.00683949780249981,0.0039120943767128385
Enh6_ATP1A1,Enh6,ENSG00000163399,0,0.0321137420452613,0.0235322630194838,0.0,2.9814997077690255e-06,1.2735262726842226e-05,0.01842058497817829,0.011091994620022076
Enh700_EIF1B,Enh700,ENSG00000114784,0,0.0031189527036622,0.0052897790420079,0.003,0.0031815802877819955,0.004764417107854991,0.0009430866006283293,0.002076387719381448
Enh700_RPL14,Enh700,ENSG00000188846,0,0.0023530215076776,0.0034458816285808,0.0,4.020519762748885e-06,2.1620174403117426e-05,0.0061116493830504146,0.006546774575889795
Enh702_ANO10,Enh702,ENSG00000160746,0,0.0847946833287077,0.0453486499733363,0.089,0.07708706604344363,0.05636538625765373,0.04692678335928388,0.02068578637522987
Enh703_ANO10,Enh703,ENSG00000160746,0,0.0625014810848723,0.065886013229694,0.045,0.04991662506815909,0.045791507184405916,0.055962199708399385,0.05395577822803432
Enh704_AC006058.1,Enh704,ENSG00000261786,1,0.0037617067653436,0.5288472496384076,0.288,0.22912870383330827,0.9228917330669444,0.0009494737145229166,0.3858337742196112
Enh704_ANO10,Enh704,ENSG00000160746,0,0.0203809060291636,0.0247647900947716,0.033,0.03445873575755133,0.034509553474763845,0.014422208379718386,0.017154427344029933
Enh705_DHX30,Enh705,ENSG00000132153,0,0.0328683716182635,0.0273392342774608,0.002,0.0017740307375069553,0.0030247595588965203,0.012305962009228472,0.008624837443271659
Enh705_MAP4,Enh705,ENSG00000047849,0,0.1505554668168741,0.1979563804991756,0.229,0.18344244405086663,0.25072686120605786,0.23981385324120338,0.3781405294010261
Enh705_SHISA5,Enh705,ENSG00000164054,0,0.0217696852478624,0.0185141794631089,0.112,0.08660194796810707,0.06957716333785077,0.009470788656027409,0.00694879262690904
Enh705_SMARCC1,Enh705,ENSG00000173473,0,0.0288248718353218,0.0237568322248697,0.0,1.2010675376333993e-06,7.601225408761886e-06,0.011888998144006142,0.008600169328862548
Enh705_TMA7,Enh705,ENSG00000232112,0,0.0098023211465042,0.0083715570815871,0.0,2.1902043502750537e-06,1.341786520354687e-05,0.024704367677087974,0.020373940568041277
Enh705_UQCRC1,Enh705,ENSG00000010256,0,0.0157315976519393,0.0137885972819254,0.01,0.009574092163922798,0.01125344206308081,0.005774890248982269,0.004773647438790643
Enh706_MAP4,Enh706,ENSG00000047849,0,0.0791607340288221,0.0787854999337051,0.113,0.10784301567674688,0.10674126410548372,0.12037335662932318,0.1377917440131027
Enh706_TMA7,Enh706,ENSG00000232112,0,0.0090291306007492,0.0097349846548295,0.0,8.315749413280378e-06,4.371222535693038e-05,0.021970213687665552,0.02102096901894384
Enh706_UQCRC1,Enh706,ENSG00000010256,0,0.0133641539100963,0.0136165655758772,0.0,5.695657897268426e-06,2.1840949726264118e-05,0.0037957912605963338,0.003714103010093656
Enh707_DAG1,Enh707,ENSG00000173402,0,0.1152131450399048,0.5164034399033914,0.086,0.08024061083552092,0.3904718887658761,0.022716713231919806,0.22546430825675268
Enh707_LAMB2,Enh707,ENSG00000172037,0,0.0198380033517979,0.0136306899346479,0.024,0.02422553994770187,0.02321764238877984,0.005098842441383258,0.0031814497929927134
Enh707_RBM6,Enh707,ENSG00000004534,0,0.022815145678049,0.0162379253097715,0.002,0.004076685189329521,0.006057326896379309,0.012866573362459851,0.009600617159711382
Enh707_RHOA,Enh707,ENSG00000067560,0,0.0263290959565068,0.0170374629829916,0.015,0.01560265120353071,0.016421429771752642,0.04587013430538607,0.02694729490571021
Enh707_TCTA,Enh707,ENSG00000145022,0,0.0545929281962034,0.0370913376410793,0.046,0.056083207378890894,0.05590864876703057,0.03570399180787069,0.025718083978749272
Enh708_ARF4,Enh708,ENSG00000168374,0,0.0122171725316096,0.013087873781081,0.002,0.0016584794026083395,0.002598373222895531,0.015729919525144374,0.015700591082759445
Enh708_FLNB,Enh708,ENSG00000136068,1,0.129796012413139,0.1602715381894891,0.399,0.3183701598289884,0.3374092677434898,0.08177538918392761,0.13245949290752163
Enh708_PDHB,Enh708,ENSG00000168291,0,0.0130878902359805,0.0142703729752449,0.009,0.007525546885944371,0.009305139716207382,0.006961684809224223,0.0076662035860529665
Enh708_SLMAP,Enh708,ENSG00000163681,0,0.0602823437105691,0.0836839976222664,0.026,0.02669153987673449,0.03887652128072816,0.08141217077029063,0.14536851411608495
Enh70_ARID1A,Enh70,ENSG00000117713,0,0.1485882247081223,0.0944180359657805,0.374,0.2867847781184104,0.26129001687036424,0.0309122055568847,0.02601923126617534
Enh70_DHDDS,Enh70,ENSG00000117682,0,0.0537312597412966,0.0300460963207051,0.001,0.0018995747500998453,0.003508810332808155,0.020518789183654934,0.010691135035972323
Enh70_GPN2,Enh70,ENSG00000142751,0,0.0561283613435482,0.0334906208191436,0.011,0.010077515371549252,0.012028017946506656,0.34802722356529286,0.2683283165781035
Enh70_HMGN2,Enh70,ENSG00000198830,0,0.0335585784831981,0.0168103038346949,0.018,0.02139689120841886,0.022780292625489473,0.08656105111445095,0.04646066258367673
Enh70_NUDC,Enh70,ENSG00000090273,0,0.0212346428022931,0.012415878823721,0.004,0.00475727821561892,0.006353192145680973,0.021253303040803594,0.011156003747108475
Enh70_SH3BGRL3,Enh70,ENSG00000142669,0,0.0050366365875952,0.0027401399245431,0.0,5.756159089489331e-06,2.9995069676899663e-05,0.006621653233644146,0.005123128150049224
Enh70_TRNP1,Enh70,ENSG00000253368,0,0.033529300157888,0.0187073142990573,0.034,0.0364363313244596,0.032833914539981426,0.0671018077505119,0.04765669945021099
Enh70_ZNF593,Enh70,ENSG00000142684,0,0.0170204062510208,0.0102416281350803,0.002,0.0037916023378162375,0.00534807814476018,0.005584614565495795,0.002376603685655611
Enh714_FGF2,Enh714,ENSG00000138685,0,0.0243510990451627,0.020868139437593,0.002,0.0016584794026083395,0.002437692965207451,0.006465392358564286,0.0050482317373830845
Enh714_KIAA1109,Enh714,ENSG00000138688,0,0.0032021826192167,0.0047968521584515,0.0,2.1902043502750537e-06,1.375010580745681e-05,0.0009418325425910255,0.0010133971365738248
Enh715_BOD1L1,Enh715,ENSG00000038219,0,0.3225637756858399,0.2166261211336722,0.037,0.02700198544496855,0.025731430165893646,0.2039882060851756,0.12053374793097044
Enh716_NAA15,Enh716,ENSG00000164134,0,0.01529979242923,0.0220850621280644,0.001,0.000843083603523765,0.0015030008648035853,0.005099988326071469,0.007061926088466414
Enh716_NDUFC1,Enh716,ENSG00000109390,0,0.0098707051162386,0.0136131524044376,0.005,0.0064143740047216714,0.008302135421868558,0.017192729747708933,0.02472536511640468
Enh717_SCOC,Enh717,ENSG00000153130,0,0.2854885746404744,0.2066777989070648,0.046,0.04329675334833013,0.04237296866976935,0.1420460969887817,0.09189212223033164
Enh718_SCOC,Enh718,ENSG00000153130,0,0.2600315786383976,0.1676304258356304,0.037,0.029395187208333264,0.02771500849120907,0.17123051136752349,0.10112113910293986
Enh719_SCOC,Enh719,ENSG00000153130,0,0.4747599880198012,0.2073970748139915,0.498,0.3843891927347365,0.23964567699074824,0.2416762987899986,0.09359758610105891
Enh71_ARID1A,Enh71,ENSG00000117713,0,0.0093979598280589,0.0093120630052728,0.003,0.0020631943620460246,0.003139757798737379,0.00399871849405878,0.0036759402604868495
Enh71_NUDC,Enh71,ENSG00000090273,0,0.0246459024205093,0.0203622257773495,0.002,0.0012584147968223301,0.002048675668901573,0.023377985462386862,0.02111906420936554
Enh71_WASF2,Enh71,ENSG00000158195,0,0.0078690929872039,0.0081022206550677,0.015,0.014408307549810182,0.015746401611992866,0.005315669193934103,0.0056058477106596715
Enh720_SCOC,Enh720,ENSG00000153130,0,0.4504427728539805,0.2407863473229291,0.081,0.0748390966286665,0.04751644032221987,0.2870721601453506,0.14479771165109462
Enh723_CFAP97,Enh723,ENSG00000164323,0,0.0256150173736222,0.0252689587356408,0.166,0.14815436776228805,0.10735206323628901,0.015226754411880624,0.014144293940338618
Enh725_DHX15,Enh725,ENSG00000109606,0,0.0725404877953606,0.0486395410900141,0.091,0.07307853299577258,0.0573697941670818,0.034882296656458894,0.020523730842125918
Enh726_DHX15,Enh726,ENSG00000109606,0,0.0892202671223226,0.1164344809980137,0.077,0.06583998428234239,0.05622747163931604,0.04702827493800963,0.04429359628306981
Enh727_DHX15,Enh727,ENSG00000109606,0,0.0668797587657021,0.0474969263965704,0.041,0.02927104189499908,0.02775170053568376,0.02555823212327231,0.019657852600794792
Enh728_DHX15,Enh728,ENSG00000109606,0,0.0921075132206095,0.0534646359590818,0.346,0.2730361777620673,0.17821965787378286,0.03701940687694452,0.017924948527522497
Enh72_ARID1A,Enh72,ENSG00000117713,0,0.0032507886784458,0.0043768799307717,0.0,5.147562662811493e-07,3.390506622884835e-06,0.001523608711144341,0.0019509264397823518
Enh72_NUDC,Enh72,ENSG00000090273,0,0.0048803946402966,0.0056826718812736,0.0,4.7259798358504007e-07,2.746634801148368e-06,0.0036267908664339137,0.005742248048462512
Enh72_WASF2,Enh72,ENSG00000158195,0,0.0026055257318233,0.0033139575969011,0.003,0.0031808082237511576,0.0044508397154230704,0.0021642679228669397,0.0026927046942473725
Enh733_FAM114A1,Enh733,ENSG00000197712,0,0.0571074815473028,0.0614509929912724,0.69,0.6114120723093918,0.5077566266943113,0.061125691990305264,0.0648453099180957
Enh733_KLHL5,Enh733,ENSG00000109790,0,0.0638748696210795,0.3448524653459632,0.094,0.07019277213509574,0.30815443750103944,0.05378312689673699,0.37149229935928885
Enh733_RFC1,Enh733,ENSG00000035928,0,0.0117359194596141,0.0124080384695445,0.0,1.7339737768865494e-06,1.05329205449525e-05,0.010796726720138665,0.011407184874959458
Enh734_FAM114A1,Enh734,ENSG00000197712,0,0.0206417565718375,0.0220123601196974,0.218,0.1829202403233649,0.13270187128252128,0.03358356460028591,0.03601130286925274
Enh734_RFC1,Enh734,ENSG00000035928,0,0.0113491832567901,0.0135033152346618,0.014,0.013504352361782998,0.015052223986341618,0.013894089218006488,0.01718702763616434
Enh734_RPL9,Enh734,ENSG00000163682,0,0.0043981885974947,0.006341029458052,0.0,4.7259798358504007e-07,2.7667068261426417e-06,0.006450907132499258,0.009202917480245834
Enh735_MRFAP1,Enh735,ENSG00000179010,0,0.0141537291909981,0.0147198932251992,0.005,0.006318634824309322,0.007674969439678262,0.0264165957985031,0.020450527149878897
Enh735_MRFAP1L1,Enh735,ENSG00000178988,0,0.1217626666332022,0.045054666480244,0.096,0.08067818991232555,0.040518871992294224,0.06232832061093467,0.01878755966651266
Enh736_BLOC1S4,Enh736,ENSG00000186222,0,0.5865786059899736,0.3881019806056376,0.109,0.10035756287386531,0.08049527216483866,0.5442783800195705,0.34168560721614055
Enh736_GRPEL1,Enh736,ENSG00000109519,0,0.0275747732337937,0.0271913596304622,0.002,0.004831695742202178,0.006601019014018852,0.014344046205432863,0.013847945018417908
Enh736_KIAA0232,Enh736,ENSG00000170871,0,0.1461177918334502,0.1174056371496821,0.03,0.036713823293296734,0.039211302196843496,0.060930125907980894,0.03936554321961942
Enh736_MRFAP1,Enh736,ENSG00000179010,0,0.054164420561661,0.0407527767116505,0.001,0.0019074204190627816,0.0028165735240642162,0.07376080765602545,0.04950737991667269
Enh736_MRFAP1L1,Enh736,ENSG00000178988,0,0.3003716268785871,0.2023682101360253,0.077,0.07230673862261394,0.06549649412388119,0.13397747348431066,0.0888941900118232
Enh736_WFS1,Enh736,ENSG00000109501,0,0.0162144271142203,0.0156533709055768,0.004,0.00452842755211163,0.005529671818014322,0.0319837787952047,0.029467964824172955
Enh737_BLOC1S4,Enh737,ENSG00000186222,0,0.3811402972636915,0.3500353478478467,0.64,0.6036204776282886,0.5352357291022214,0.38130122534738053,0.35757598941099106
Enh737_GRPEL1,Enh737,ENSG00000109519,0,0.0246272929741496,0.024663087879884,0.001,0.0011344398014294485,0.0020121556836946615,0.013155421225025223,0.013916637320677595
Enh737_KIAA0232,Enh737,ENSG00000170871,1,0.1694723402262546,0.4877474970309218,0.081,0.06019795516602534,0.21364070480873204,0.09280727444688858,0.34730873593795897
Enh737_MAN2B2,Enh737,ENSG00000013288,0,0.0483658418967938,0.038202146024976,0.041,0.029301682592114225,0.02667089756200565,0.018967393895351212,0.0151429886406457
Enh737_MRFAP1,Enh737,ENSG00000179010,0,0.0524923087048628,0.0434915329505818,0.032,0.02416508124688616,0.024346169496632,0.0590866576365813,0.04801414317559378
Enh737_MRFAP1L1,Enh737,ENSG00000178988,0,0.2307857085573597,0.1849302524403271,0.183,0.14699823300464349,0.13235084790923082,0.10249961252034867,0.08203414904821955
Enh738_GRSF1,Enh738,ENSG00000132463,0,0.1053011854831161,0.0870293704595996,0.009,0.010175189558652644,0.012373872314945964,0.03279941914934447,0.025296887111965236
Enh739_CCNI,Enh739,ENSG00000118816,0,0.1238625565694275,0.0701371243303957,0.022,0.025627554420981982,0.01965404346137936,0.1329897532256562,0.08109309045856793
Enh739_SEPTIN11,Enh739,ENSG00000138758,0,0.0506607798456058,0.0611050869093154,0.119,0.10632704333614355,0.10312277669579549,0.06936485960475751,0.082749951911699
Enh742_APC,Enh742,ENSG00000134982,0,0.0082760041540746,0.0128508821644661,0.005,0.004057731051377325,0.005348127499996792,0.0035643303707760896,0.004868642428815471
Enh742_REEP5,Enh742,ENSG00000129625,0,0.0028473576297206,0.0052544988506541,0.001,0.0015934925603484594,0.0026767347541036225,0.00472567402125436,0.008741396477426394
Enh742_SRP19,Enh742,ENSG00000153037,0,0.0036630217582344,0.0067937864067575,0.007,0.006907537175116983,0.008751827612978751,0.0015565973706405589,0.003530520551184387
Enh743_APC,Enh743,ENSG00000134982,0,0.0076372094271314,0.0116303801143681,0.001,0.000843083603523765,0.0015400928251826042,0.0035200126262928495,0.00469956890696129
Enh743_REEP5,Enh743,ENSG00000129625,0,0.0025959654971976,0.0043137437140907,0.001,0.0015934925603484594,0.0027037283816026027,0.004426839355827003,0.006986193230738491
Enh743_SRP19,Enh743,ENSG00000153037,0,0.003345416901203,0.0054411869528334,0.006,0.005998770827289555,0.007709359132768835,0.00138049274173093,0.002854038879895584
Enh745_CSNK1G3,Enh745,ENSG00000151292,0,0.0084441836694911,0.0070026894608982,0.035,0.04532852760244782,0.0431032461719336,0.007058433624588786,0.006637982395894977
Enh748_BRD8,Enh748,ENSG00000112983,0,0.0057442733329804,0.0084257771066501,0.0,6.680262126068075e-07,6.377601127854158e-06,0.0013274299110854054,0.001708432637438599
Enh748_CTNNA1,Enh748,ENSG00000044115,0,0.0064870622106378,0.0092075028799583,0.0,6.680262126068075e-07,6.4509082754436276e-06,0.0033166804958908894,0.004231807799628778
Enh748_ETF1,Enh748,ENSG00000120705,0,0.0139149424379956,0.0162957437640536,0.015,0.010226631381414815,0.011997735660973,0.0038959722982027586,0.006574778511796683
Enh748_HSPA9,Enh748,ENSG00000113013,0,0.009567691447508,0.0118170825762027,0.028,0.020339962377699583,0.020974889947963378,0.0026388245193052127,0.00292495121531023
Enh749_CTNNA1,Enh749,ENSG00000044115,0,0.0029228711711241,0.0050186467839719,0.0,2.9814997077690255e-06,1.6482107604767266e-05,0.0008343945397333703,0.00234785445752688
Enh749_ETF1,Enh749,ENSG00000120705,0,0.0063799239426621,0.0100311913720779,0.006,0.007400195863013344,0.009784256920251564,0.001239685952026605,0.0031397274260381064
Enh749_HSPA9,Enh749,ENSG00000113013,0,0.0043635591564946,0.0072959418745539,0.034,0.03334781043860877,0.03204811249781146,0.0006300131207462124,0.0016372050351862071
Enh74_C1orf122,Enh74,ENSG00000197982,0,0.0058971625506715,0.0089140075543792,0.15,0.1277089659055377,0.09211809449961532,0.0037974330286411253,0.0060169046382138784
Enh74_SF3A3,Enh74,ENSG00000183431,0,0.0417014619740026,0.0452553667665562,0.002,0.002573463265070071,0.003652721256970262,0.009936754767894334,0.015356525379969208
Enh74_UTP11,Enh74,ENSG00000183520,0,0.0597144034198354,0.0651744614962013,0.019,0.023861399670052574,0.026765063360072918,0.0510045318746661,0.05330957534398243
Enh750_CTNNA1,Enh750,ENSG00000044115,0,0.0242513159053532,0.0232109913678486,0.004,0.0071632774586160245,0.009745951506917181,0.022778100379673937,0.02509029732782792
Enh750_ETF1,Enh750,ENSG00000120705,0,0.0730315734680711,0.0564091011256541,0.092,0.08541784541539575,0.06979849209833501,0.021975315437027812,0.015287240413355859
Enh750_HSPA9,Enh750,ENSG00000113013,0,0.0412945550393069,0.0348651576074965,0.093,0.09195750436725701,0.07219299815360496,0.019608710321983566,0.01494946157970812
Enh751_BRD8,Enh751,ENSG00000112983,0,0.0229340678500648,0.0228437361437471,0.011,0.007897299507584067,0.01032527138688944,0.008651061060372452,0.008144137306405442
Enh751_CTNNA1,Enh751,ENSG00000044115,0,0.0283193820606395,0.0233249085464367,0.028,0.020339962377699583,0.019999392207812147,0.02054931412442281,0.01606182406145262
Enh751_ETF1,Enh751,ENSG00000120705,0,0.1132087789522967,0.1869003845799744,0.095,0.07112998921177952,0.11305577330444692,0.04148553049350693,0.07061534837145829
Enh751_HSPA9,Enh751,ENSG00000113013,0,0.059462011791679,0.0515339915452636,0.156,0.11899181995185991,0.09474609749157983,0.026414128975149137,0.022241802095634977
Enh752_CTNNA1,Enh752,ENSG00000044115,0,0.0114427296381073,0.0126885362973565,0.0,5.756159089489331e-06,3.121708805920166e-05,0.009888632865250234,0.011937186867778704
Enh752_ETF1,Enh752,ENSG00000120705,0,0.0433847757391247,0.0465662492860397,0.003,0.0036865130490640182,0.005403772362296691,0.008957952615289099,0.01443269344048191
Enh752_HSPA9,Enh752,ENSG00000113013,0,0.0214252835915809,0.0214193586164334,0.027,0.03004083314843275,0.027674227908413743,0.007593081181367048,0.00678367454389232
Enh753_CTNNA1,Enh753,ENSG00000044115,0,0.1124589972903652,0.0939835569969588,0.011,0.01097739581312988,0.012836059944026725,0.10835655313706714,0.0958764686597786
Enh753_ETF1,Enh753,ENSG00000120705,0,0.1555342467297718,0.117386608673174,0.004,0.004139487794705425,0.005157070175100883,0.06992001908626863,0.048512751473244756
Enh753_HSPA9,Enh753,ENSG00000113013,0,0.6928063240580348,0.4363563282837589,0.131,0.1077285228644831,0.06504832000356132,0.5177491198626286,0.22979701815080783
Enh754_CXXC5,Enh754,ENSG00000171604,0,0.0086791018987618,0.0091990911079183,0.146,0.12047242980494265,0.09371182450223799,0.00810669394775658,0.0070038443224913465
Enh754_PAIP2,Enh754,ENSG00000120727,0,0.0300844762417488,0.0235421141512685,0.0,2.094923461404673e-06,1.0144124425238396e-05,0.012520194335065361,0.009884648338007543
Enh754_SIL1,Enh754,ENSG00000120725,0,0.0201410478694075,0.0170528601197868,0.003,0.0033417456007639253,0.004971073470164182,0.009454950333825173,0.0067788154756542995
Enh754_UBE2D2,Enh754,ENSG00000131508,0,0.4571888710400006,0.2672200265047946,0.132,0.10198207509593826,0.08591969871311848,0.20384075130766813,0.09772686825575227
Enh755_GALNT10,Enh755,ENSG00000164574,0,0.015105117820403,0.0118086582154846,0.122,0.09976268266501638,0.08214979008403873,0.003773152678126475,0.0030212761038469586
Enh755_LARP1,Enh755,ENSG00000155506,0,0.0419473493726808,0.0308797234216578,0.135,0.11914388670830599,0.11530146534755017,0.027167617775062155,0.018364367952013728
Enh755_MRPL22,Enh755,ENSG00000082515,0,0.0397991922874276,0.0308042914282528,0.001,0.0015651969645143887,0.002892647205849362,0.008981121429852216,0.007770118802622241
Enh756_BOD1,Enh756,ENSG00000145919,0,0.0464626429821668,0.0433164162606624,0.018,0.024275338001012132,0.025194970242531627,0.019576228791360492,0.015210310876277867
Enh756_STC2,Enh756,ENSG00000113739,0,0.00529299240859,0.006735746059266,0.069,0.0719885711547503,0.05789459576122188,0.012995661217409065,0.01608605771010704
Enh757_CPEB4,Enh757,ENSG00000113742,1,0.0819230570800137,0.0651962065594667,0.458,0.36915480841069415,0.2402755268227958,0.0356869350953638,0.024911778937674968
Enh758_SUB1,Enh758,ENSG00000113387,0,0.2156026557134938,0.1758467665293883,0.133,0.10267241420979856,0.11686287408416035,0.31842852240296093,0.26372950274473417
Enh758_ZFR,Enh758,ENSG00000056097,0,0.1411033358749779,0.1158598668048999,0.013,0.012173728620234279,0.01708718577274543,0.07856914374815414,0.05807204279544295
Enh759_DHX29,Enh759,ENSG00000067248,0,0.0351995037575545,0.0301212044779835,0.017,0.021305354728110015,0.021508668232017008,0.015391915759273242,0.011276062951470373
Enh759_GPX8,Enh759,ENSG00000164294,0,0.0137823948736379,0.0144039567614804,0.004,0.006436781197253342,0.008413765020695612,0.012655707355299094,0.011956496922648297
Enh759_IL6ST,Enh759,ENSG00000134352,0,0.0166288011798836,0.0171946039342682,0.035,0.038699186081255756,0.03697725261166957,0.018387532024339525,0.016990117053511
Enh759_MTREX,Enh759,ENSG00000039123,0,0.0333066745366628,0.0272347820840544,0.002,0.003624807764803379,0.0049329723050867596,0.017180575293483446,0.01141150411916395
Enh75_CTPS1,Enh75,ENSG00000171793,0,0.0143210818172745,0.0116008804883632,0.001,0.0006605797335826881,0.0013045834405798359,0.004994381971476267,0.0036796429978711792
Enh760_DHX29,Enh760,ENSG00000067248,0,0.0257958004201743,0.0287424822887469,0.006,0.007509905208632837,0.009217684475325075,0.014164526025905927,0.014495833973414168
Enh760_GPX8,Enh760,ENSG00000164294,0,0.0102943902026162,0.0136036965421712,0.002,0.0029032673484948456,0.004350415018518194,0.012964113985195185,0.017254243295484892
Enh760_IL6ST,Enh760,ENSG00000134352,0,0.0119917164912429,0.0148678903857314,0.1,0.0861813485860912,0.06680857803820658,0.01798514522458684,0.023015422306743392
Enh760_MTREX,Enh760,ENSG00000039123,0,0.0240882934604899,0.026577958407922,0.001,0.0015934925603484594,0.0026145221222632535,0.01517379964575011,0.015138136947591706
Enh763_PLK2,Enh763,ENSG00000145632,0,0.009810569786702,0.0088259764988196,0.077,0.05944909867873122,0.05133198134837912,0.004599775404419579,0.003680341497817424
Enh766_RPS23,Enh766,ENSG00000186468,0,0.0089933809316374,0.011317171362483,0.0,3.619147799836051e-06,2.1352109136534264e-05,0.012324762634954058,0.023080541614076536
Enh766_TMEM167A,Enh766,ENSG00000174695,0,0.0157030871392583,0.0187568764284588,0.0,6.605720743558276e-06,3.106337154325803e-05,0.0144950453687556,0.015471336833910007
Enh769_TMEM14B,Enh769,ENSG00000137210,0,0.0200948259437136,0.0247469430728136,0.002,0.002573463265070071,0.003759210175285709,0.006705546021275062,0.008445072423380154
Enh769_TMEM14C,Enh769,ENSG00000111843,0,0.0191987788687878,0.0221109345823702,0.024,0.02722071082957012,0.02672298091381098,0.011757467430305254,0.014397204237016039
Enh770_AMD1,Enh770,ENSG00000123505,0,0.0228363297054711,0.0220243985003954,0.0,5.695657897268426e-06,2.1809359677424194e-05,0.007799323161745932,0.006819454135161776
Enh770_GTF3C6,Enh770,ENSG00000155115,0,0.0199308905994528,0.0206267776901672,0.029,0.03915101113673468,0.03718990977271067,0.02099947612656933,0.019562642252245854
Enh770_RPF2,Enh770,ENSG00000197498,0,0.0222029942562154,0.0222031483860225,0.02,0.02930542316931802,0.028816969878340353,0.01362786501196181,0.01244581937438652
Enh771_AMD1,Enh771,ENSG00000123505,0,0.0215732834794463,0.0254442948794849,0.0,4.7259798358504007e-07,3.4492715162562603e-06,0.005869105013188707,0.007466759933521611
Enh771_GTF3C6,Enh771,ENSG00000155115,0,0.0189272448284851,0.0181781856754609,0.014,0.013504352361782998,0.016084473212998218,0.015529067198027808,0.014736400588218533
Enh771_RPF2,Enh771,ENSG00000197498,0,0.0203402397326603,0.0196739855837769,0.007,0.007044908313919443,0.009564214522532267,0.010247766540195342,0.010168253279868122
Enh772_AMD1,Enh772,ENSG00000123505,1,0.0133458127769416,0.0208303957708334,0.001,0.0011645147406368758,0.0026708727559775726,0.005194455941243647,0.00824698304053094
Enh772_CDC40,Enh772,ENSG00000168438,0,0.0120025245279518,0.0130040465278288,0.0,2.094923461404673e-06,9.972582587235853e-06,0.005874037324110377,0.008468474168608634
Enh772_GTF3C6,Enh772,ENSG00000155115,0,0.0108784450437344,0.0122158822486054,0.001,0.0015934925603484594,0.0028906443631826224,0.01315572245968493,0.01373442141022027
Enh772_RPF2,Enh772,ENSG00000197498,0,0.012759661730306,0.0145075988316578,0.004,0.005288491760187157,0.0077213520168455795,0.009249726412838066,0.00902536538306432
Enh774_GJA1,Enh774,ENSG00000152661,0,0.0198750675305492,0.0206951631316601,0.05,0.04709985870001017,0.04434757935447094,0.0236609647474882,0.025309823659137507
Enh775_HIVEP1,Enh775,ENSG00000095951,0,0.042878626444095,0.0448852126673327,0.022,0.027057250269016456,0.027572535406610227,0.014595152722944687,0.014714210646021972
Enh776_SERINC1,Enh776,ENSG00000111897,0,0.0150022568176,0.0141114089589246,0.002,0.0019783222684577485,0.0028437212043197877,0.006084484759884901,0.004999594866718591
Enh778_HDDC2,Enh778,ENSG00000111906,0,0.0290964988010204,0.0261242434037305,0.001,0.0020404501315090836,0.0034945232487383483,0.012201416080928557,0.0101958187773928
Enh779_HDDC2,Enh779,ENSG00000111906,0,0.1069129970912392,0.0465417699029683,0.088,0.08357086364534984,0.06402180190508093,0.02766308036241429,0.008051620901925176
Enh779_NCOA7,Enh779,ENSG00000111912,0,0.0096061068873861,0.0073271720050182,0.005,0.006318634824309322,0.00899477023987969,0.012097506573514874,0.008336881059944685
Enh779_RNF217,Enh779,ENSG00000146373,0,0.0066425403153154,0.0051180057924615,0.35,0.2686934561312823,0.19267528809666734,0.020109462572525286,0.016602932130094776
Enh779_TPD52L1,Enh779,ENSG00000111907,0,0.0358735181533421,0.0204221237464435,0.167,0.13865582655156067,0.10512357208666903,0.01662877144934844,0.009057110269710544
Enh782_HBS1L,Enh782,ENSG00000112339,0,0.0715420127231279,0.0586237632627313,0.01,0.013739693834807856,0.01780429090912704,0.044599400770927,0.04138204415906583
Enh783_BCLAF1,Enh783,ENSG00000029363,0,0.0273477049878568,0.0282092764413983,0.006,0.006095973957544442,0.008296439129629908,0.03294492242340108,0.032027887600171424
Enh785_SF3B5,Enh785,ENSG00000169976,0,0.1211657597992161,0.0620836918696802,0.079,0.07600293670944713,0.053750455563260066,0.085051008563083,0.030079474835652306
Enh785_UTRN,Enh785,ENSG00000152818,0,0.0128766123855382,0.0097661318427641,0.197,0.16090365545623225,0.09753433909010878,0.0011849151956050696,0.0015278042133312507
Enh786_GINM1,Enh786,ENSG00000055211,0,0.0037217718435679,0.0051694223004623,0.012,0.01541233268339131,0.016666606952888584,0.0008736501948610347,0.0019939744639380524
Enh786_PCMT1,Enh786,ENSG00000120265,0,0.0075108420752469,0.0086120511614775,0.006,0.008887359385965913,0.010327045542046387,0.003929101748380825,0.004638424674045961
Enh786_PPIL4,Enh786,ENSG00000131013,0,0.0042498969495158,0.0054854823414085,0.003,0.004902208502882066,0.006269307507350028,0.0017192198917722551,0.0022127737582886492
Enh789_ARID1B,Enh789,ENSG00000049618,0,0.1588514572369418,0.0960321681190228,0.064,0.06379619773037076,0.06178364074530361,0.08217894622293279,0.0468721660556425
Enh78_ELOVL1,Enh78,ENSG00000066322,0,0.1051305211295382,0.06270641509893,0.021,0.027503871047941872,0.024953039493281377,0.03584230478281165,0.014378600066175879
Enh78_MED8,Enh78,ENSG00000159479,0,0.0876231332028545,0.0621555450972582,0.0,5.009391333501727e-06,2.3570099108154812e-05,0.03501193740489933,0.022912468580318642
Enh793_ARID1B,Enh793,ENSG00000049618,0,0.0138370282000591,0.00819092060192,0.008,0.011778169059688625,0.013453409135226886,0.007622818237256143,0.004306634683520567
Enh793_SNX9,Enh793,ENSG00000130340,0,0.0109378051709226,0.0067820064334464,0.015,0.019675993022550464,0.020764522635528703,0.005004766536950613,0.002831557417523781
Enh793_TMEM242,Enh793,ENSG00000215712,0,0.0713822235375118,0.0346219061148158,0.014,0.01542147718352805,0.017966104751034696,0.1514572361843152,0.08946324315359261
Enh794_QKI,Enh794,ENSG00000112531,0,0.1505271335849614,0.2360151484794071,0.022,0.01971517426566443,0.0426232919966973,0.05168609419786435,0.08656047836126479
Enh795_QKI,Enh795,ENSG00000112531,0,0.1338205846381376,0.1055708272976154,0.026,0.026707175800730034,0.02627506644207182,0.05327727060230052,0.04481174021436056
Enh799_HIST1H2BG,Enh799,ENSG00000273802,1,0.0702720586706186,0.0494486378047779,0.407,0.34949039531838105,0.24631587818953726,0.9962777440324114,0.9951217745960745
Enh79_CMPK1,Enh79,ENSG00000162368,0,0.0334276865026375,0.0243226784580061,0.0,8.315749413280378e-06,4.2920483700908336e-05,0.010259906422823005,0.005680378410685672
Enh7_ATP1A1,Enh7,ENSG00000163399,0,0.027222143177889,0.0276877011713259,0.001,0.0012224574099880784,0.0023326083887322126,0.014920967922265634,0.014312584742416928
Enh800_HIST1H4C,Enh800,ENSG00000197061,0,0.0219855052806417,0.0235671306202712,0.144,0.1130971185199589,0.09035012369402887,0.007605589035536066,0.008579150687110546
Enh801_HMGN4,Enh801,ENSG00000182952,0,0.0510743817565202,0.0356336805586097,0.014,0.013690301554527827,0.016036802929524006,0.05040082192689163,0.03963806530023246
Enh802_HIST1H4C,Enh802,ENSG00000197061,0,0.0106086660860951,0.011981907062003,0.003,0.0018480451661116155,0.0028861937928613335,0.0031541341104043647,0.00382794870552347
Enh805_HIST1H4C,Enh805,ENSG00000197061,0,0.0183010861828193,0.0140376196476441,0.006,0.006618587744641534,0.007482515404277169,0.003067692054252738,0.002166224026087383
Enh806_HIST1H4C,Enh806,ENSG00000197061,0,0.003690665107474,0.0066841645355096,0.005,0.004745269490871058,0.0059044342564011434,0.0012942497225365232,0.002036580573589739
Enh810_ZSCAN16-AS1,Enh810,ENSG00000269293,0,0.0119270619395129,0.0121204167942026,0.252,0.19774855967266056,0.13397336908598834,0.0075605511693799185,0.006385580840220584
Enh811_ZSCAN16-AS1,Enh811,ENSG00000269293,0,0.0270667441690432,0.0252089032475918,0.218,0.1829202403233649,0.13169465905135164,0.012760776190608473,0.012059065187639753
Enh812_ZSCAN16-AS1,Enh812,ENSG00000269293,0,0.0247087582619855,0.0205542849446785,0.382,0.32097805313425715,0.22697530673086785,0.00969544854488043,0.008186748827190603
Enh813_CUTA,Enh813,ENSG00000112514,0,0.0051275648199324,0.0065344457083593,0.007,0.00500300644869643,0.007009562285473613,0.004528783471913938,0.005770255362012574
Enh813_HMGA1,Enh813,ENSG00000137309,0,0.005160306357913,0.0067675415280312,0.002,0.0014141790742552862,0.0026093227220873754,0.00643281987286693,0.008472072174195775
Enh813_PFDN6,Enh813,ENSG00000204220,0,0.0057031448935268,0.0076015487053159,0.002,0.0013550557282384955,0.002341836494288326,0.0027926995069358874,0.003953303124377047
Enh813_RPS18,Enh813,ENSG00000231500,0,0.0021617712378187,0.0032068720679004,0.031,0.02255537230772954,0.022730796317257673,0.0035302304161405717,0.005679458033370022
Enh813_SMIM29,Enh813,ENSG00000186577,0,0.0079489758086534,0.0091477392250617,0.002,0.0021741352153798023,0.0033163917192553087,0.004659204317807177,0.005582283979587257
Enh813_TAPBP,Enh813,ENSG00000231925,0,0.0056177778608338,0.0073387357304826,0.004,0.0025851365817003446,0.003824664375680777,0.0016424080857204825,0.0026846660566185957
Enh813_UQCC2,Enh813,ENSG00000137288,0,0.0743827206658414,0.0548799610615303,0.082,0.07142962394418376,0.05867692837390736,0.06803218849664901,0.05035020680350483
Enh814_HMGA1,Enh814,ENSG00000137309,0,0.3093762652054223,0.3885053688118827,0.272,0.22518677642657975,0.37339779526351835,0.4443501617655331,0.6181761576527881
Enh814_NUDT3,Enh814,ENSG00000272325,0,0.0729064079463548,0.0451391630758751,0.095,0.09356894785684183,0.08025647218626765,0.30154668800948115,0.2575304667958647
Enh814_RPS10,Enh814,ENSG00000124614,0,0.0307207561316859,0.0202728773478815,0.003,0.005669458808377428,0.007936237065827639,0.059050450233550926,0.0464879088662067
Enh814_SMIM29,Enh814,ENSG00000186577,0,0.2709644321308986,0.1335760202235816,0.266,0.22531946944013426,0.17018147335717598,0.07932097209959589,0.03239660309129135
Enh815_RPL10A,Enh815,ENSG00000198755,0,0.0164613544278272,0.0222341550235481,0.0,5.147562662811493e-07,3.4029098129600713e-06,0.039561617789235046,0.0426297749856895
Enh815_SRPK1,Enh815,ENSG00000096063,0,0.0338354304735696,0.0394742547757697,0.0,1.7339737768865494e-06,1.018832837740393e-05,0.04250098924808065,0.048400063176301925
Enh816_RPL10A,Enh816,ENSG00000198755,0,0.0122665000346522,0.0186695594001815,0.0,3.901780365034957e-06,1.836136297489724e-05,0.03571462217060428,0.057803297172632946
Enh816_SRPK1,Enh816,ENSG00000096063,0,0.0343309630332269,0.0485024869386968,0.0,7.4710433999781855e-06,3.650041290188618e-05,0.04083461755551425,0.05759520903474128
Enh817_KCTD20,Enh817,ENSG00000112078,0,0.0038713781255439,0.0054854709506727,0.011,0.010767948306322076,0.012900074213478857,0.0027258666491080533,0.003812973376349724
Enh817_SRPK1,Enh817,ENSG00000096063,0,0.0049707158436354,0.0063125964948868,0.0,1.7339737768865494e-06,9.858678224201624e-06,0.00679569717052803,0.00805113170401987
Enh817_SRSF3,Enh817,ENSG00000112081,0,0.0022651374787848,0.0035969235523998,0.002,0.0013550557282384955,0.0023031664531109096,0.0027159436885319643,0.004158010912032498
Enh818_CDKN1A,Enh818,ENSG00000124762,0,0.0089053086253455,0.0124359700807035,0.057,0.05700871287405001,0.0514100239385543,0.017345577515465362,0.022025055951871077
Enh818_KCTD20,Enh818,ENSG00000112078,0,0.0530780936886626,0.0527681338121931,0.046,0.056083207378890894,0.051735521099721814,0.028603328297263607,0.027343060575768376
Enh818_SRPK1,Enh818,ENSG00000096063,0,0.0127860700363594,0.0157731363655077,0.001,0.0028028451196375815,0.004029968155785776,0.018669674397824403,0.0210657750993864
Enh818_SRSF3,Enh818,ENSG00000112081,0,0.0188408183911634,0.0227039599793743,0.0,5.009391333501727e-06,2.335711857195003e-05,0.020291559197995496,0.021944245261546362
Enh818_STK38,Enh818,ENSG00000112079,0,0.0384894436157721,0.0404143051905594,0.007,0.009803751183428543,0.011403948225404303,0.014616918291927105,0.014122588349347754
Enh819_MEA1,Enh819,ENSG00000124733,0,0.0081704259339509,0.0088680659296224,0.0,2.1902043502750537e-06,1.3631411026049666e-05,0.0043526090026157335,0.004317683483291165
Enh819_MRPS10,Enh819,ENSG00000048544,0,0.0264173831393529,0.0226589314674423,0.055,0.04317441259097327,0.03958963905519627,0.012079262022084196,0.009565070485378514
Enh819_PPP2R5D,Enh819,ENSG00000112640,0,0.0129023151425482,0.0128814597476398,0.0,4.020519762748885e-06,2.1502020770349123e-05,0.011101752967471507,0.012255937430454035
Enh819_RPL7L1,Enh819,ENSG00000146223,0,0.0150825888134005,0.0140754079345807,0.005,0.0053337636203801145,0.007368513464818869,0.010387158901926218,0.009745919673425954
Enh819_RRP36,Enh819,ENSG00000124541,0,0.0111949688125587,0.0113013733361612,0.0,2.094923461404673e-06,9.977548691565757e-06,0.002706489490977605,0.0031374852184468845
Enh820_MEA1,Enh820,ENSG00000124733,0,0.0087936805702596,0.0133602976226563,0.006,0.0063024725126698995,0.00858526569321738,0.004119140940572319,0.005837756152711085
Enh820_MRPS10,Enh820,ENSG00000048544,0,0.0283136209978927,0.0343699287915003,0.007,0.005910356083650225,0.008000845408760272,0.013954749625479115,0.016423443798069672
Enh820_RPL7L1,Enh820,ENSG00000146223,0,0.0162323241921873,0.0200444164337236,0.0,2.1902043502750537e-06,1.3017425441019874e-05,0.009837929950069272,0.012327809329058687
Enh820_RRP36,Enh820,ENSG00000124541,0,0.0120459971534918,0.0169718279955567,0.011,0.010447003851544002,0.012141433569093151,0.00395167670659287,0.005736623524782307
Enh821_DNPH1,Enh821,ENSG00000112667,0,0.0147723298889305,0.0121149987837233,0.016,0.014723967297208925,0.015839534275603386,0.0033412934567342506,0.003108862583825281
Enh821_MRPL14,Enh821,ENSG00000180992,0,0.0151769228214392,0.0116729060574483,0.0,2.094923461404673e-06,9.741967781537635e-06,0.0074214248682875515,0.005518039314546386
Enh821_MRPS18A,Enh821,ENSG00000096080,0,0.4859842768924369,0.2809942914917009,0.338,0.2695004889436346,0.19593005812050526,0.3543703996097825,0.17915944611924287
Enh821_VEGFA,Enh821,ENSG00000112715,1,0.1334817623907358,0.0607139960888223,0.527,0.4297989095693378,0.2439668564634627,0.26355437939965143,0.14750022871123933
Enh821_YIPF3,Enh821,ENSG00000137207,0,0.0298202545463452,0.0206154111193863,0.0,2.094923461404673e-06,9.775985815167054e-06,0.008613659689684982,0.006264159245447878
Enh822_SMAP1,Enh822,ENSG00000112305,0,0.0151477291495796,0.0145158979208222,0.005,0.003940849951687483,0.00536083656012946,0.0037180975630063677,0.0036744242486392055
Enh824_HMGN3,Enh824,ENSG00000118418,0,0.0269112041351198,0.0236044469013043,0.303,0.2385404423726762,0.17192577579750767,0.016128999311750405,0.01165913663516761
Enh824_PHIP,Enh824,ENSG00000146247,0,0.0224079444388294,0.0206526455043389,0.0,3.0393753866253288e-06,1.2409842162804321e-05,0.006482200187886321,0.005541038129361498
Enh826_AKIRIN2,Enh826,ENSG00000135334,0,0.0046032025015549,0.0061479809961759,0.014,0.015625117311382844,0.016925674000585967,0.0038992886341123792,0.004910421692783605
Enh826_ORC3,Enh826,ENSG00000135336,0,0.0034725142481874,0.0049663274390207,0.009,0.007206607543281541,0.00865162785847451,0.003963244457854001,0.005193890919163569
Enh826_RARS2,Enh826,ENSG00000146282,0,0.0035214662953403,0.0050712639196759,0.001,0.0015934925603484594,0.0027011615006336405,0.004996263942151822,0.007955345200246667
Enh830_COPS6,Enh830,ENSG00000168090,0,0.0021763937979488,0.0046027090333889,0.0,2.9814997077690255e-06,1.6739262578020806e-05,0.0003735998528415252,0.0012584067778229732
Enh830_GNB2,Enh830,ENSG00000172354,0,0.0037279547661276,0.0072579122048267,0.004,0.003144116225014312,0.004236446302379518,0.00126861632313943,0.0031731656262910376
Enh830_LAMTOR4,Enh830,ENSG00000188186,0,0.0021182369692765,0.0043437883319726,0.0,3.619147799836051e-06,2.1361382375521916e-05,0.001315970629552289,0.0028012169743670628
Enh830_TRIP6,Enh830,ENSG00000087077,0,0.0022087457879421,0.0047659789065288,0.102,0.08476364604147668,0.06955129206055183,0.0006244290715290325,0.001756671075287953
Enh830_ZKSCAN1,Enh830,ENSG00000106261,0,0.0019003225285488,0.0044060299096884,0.0,4.397005491117493e-06,2.9419180973930836e-05,0.0011354716104445127,0.0033478914573947492
Enh831_AP1S1,Enh831,ENSG00000106367,0,0.1184982480565376,0.0817715131018246,0.13,0.09830090539790111,0.09105169669384224,0.04991990628449526,0.03511266227847742
Enh831_FIS1,Enh831,ENSG00000214253,0,0.040146820233367,0.0271476008672637,0.003,0.0020631943620460246,0.0032757184986219553,0.03722908739045862,0.02400857356693169
Enh831_GNB2,Enh831,ENSG00000172354,0,0.0119160867684847,0.0102284625893296,0.001,0.0005814205205144025,0.0011065462609157921,0.003044912331859458,0.0028372426248620647
Enh831_PLOD3,Enh831,ENSG00000106397,0,0.0650140153808849,0.0399553278160173,0.145,0.11395341146960711,0.09106852527120433,0.015693727935545073,0.010339933398738418
Enh831_POP7,Enh831,ENSG00000172336,0,0.0174174474323246,0.0135753782476059,0.001,0.0007032640451791812,0.0014913904967177858,0.006336949798753284,0.0048668659735932466
Enh831_SERPINE1,Enh831,ENSG00000106366,1,0.1456939435663062,0.1684966573048358,0.543,0.4660756320430498,0.47213400793972365,0.15694132716542628,0.15657359723870357
Enh831_SRRT,Enh831,ENSG00000087087,0,0.0410317861617611,0.0276755241281403,0.002,0.0013550557282384955,0.0022797794053991227,0.018031643584323995,0.010188011906659782
Enh831_TRIM56,Enh831,ENSG00000169871,0,0.4281475451737249,0.7885693625038444,0.891,0.881924349947506,0.9584842871830592,0.21604069451162553,0.6775067414189891
Enh831_TRIP6,Enh831,ENSG00000087077,0,0.0269667326180258,0.0191192433542187,0.52,0.47491413338918614,0.33481569298145425,0.0063974632087462615,0.0049362083516646905
Enh831_ZNHIT1,Enh831,ENSG00000106400,0,0.0403341686239022,0.0264102835248262,0.017,0.01249758604108024,0.014303654546294967,0.05363839029484238,0.029557149959239658
Enh832_SYPL1,Enh832,ENSG00000008282,0,0.1156511335540106,0.1088436232900984,0.017,0.021698250541180495,0.025405207833052907,0.043833264336176375,0.03991831447666435
Enh833_SYPL1,Enh833,ENSG00000008282,0,0.0309455989249688,0.013962724489146,0.012,0.013493075120965162,0.009365990010131659,0.010113399733323663,0.004012880315277541
Enh834_NAMPT,Enh834,ENSG00000105835,0,0.0327043781987568,0.0218209179828195,0.001,0.0006128019333193777,0.0010729431520689152,0.012856533851463667,0.012027312986281383
Enh834_SYPL1,Enh834,ENSG00000008282,0,0.1823023865252936,0.2833123559395627,0.293,0.25377478151441385,0.38215184216352416,0.055118452028965315,0.12186184052480929
Enh835_SYPL1,Enh835,ENSG00000008282,0,0.0275252718019614,0.0278184517234704,0.015,0.012301919123761157,0.013705311214199517,0.012526450201258973,0.00994379212597169
Enh838_CPA4,Enh838,ENSG00000128510,1,0.0042389179265272,0.0034322237524791,0.064,0.06102022148246098,0.048606683251418654,0.0009255748409883423,0.0011899648300094776
Enh838_KLHDC10,Enh838,ENSG00000128607,0,0.0154011566483307,0.0101124916442015,0.001,0.0020404501315090836,0.0033566829708300077,0.013480396766035053,0.012128328475886276
Enh838_UBE2H,Enh838,ENSG00000186591,0,0.0381317302861692,0.0270164187077869,0.11,0.09769953916281378,0.10131386794673515,0.01174371039448478,0.01286838188131718
Enh841_CUL1,Enh841,ENSG00000055130,0,0.0248178510239366,0.0316256057866563,0.001,0.0015651969645143887,0.002604962744653463,0.014124822564796495,0.015559456722147237
Enh842_CUL1,Enh842,ENSG00000055130,0,0.0169196176891203,0.0136298058140808,0.001,0.0009117979346929358,0.001651363424960465,0.007467012997552653,0.005518090481732886
Enh842_PDIA4,Enh842,ENSG00000155660,0,0.1409217387884835,0.0997006143835152,0.186,0.14454564241322335,0.13383425382722217,0.051655497507158,0.034403512415798594
Enh845_ABCF2,Enh845,ENSG00000033050,0,0.0307526938495664,0.0218319656352582,0.006,0.006814449519233382,0.008518714174144395,0.009477507446085989,0.00911749366354142
Enh845_AGAP3,Enh845,ENSG00000133612,0,0.0215994419759192,0.0164178118766306,0.029,0.02755649514552103,0.02734962833219776,0.021548150908682173,0.025019528842003376
Enh845_CHPF2,Enh845,ENSG00000033100,0,0.0337260344081641,0.0224235404762619,0.173,0.1467412663264182,0.10554049479521449,0.020908439664394707,0.013796225706423804
Enh845_FASTK,Enh845,ENSG00000164896,0,0.0195776337737459,0.0146997510983973,0.001,0.0015651969645143887,0.002482736122995088,0.019609177547985766,0.013667300951155533
Enh845_NUB1,Enh845,ENSG00000013374,0,0.049115904029404,0.0276675986027458,0.006,0.005647805269574295,0.006630797952584029,0.028356000572894672,0.013886572638710074
Enh845_RHEB,Enh845,ENSG00000106615,0,0.1215612256559712,0.0544040531891597,0.007,0.006543664828919426,0.006881617880443991,0.033001616022548697,0.011310452454239926
Enh845_SLC4A2,Enh845,ENSG00000164889,0,0.0131389796177245,0.0105298460442475,0.032,0.03463261317457658,0.03356204792634475,0.003444409505290526,0.002409922330655053
Enh845_SMARCD3,Enh845,ENSG00000082014,0,0.0455077529606928,0.0304844211731501,0.051,0.05342172113559135,0.04795765595508604,0.014683800534382788,0.007888535105393417
Enh846_ABCF2,Enh846,ENSG00000033050,0,0.0134980100712155,0.0169167552626955,0.0,2.094923461404673e-06,1.0175796828957021e-05,0.004931877561405036,0.007859047387463403
Enh846_AGAP3,Enh846,ENSG00000133612,0,0.0095733028345874,0.0129275428663175,0.001,0.0011645147406368758,0.001961282908994911,0.009605535376420582,0.018533709862593853
Enh846_CHPF2,Enh846,ENSG00000033100,0,0.015153132757491,0.0181053027722274,0.0,4.020519762748885e-06,2.150499211688519e-05,0.013066920847827646,0.01788082548898922
Enh846_NUB1,Enh846,ENSG00000013374,0,0.02213896815556,0.0240640197910173,0.0,9.957927500507358e-07,5.2344738104043745e-06,0.016477616034668654,0.016732681589843937
Enh846_RHEB,Enh846,ENSG00000106615,0,0.2456857261945191,0.1858239917802399,0.004,0.0032631062929676844,0.004906564532531664,0.1073307413247705,0.07611908197432292
Enh846_SLC4A2,Enh846,ENSG00000164889,0,0.0067958101162862,0.009624848346637,0.011,0.01097739581312988,0.013104032137819759,0.002044612510265177,0.0021945659029237547
Enh846_SMARCD3,Enh846,ENSG00000082014,0,0.0213636630882125,0.024934582829403,0.018,0.019418188649350653,0.0213419821976728,0.011814971139395173,0.013165925772504779
Enh848_DNAJB6,Enh848,ENSG00000105993,0,0.1528438932526682,0.1164076431347576,0.034,0.03088597182160888,0.035401819210447966,0.18620815532654084,0.17475462127064123
Enh849_DNAJB6,Enh849,ENSG00000105993,1,0.2370543595511337,0.9033448989299492,0.374,0.2895856318855772,0.8792406675171291,0.330871846281587,0.9785451270986139
Enh849_UBE3C,Enh849,ENSG00000009335,0,0.070711868495044,0.0639514707768138,0.004,0.0038345963012397866,0.005419414963091121,0.024833866720890913,0.020956800975259444
Enh84_RNF11,Enh84,ENSG00000123091,0,0.028921398693546,0.0207501089671537,0.02,0.024937470918370452,0.023590001684915794,0.009918076084355517,0.0071401342280878605
Enh851_CBX3,Enh851,ENSG00000122565,0,0.0100400954105164,0.0099552588659549,0.002,0.001205905421111876,0.00207677675064421,0.013577853237364539,0.012616042745820845
Enh851_HNRNPA2B1,Enh851,ENSG00000122566,0,0.0103024842163357,0.0105005103777076,0.007,0.00500300644869643,0.007555482901968486,0.010931673380616338,0.01119249875648253
Enh852_MRPL32,Enh852,ENSG00000106591,0,0.146947498559674,0.0724578202685389,0.004,0.0032631062929676844,0.004307420140296249,0.07498147740892315,0.03485851958307981
Enh852_PSMA2,Enh852,ENSG00000106588,0,0.0937305034377876,0.0499600575899957,0.005,0.0064143740047216714,0.008594446864362426,0.10582076364719467,0.04687669355557674
Enh853_EGFR,Enh853,ENSG00000146648,0,0.002524898667405,0.0037505280196874,0.002,0.0015591928156385576,0.0021961416823053034,0.000586807082126627,0.0012083111043401894
Enh853_SEC61G,Enh853,ENSG00000132432,0,0.0045837620293182,0.0065643494828638,0.001,0.0007733817775325208,0.0013997953938065801,0.008159295720076799,0.015107007037634856
Enh854_HSPB1,Enh854,ENSG00000106211,1,0.3070808241340585,0.9787180522130096,0.875,0.7629663488789162,0.9916983734103663,0.5904921491388362,0.9982672908309208
Enh854_MDH2,Enh854,ENSG00000146701,0,0.0372206452024293,0.0331321275177924,0.002,0.002573463265070071,0.003613263418005119,0.013507254754445112,0.010623471523296426
Enh854_YWHAG,Enh854,ENSG00000170027,0,0.1033820376848982,0.0894679458004434,0.07,0.060445468918563935,0.061220340797314504,0.09716245096536492,0.0718989558531118
Enh855_HSPB1,Enh855,ENSG00000106211,1,0.5397739639818386,0.9214847539689756,0.813,0.7186459409463922,0.9467901554142445,0.8308704267209374,0.9867579764313549
Enh855_MDH2,Enh855,ENSG00000146701,0,0.0479927006046737,0.0484069987137417,0.01,0.011571795610845878,0.014124756402643513,0.02612482666161319,0.022346202714884522
Enh855_YWHAG,Enh855,ENSG00000170027,0,0.1537156322448954,0.1232450515003957,0.013,0.01455840412384929,0.017432974352401168,0.1977262050331704,0.1081036385181715
Enh856_HSPB1,Enh856,ENSG00000106211,1,0.3994444280544398,0.8995000739161295,0.925,0.8381587875183788,0.9675965480803748,0.6949452333364209,0.9836247580931713
Enh856_MDH2,Enh856,ENSG00000146701,0,0.0404006671108717,0.0404186725861917,0.004,0.00475727821561892,0.006150701699098894,0.017511292722858604,0.013998683144880333
Enh856_YWHAG,Enh856,ENSG00000170027,0,0.1171770440283396,0.0922377270633028,0.021,0.020690797013559494,0.02160444457818357,0.12916169201059455,0.07915004238126465
Enh857_HSPB1,Enh857,ENSG00000106211,1,0.0462029563337991,0.0463893127968874,0.165,0.13885020096840972,0.11177899493275713,0.02953633569411914,0.05544512220007874
Enh857_MDH2,Enh857,ENSG00000146701,0,0.0021715892144278,0.0042758003877195,0.0,3.619147799836051e-06,2.203350326974214e-05,0.0005639248562341624,0.0015416973685756566
Enh857_POR,Enh857,ENSG00000127948,0,0.0017098932673339,0.0036294782233174,0.0,4.397005491117493e-06,2.8435113359139812e-05,0.0005466180823944228,0.0019985634041386124
Enh857_YWHAG,Enh857,ENSG00000170027,0,0.0075860150889866,0.010940142742746,0.06,0.05563852563487432,0.04911415395699162,0.004639170534425177,0.007317760789799257
Enh858_HSPB1,Enh858,ENSG00000106211,0,0.5005278565287999,0.1697988711629234,0.127,0.0959345546021259,0.03769990026606374,0.7291519025547794,0.3183974728508545
Enh858_MDH2,Enh858,ENSG00000146701,0,0.0184172379553195,0.020728011576434,0.0,4.7259798358504007e-07,2.805762119862503e-06,0.00794570570035981,0.009367108566895498
Enh858_POR,Enh858,ENSG00000127948,0,0.0126226005150088,0.0156054291446691,0.0,5.147562662811493e-07,3.4010017728202106e-06,0.0051647386393031975,0.006064826408926558
Enh858_YWHAG,Enh858,ENSG00000170027,0,0.0788334909300625,0.0626656283854882,0.109,0.08236409346277651,0.06784151232387245,0.09669782399858565,0.07440089200981617
Enh859_HSPB1,Enh859,ENSG00000106211,0,0.0532746514960721,0.0545831678305651,0.129,0.12024072678682084,0.11281382167322122,0.04977052567144841,0.03935305604318103
Enh859_MDH2,Enh859,ENSG00000146701,0,0.0051598730381935,0.0070482789895982,0.002,0.003421706829250328,0.004752746682102112,0.0011331621140597177,0.002470479550911485
Enh859_YWHAG,Enh859,ENSG00000170027,0,0.0185601382115504,0.0170828799729893,0.039,0.04143536908650381,0.03553386700879802,0.008435713117420843,0.015017591825036498
Enh85_RNF11,Enh85,ENSG00000123091,0,0.0184812723166593,0.0163004497164035,0.023,0.017121995917477286,0.018722866092896237,0.007280141905663986,0.006587987137769678
Enh860_HSPB1,Enh860,ENSG00000106211,0,0.26572394658518,0.261507668708036,0.597,0.4718858876860583,0.39517112799609155,0.4573880439812888,0.4070573226254205
Enh860_MDH2,Enh860,ENSG00000146701,0,0.0275305888885379,0.0295973875774613,0.0,5.695657897268426e-06,2.2238449576654062e-05,0.012375771132052698,0.01198468155428805
Enh860_POR,Enh860,ENSG00000127948,0,0.0187635914451123,0.0201034186512959,0.003,0.004902208502882066,0.006295429681186803,0.006579551478791207,0.006488930776233383
Enh860_YWHAG,Enh860,ENSG00000170027,0,0.1159134614738681,0.0733878127283694,0.078,0.07427574515684923,0.05230468987644366,0.11393380614761249,0.07410015251316905
Enh861_HSPB1,Enh861,ENSG00000106211,0,0.2068051545312776,0.1253083284646951,0.763,0.6264078485259554,0.4367785165889284,0.4504478632396153,0.2681582089467295
Enh861_MDH2,Enh861,ENSG00000146701,0,0.032263518703685,0.0296286466095159,0.001,0.0013919594878539845,0.002174554224712594,0.012001388168898541,0.009672498805833533
Enh861_POR,Enh861,ENSG00000127948,0,0.0238418777241308,0.0229065603000452,0.001,0.0015651969645143887,0.0024101211577690564,0.007300007558153639,0.006225230815779213
Enh861_YWHAG,Enh861,ENSG00000170027,0,0.1641847068290034,0.0783705813046215,0.105,0.08706723497779038,0.058316076973544705,0.16801120959622678,0.06534173489777796
Enh862_HSPB1,Enh862,ENSG00000106211,0,0.2118852172066523,0.1100515783633061,0.5,0.393412894143817,0.20544664183208225,0.3924239213269,0.17274650059833077
Enh862_MDH2,Enh862,ENSG00000146701,0,0.0302994040691985,0.0287275295473462,0.011,0.014327125060508535,0.01518914867585906,0.013168235217457984,0.01088749656575146
Enh862_POR,Enh862,ENSG00000127948,0,0.0207731214048431,0.0214150317594821,0.011,0.014944459448157641,0.016189010628574314,0.007187524299360723,0.00686606262134723
Enh862_YWHAG,Enh862,ENSG00000170027,0,0.1652465604001956,0.1044164627779599,0.063,0.06202367036290274,0.04759049079694905,0.17121777256112303,0.10253096714832159
Enh863_HSPB1,Enh863,ENSG00000106211,0,0.0651515772411224,0.046180544837453,0.283,0.23031441750030807,0.15557029341792764,0.15107686014351843,0.11390403815236812
Enh863_MDH2,Enh863,ENSG00000146701,0,0.0228301310093404,0.0226599455641308,0.01,0.011571795610845878,0.013929395996292145,0.008596456531491522,0.008056561871925959
Enh863_POR,Enh863,ENSG00000127948,0,0.0159541761595981,0.0170323417176506,0.003,0.0043759835505327435,0.006246670660648446,0.005600459414051409,0.005605953676535588
Enh863_YWHAG,Enh863,ENSG00000170027,0,0.6447141684942848,0.5439890097770916,0.532,0.4237126727550692,0.3753313318782498,0.7105863417181861,0.5173472682722308
Enh864_HSPB1,Enh864,ENSG00000106211,0,0.0480011717704799,0.0255704517903987,0.5,0.4252577325248153,0.24826040191902926,0.08844869079559899,0.04720910276230684
Enh864_MDH2,Enh864,ENSG00000146701,0,0.0193105415677967,0.0141152263707572,0.012,0.008104822823222417,0.009740081495024026,0.0047828442420348,0.004289459860229998
Enh864_POR,Enh864,ENSG00000127948,0,0.0143104435339515,0.0100796561726803,0.008,0.005708728020319596,0.006804996425098373,0.0037134674182299596,0.002466609806598739
Enh864_STYXL1,Enh864,ENSG00000127952,0,0.0250091261254464,0.0181303385014122,0.208,0.16924868158130202,0.12897434779788297,0.03276852726964841,0.025882904774457934
Enh864_YWHAG,Enh864,ENSG00000170027,1,0.2517733813830436,0.6398002917669259,0.254,0.2060974497842907,0.5109806850529772,0.22185633351926612,0.5046495600526406
Enh866_PABPC1,Enh866,ENSG00000070756,0,0.0264596823116916,0.0153450218465549,0.064,0.056477363762057343,0.042321129561641004,0.035733877890874205,0.015437033248929973
Enh866_YWHAZ,Enh866,ENSG00000164924,0,0.0352718188643949,0.0233325271586053,0.011,0.007897299507584067,0.009687032681913755,0.06929156835283443,0.04465874242790415
Enh866_ZNF706,Enh866,ENSG00000120963,0,0.0188288802703828,0.0142756430360372,0.001,0.0006128019333193777,0.0010729682428799122,0.006935474688142846,0.005847654643581479
Enh867_PABPC1,Enh867,ENSG00000070756,0,0.0185527614612708,0.020456531086252,0.035,0.038699186081255756,0.037620867443871164,0.030848953823672726,0.030100687319170615
Enh867_YWHAZ,Enh867,ENSG00000164924,0,0.0803683981509817,0.0610678741141063,0.037,0.03596799541773803,0.03278528489077778,0.17205065360655825,0.14617358076366838
Enh867_ZNF706,Enh867,ENSG00000120963,0,0.0237237069182568,0.0245081829691119,0.001,0.0015411159017377633,0.0026234555477850294,0.011411637732233472,0.0100114215201615
Enh868_PABPC1,Enh868,ENSG00000070756,0,0.0125303468396729,0.0184460590399222,0.004,0.005288491760187157,0.007277884594258795,0.025243716793632267,0.028948187785006633
Enh868_YWHAZ,Enh868,ENSG00000164924,0,0.0605080432423205,0.0629453982137633,0.035,0.03171950378867307,0.030016808097206638,0.1109072436291496,0.10696349117920013
Enh868_ZNF706,Enh868,ENSG00000120963,0,0.0178779312573907,0.0252643394162023,0.002,0.0021955604526400323,0.003127430657359974,0.01788453150425302,0.020238987104461686
Enh869_PABPC1,Enh869,ENSG00000070756,0,0.0041056841001184,0.0034324957513222,0.001,0.0021497083838792376,0.003481770344958833,0.008318728050640753,0.004377567850942785
Enh869_YWHAZ,Enh869,ENSG00000164924,0,0.0145598139484253,0.0064076537260148,0.002,0.0033972890919814177,0.003691782219197424,0.04227317003259287,0.015486706362803753
Enh869_ZNF706,Enh869,ENSG00000120963,0,0.0322259030386907,0.0166506557503257,0.004,0.00475727821561892,0.005223563022840391,0.01581956182415601,0.007900145097780137
Enh86_RNF11,Enh86,ENSG00000123091,0,0.0038829999792648,0.0062329728075598,0.03,0.02400030999259083,0.024228644995264174,0.0020676903337311404,0.0031896445801825293
Enh870_PABPC1,Enh870,ENSG00000070756,0,0.0063466830467147,0.0074911107001963,0.005,0.009914219372275908,0.012391262946848927,0.013167365629501245,0.013365568212818538
Enh870_YWHAZ,Enh870,ENSG00000164924,0,0.0213155494906528,0.0198953144543498,0.041,0.04728124260652223,0.04374211793258068,0.05089492730436538,0.042639329863835417
Enh870_ZNF706,Enh870,ENSG00000120963,0,0.057358625329208,0.0464859701647846,0.008,0.010966784066324118,0.013373835779761718,0.026911424225874992,0.02392953466797802
Enh871_PABPC1,Enh871,ENSG00000070756,0,0.0061155211243821,0.0077214596528748,0.001,0.0020404501315090836,0.0034296729392729293,0.011528917053491395,0.01377805404953537
Enh871_YWHAZ,Enh871,ENSG00000164924,0,0.0220850500439898,0.0202654412001512,0.004,0.004933165167641809,0.0065606710797495955,0.04786080758000464,0.04800070297418925
Enh871_ZNF706,Enh871,ENSG00000120963,0,0.0549332621590085,0.0462419154778421,0.008,0.009519000913443898,0.011738937176668685,0.02737613353473368,0.02021463592665022
Enh873_ATP6V1C1,Enh873,ENSG00000155097,0,0.0036133087519303,0.0051692205095911,0.0,5.009391333501727e-06,2.1948706499989317e-05,0.0014879067807495726,0.0020425276383554862
Enh873_AZIN1,Enh873,ENSG00000155096,0,0.0049412470132775,0.0064877906403401,0.0,1.9181491370496346e-06,7.462358008281644e-06,0.0030965789423292593,0.004337838915917916
Enh873_RRM2B,Enh873,ENSG00000048392,0,0.0040913208375935,0.005887284404548,0.003,0.0048113998615719605,0.006259586914254374,0.0007594990719023204,0.0017898772566040846
Enh873_UBR5,Enh873,ENSG00000104517,0,0.0082208963890272,0.0075972495700075,0.0,1.2194296304552184e-05,3.653945446945136e-05,0.006707327808540072,0.006706213087167185
Enh874_AZIN1,Enh874,ENSG00000155096,0,0.0547100491982348,0.0465769780241928,0.0,9.957927500507358e-07,5.026509913638482e-06,0.019000489837008066,0.01590294502453999
Enh874_RRM2B,Enh874,ENSG00000048392,0,0.0157784268034249,0.0168656402702535,0.008,0.007805398303116552,0.009445204463881076,0.005227674809289843,0.0053912505490300525
Enh874_UBR5,Enh874,ENSG00000104517,0,0.0334178133358634,0.0315434113488806,0.038,0.03707863897343839,0.0345217202525842,0.019434244420066197,0.019289955128640228
Enh875_ATP6V1C1,Enh875,ENSG00000155097,0,0.0348667176641686,0.027972882140984,0.003,0.0043759835505327435,0.006480285026374249,0.01150723121504832,0.008263440279346114
Enh875_AZIN1,Enh875,ENSG00000155096,0,0.0569431456380946,0.0407836627065386,0.0,7.155316751218663e-07,3.3096811974331093e-06,0.01550312665750184,0.012163154968709435
Enh875_RRM2B,Enh875,ENSG00000048392,0,0.0171186412636418,0.0158704603243664,0.008,0.009519000913443898,0.01202613376128668,0.003594529625821196,0.003950237274983038
Enh875_UBR5,Enh875,ENSG00000104517,0,0.0374558166191815,0.028607973269396,0.03,0.034068464406571956,0.0320133638818363,0.015811755872331645,0.012113472053104212
Enh876_ATP6V1C1,Enh876,ENSG00000155097,0,0.0291578038331707,0.0209101598377807,0.0,5.147562662811493e-07,3.390017517037396e-06,0.009092142553402915,0.006015714282921762
Enh876_AZIN1,Enh876,ENSG00000155096,0,0.0606940356827636,0.0363675816615112,0.025,0.01732515631567497,0.018354880170733126,0.02057715400160438,0.013307762734093462
Enh876_KLF10,Enh876,ENSG00000155090,1,0.0637403339940909,0.0847259538831654,0.453,0.41064031782578136,0.43509916888936456,0.02765126903593138,0.03744658635846878
Enh876_UBR5,Enh876,ENSG00000104517,0,0.0198622390461541,0.0155083176114192,0.001,0.0011344398014294485,0.002049855142643298,0.009037979396666495,0.007532492105699785
Enh877_EXT1,Enh877,ENSG00000182197,0,0.0170553651500043,0.0112484570722982,0.051,0.0528463739542292,0.04614204877652498,0.018934251718062126,0.010247906181834784
Enh878_CTSB,Enh878,ENSG00000164733,1,0.1521507184946589,0.1190997646670059,0.488,0.41512743351515174,0.33092321574895095,0.14872356290673466,0.10658130054957864
Enh878_FDFT1,Enh878,ENSG00000079459,0,0.0638389337747579,0.0567302426008151,0.035,0.026536843907222052,0.03244161158942765,0.01874913263261628,0.02112915291971396
Enh888_BNIP3L,Enh888,ENSG00000104765,0,0.0199444453874292,0.0250768222365622,0.005,0.00802233291442151,0.010242592633535575,0.017077417955644665,0.020470394552491538
Enh888_DPYSL2,Enh888,ENSG00000092964,0,0.0083980230172498,0.0117702549657332,0.008,0.009495550548694517,0.011444462333041973,0.018800815903439523,0.01930471589136303
Enh888_PPP2R2A,Enh888,ENSG00000221914,0,0.0425825099639906,0.0452034073562717,0.008,0.009495550548694517,0.010915157807213161,0.019007716550939767,0.018389072577881246
Enh889_BNIP3L,Enh889,ENSG00000104765,0,0.018440094347706,0.0160418103517312,0.067,0.07519088315320341,0.06331318860078819,0.015588825123587698,0.012765448325863253
Enh889_DPYSL2,Enh889,ENSG00000092964,0,0.008126677724086,0.0081698870075641,0.008,0.011374384700504826,0.013086530809162838,0.013454159989602029,0.012292910922789838
Enh889_PPP2R2A,Enh889,ENSG00000221914,0,0.0407044460646372,0.0331706034979019,0.012,0.016101268866353862,0.018064675430414037,0.018011655080976855,0.014919549199902902
Enh88_SCP2,Enh88,ENSG00000116171,0,0.0470001326592337,0.0592747390130535,0.003,0.0036865130490640182,0.005056602927931085,0.02075434567208034,0.020038908983193757
Enh890_BNIP3L,Enh890,ENSG00000104765,0,0.0162822473772234,0.0193507070365709,0.003,0.005072127715308932,0.007319680468624913,0.01477515543019623,0.016620521831896554
Enh890_DPYSL2,Enh890,ENSG00000092964,0,0.0276399980275042,0.0251937637829297,0.015,0.0174844615924112,0.017593136548543227,0.037587245500485866,0.02805094780540512
Enh890_PPP2R2A,Enh890,ENSG00000221914,0,0.0112850910887063,0.0148780971438069,0.006,0.007947931124056047,0.011028951958480304,0.005551353054430329,0.00818201202292255
Enh893_HOOK3,Enh893,ENSG00000168172,0,0.0126702688051748,0.0157455145882874,0.0,2.1902043502750537e-06,1.294031629086692e-05,0.004008524683926524,0.003835305564095915
Enh893_PLAT,Enh893,ENSG00000104368,1,0.0144047494595968,0.0166138165046181,0.159,0.12362287190201156,0.09796513577266387,0.028887012081421654,0.03155609552733713
Enh893_VDAC3,Enh893,ENSG00000078668,0,0.2840960738153879,0.1629902752131219,0.007,0.0056370308580494,0.005897748722197564,0.10842272493822191,0.05442361750724774
Enh894_HOOK3,Enh894,ENSG00000168172,0,0.0484323867367624,0.0228814059307425,0.001,0.0007032640451791812,0.0010450525713118959,0.014292884700015359,0.0064786967257277235
Enh894_VDAC3,Enh894,ENSG00000078668,0,0.0116618631068563,0.0112336672025867,0.001,0.0005814205205144025,0.0010713026191688714,0.0031002662029262855,0.003287083862430957
Enh895_ATP6V1H,Enh895,ENSG00000047249,0,0.0458693800770721,0.037528115203507,0.018,0.018505942375413875,0.0208830751600391,0.009081561984174499,0.006516365662690755
Enh895_TCEA1,Enh895,ENSG00000187735,0,0.0133609830360912,0.0119696915710776,0.002,0.003421706829250328,0.004696062048807695,0.007645395753054051,0.007766572218901338
Enh896_ATP6V1H,Enh896,ENSG00000047249,0,0.0787503040573822,0.071647429835662,0.109,0.09128129071327211,0.0794800078889991,0.016206638761767162,0.013661547372325162
Enh896_TCEA1,Enh896,ENSG00000187735,0,0.0186285912296105,0.0197230440703314,0.018,0.018046234445533556,0.019815193963001215,0.01170256165544901,0.012879099029006144
Enh897_RAB2A,Enh897,ENSG00000104388,0,0.0019691402192204,0.0032401187596477,0.054,0.041788261579798744,0.038227466446221645,0.003629662371470678,0.005154402192287772
Enh899_MYBL1,Enh899,ENSG00000185697,1,0.1559858585294969,0.0960484066778558,0.483,0.44116311148423587,0.27594693188271113,0.9649181109817053,0.9618800076713487
Enh899_SNHG6,Enh899,ENSG00000245910,0,0.0190172550668279,0.0203860061752533,0.003,0.001917308799738832,0.0029107978727967417,0.028227634107679898,0.024072030873913557
Enh89_MRPL37,Enh89,ENSG00000116221,0,0.0357673195757383,0.0354561812553668,0.019,0.02142726872789092,0.0257906279607236,0.012713117636273138,0.01204634640370348
Enh89_TMEM59,Enh89,ENSG00000116209,0,0.0176615492758576,0.0182605074160799,0.002,0.0015591928156385576,0.0024110517323708753,0.006582412587710618,0.006540624367045418
Enh8_ATP1A1,Enh8,ENSG00000163399,0,0.0088735640664413,0.014039803448425,0.002,0.0033972890919814177,0.006238133228753773,0.0033051995349847128,0.005652148592641744
Enh900_MYBL1,Enh900,ENSG00000185697,1,0.225523592359184,0.7198114646471876,0.524,0.4165081409496653,0.8958128566347616,0.9673366405970137,0.9991440965854017
Enh900_SNHG6,Enh900,ENSG00000245910,0,0.0264143663772055,0.0216938979445449,0.001,0.0015411159017377633,0.0028239022156816306,0.030241418206821448,0.016871459156548
Enh901_MYBL1,Enh901,ENSG00000185697,1,0.0934203751558794,0.1170793594220491,0.282,0.2433829816947375,0.23696754489219995,0.959027308656329,0.9801565881394211
Enh901_SNHG6,Enh901,ENSG00000245910,0,0.0098861593349448,0.012186197993541,0.001,0.0006128019333193777,0.0011145927271914201,0.013485536176075204,0.015119035969606065
Enh902_SNHG6,Enh902,ENSG00000245910,0,0.0152888263951286,0.0216524246064954,0.003,0.0048113998615719605,0.006232037322916968,0.022837551714113575,0.02830289117041607
Enh908_MTDH,Enh908,ENSG00000147649,0,0.0088657942098029,0.0103643828850804,0.002,0.0033972890919814177,0.005243036436574605,0.01750263311747717,0.021210012305264665
Enh909_RPL30,Enh909,ENSG00000156482,0,0.013962146107456,0.0135559845810205,0.003,0.002349974221972519,0.003226281971591874,0.02760420970929607,0.02946700422042547
Enh910_RPL30,Enh910,ENSG00000156482,0,0.005293566102086,0.0069923364965615,0.004,0.002502087513172771,0.0036645942737840455,0.014290457909748202,0.018047846084795118
Enh911_MSANTD3,Enh911,ENSG00000066697,0,0.0228710983218972,0.0220040884362925,0.07,0.060445468918563935,0.0570308652883528,0.020153455514222384,0.01701238774165672
Enh911_TEX10,Enh911,ENSG00000136891,0,0.0300514079761047,0.0300584946681121,0.009,0.01051589856591395,0.013234862756549236,0.012029134094139035,0.01204183750063479
Enh912_RAD23B,Enh912,ENSG00000119318,0,0.1045801823880327,0.0888382019587521,0.052,0.050997023036314065,0.05091879817901447,0.04960901136230552,0.04373407506711694
Enh913_RAD23B,Enh913,ENSG00000119318,0,0.0121519210372804,0.0099536668760125,0.028,0.02102070006840504,0.02232049388462617,0.00531303361666736,0.0043856376442871535
Enh914_RAD23B,Enh914,ENSG00000119318,0,0.0129319919238711,0.0189238622109567,0.026,0.019456758363334558,0.02074012765396578,0.006397261312436012,0.010694811964382525
Enh915_RAD23B,Enh915,ENSG00000119318,0,0.0118158083381079,0.0153856358101844,0.008,0.009495550548694517,0.011028906490647436,0.00482298574121609,0.006094822395627434
Enh916_RAD23B,Enh916,ENSG00000119318,0,0.0152897132607065,0.0155512040290129,0.02,0.016229992264539382,0.017954729364184446,0.00785833833482877,0.007180012438140753
Enh917_RAD23B,Enh917,ENSG00000119318,0,0.0072491897618427,0.0074450913558818,0.01,0.007197811868733006,0.009197528243507957,0.002468196351098634,0.0028823822601431667
Enh919_TXN,Enh919,ENSG00000136810,0,0.0057283708110013,0.0053125131691319,0.002,0.002573463265070071,0.0038388472092755867,0.007869983525133628,0.008959608290687999
Enh91_DHCR24,Enh91,ENSG00000116133,0,0.0187347459625737,0.0167829488342093,0.022,0.023099039207639727,0.023468073758544324,0.010545329661201107,0.007494786503935044
Enh91_TTC4,Enh91,ENSG00000243725,0,0.0061882468421561,0.0071701987580674,0.032,0.02554466405891991,0.025347928286084162,0.005504261747440099,0.0047703572980121725
Enh920_GNG10,Enh920,ENSG00000242616,0,0.0151749990796169,0.020143962399579,0.005,0.007742933728067031,0.00978840847168558,0.009121526858433298,0.01163551652024368
Enh925_C9orf78,Enh925,ENSG00000136819,0,0.0064205920362446,0.0086118811104287,0.025,0.02533408095090797,0.025736912344420236,0.002092024049347105,0.0032800593959292535
Enh925_NTMT1,Enh925,ENSG00000148335,0,0.0217638019455801,0.023393420804162,0.0,2.9814997077690255e-06,1.7271874534503298e-05,0.004945767421846093,0.005632986870141474
Enh925_PTPA,Enh925,ENSG00000119383,0,0.0140353160149453,0.0162152391602968,0.03,0.030274214624850877,0.029955623955615754,0.0031322319198537965,0.004693356297157972
Enh926_C9orf78,Enh926,ENSG00000136819,0,0.0133273498941931,0.013094190670054,0.063,0.05450397453384023,0.04868200398484104,0.007857619688677311,0.0074746555865771915
Enh926_NTMT1,Enh926,ENSG00000148335,0,0.0437807342301891,0.036354546274403,0.001,0.0012224574099880784,0.002337142395276415,0.016309799995708488,0.0108826119023599
Enh926_PTPA,Enh926,ENSG00000119383,0,0.0277637469357022,0.023845954933452,0.02,0.018065237141177085,0.019403259712432397,0.007432577341700414,0.0064763237518356085
Enh927_C9orf78,Enh927,ENSG00000136819,0,0.0159888770075177,0.0165970118268787,0.082,0.08298766510860954,0.06918147329542539,0.00937127135596559,0.009926988189638986
Enh927_NTMT1,Enh927,ENSG00000148335,0,0.0494240491249274,0.04570361727365,0.0,8.315749413280378e-06,4.84966571297246e-05,0.018475371757735892,0.013046302102924168
Enh927_PTPA,Enh927,ENSG00000119383,0,0.032256484732774,0.0319759906200186,0.056,0.05616549086382723,0.0535710154411812,0.009691082827746429,0.008268685047009826
Enh928_C9orf78,Enh928,ENSG00000136819,0,0.0034820877185262,0.0072145966473947,0.059,0.04347507738231114,0.03912490161718365,0.0012495170625073475,0.002350164963364743
Enh928_NTMT1,Enh928,ENSG00000148335,0,0.0094563452021365,0.0156171286658881,0.0,6.680262126068075e-07,6.237602807662796e-06,0.0023762550488993705,0.0034982651659994134
Enh928_PTPA,Enh928,ENSG00000119383,0,0.004395285372243,0.0087388406195839,0.027,0.018892702467031664,0.020136256985149557,0.0014703283990633842,0.0036064434969735964
Enh929_C9orf78,Enh929,ENSG00000136819,0,0.019358364140865,0.0202344041323691,0.183,0.14784875908929151,0.11159403051363487,0.011169222746839702,0.01161543579153876
Enh929_NTMT1,Enh929,ENSG00000148335,0,0.0702554601601522,0.0629939632995919,0.0,2.1902043502750537e-06,1.4586376733486752e-05,0.025891040736486036,0.01921387199896496
Enh929_PTPA,Enh929,ENSG00000119383,0,0.0295271267528693,0.0303518050959526,0.011,0.010447003851544002,0.012897774338469484,0.008970605094596051,0.008725087031943485
Enh930_C9orf78,Enh930,ENSG00000136819,0,0.0142033586379366,0.0187822254381385,0.134,0.11004734917404882,0.08418582586555098,0.006969796559165049,0.008447311356504658
Enh930_NTMT1,Enh930,ENSG00000148335,0,0.0523381612254498,0.0541913195265242,0.013,0.012791931883099477,0.014525112749488315,0.016269401350886132,0.012680572801842191
Enh930_PTPA,Enh930,ENSG00000119383,0,0.0216843196587512,0.027642219600009,0.029,0.025404354060855436,0.0257550386051058,0.012682887358139494,0.01386358675032557
Enh931_C9orf78,Enh931,ENSG00000136819,0,0.0164713831005082,0.0205511354990926,0.112,0.09300892257592121,0.07294058874950676,0.008431132020804597,0.009973666520459968
Enh931_NTMT1,Enh931,ENSG00000148335,0,0.0603839544235428,0.0589408633573946,0.004,0.004348413894122374,0.006037002354235982,0.01966247055160058,0.014908737798207176
Enh931_PTPA,Enh931,ENSG00000119383,0,0.0250810038721435,0.0299201655319912,0.014,0.013028676567715372,0.014613823054413973,0.011825572389215668,0.012323393569847909
Enh932_C9orf78,Enh932,ENSG00000136819,0,0.0141922258371196,0.0152100262968109,0.141,0.10701479714017323,0.08107525284180492,0.005826235060361906,0.005905609699556551
Enh932_NTMT1,Enh932,ENSG00000148335,0,0.0888384536681092,0.0662658064199629,0.008,0.005725027335933982,0.008040142880618155,0.02948713482822363,0.020089974753087887
Enh932_PTPA,Enh932,ENSG00000119383,0,0.0139329563973749,0.0150424931307762,0.001,0.0006128019333193777,0.0011305563404320268,0.0034563585366658668,0.004331016174625702
Enh933_C9orf78,Enh933,ENSG00000136819,0,0.0142531624605686,0.0151314793651071,0.197,0.1636213238765461,0.11663912868857514,0.005801233182387576,0.006434049074162679
Enh933_NTMT1,Enh933,ENSG00000148335,0,0.0986536281111574,0.0760564571685767,0.031,0.030704061064830895,0.030961702379949906,0.02806519210574694,0.021260822716164397
Enh933_PTPA,Enh933,ENSG00000119383,0,0.0144953012981251,0.0163322613794963,0.01,0.011571795610845878,0.014059772412635565,0.0036693552325792475,0.004968447343181325
Enh934_C9orf78,Enh934,ENSG00000136819,0,0.005105225909986,0.0084157085144288,0.174,0.14520719112650932,0.10562533035008852,0.002143734471572338,0.0033331539138567855
Enh934_NTMT1,Enh934,ENSG00000148335,0,0.0366629414670745,0.0394605705128509,0.017,0.020397614338905738,0.02113557835768868,0.0074524934435401795,0.005736185583914586
Enh934_PTPA,Enh934,ENSG00000119383,0,0.0040063216400236,0.0070336571868314,0.028,0.026710795213478432,0.0259449547835512,0.0009628061015289571,0.00223483155582465
Enh935_C9orf78,Enh935,ENSG00000136819,0,0.009174975070626,0.013698259611687,0.04,0.03856693829871116,0.03603370100415288,0.0031327346548221126,0.004637504703725276
Enh935_IER5L,Enh935,ENSG00000188483,1,0.0139958801352782,0.0208529936812735,0.001,0.0016983158109075732,0.0031878848975843825,0.011985459741506147,0.019903136576639023
Enh935_NTMT1,Enh935,ENSG00000148335,0,0.0768187792799968,0.0729124621857865,0.001,0.001430221262431737,0.0024688680895394895,0.017761348392589364,0.015909061583180527
Enh935_PTPA,Enh935,ENSG00000119383,0,0.0085549769106336,0.0132136831017202,0.002,0.0028282044938169365,0.004478223534215802,0.0028850134969502406,0.00552351023437363
Enh936_C9orf78,Enh936,ENSG00000136819,0,0.0152427442401857,0.0125259971407407,0.091,0.06787890669835801,0.05400603539846882,0.0057589273338735205,0.004871080027153767
Enh936_NTMT1,Enh936,ENSG00000148335,0,0.1273939944377223,0.084792815940771,0.039,0.028488735810079897,0.0322109548341873,0.0398605582129012,0.026437316770553745
Enh936_PTPA,Enh936,ENSG00000119383,0,0.0137115079304184,0.0124385514368742,0.001,0.0006128019333193777,0.0011463526436279595,0.0025705966978300234,0.0030190959612199507
Enh937_C9orf78,Enh937,ENSG00000136819,0,0.0226020355801755,0.0158365652820609,0.163,0.1459222780482784,0.10704543470630139,0.011885947529897536,0.008573674204046988
Enh937_NTMT1,Enh937,ENSG00000148335,0,0.358682483978899,0.1957789417359984,0.182,0.1599863451758774,0.13167748595778844,0.1275605342991249,0.04233998314168666
Enh937_PTPA,Enh937,ENSG00000119383,0,0.0194516534811916,0.0143665883849411,0.012,0.01541233268339131,0.016363613454939602,0.004519091040956812,0.0031993915640186553
Enh938_REXO4,Enh938,ENSG00000148300,0,0.0065699069138678,0.0089985752679534,0.0,9.957927500507358e-07,5.098322815826389e-06,0.003320309205330964,0.003997672514892623
Enh938_RPL7A,Enh938,ENSG00000148303,0,0.0035888266853481,0.0047116920272949,0.0,4.020519762748885e-06,2.219080693997583e-05,0.008291348911854539,0.00663429873783911
Enh938_SURF1,Enh938,ENSG00000148290,0,0.0106899637065253,0.0136712575387687,0.012,0.011313343806813174,0.013272440860741593,0.0027713934816986485,0.0058191532756949795
Enh938_SURF4,Enh938,ENSG00000148248,0,0.0081214213582181,0.0104548783395056,0.001,0.0012224574099880784,0.00220134453175174,0.0022127072340457025,0.0018907625766214017
Enh938_SURF6,Enh938,ENSG00000148296,0,0.0113343019276594,0.0138221346158222,0.0,2.1902043502750537e-06,1.3379648345354905e-05,0.00308047750928522,0.0024812830298269984
Enh939_REXO4,Enh939,ENSG00000148300,0,0.0113368845518197,0.0116650442532264,0.0,1.3956201815369262e-06,5.49141247892035e-06,0.0031557429787198482,0.0030246098431050486
Enh939_RPL7A,Enh939,ENSG00000148303,0,0.0049629629737824,0.0049694193501639,0.001,0.0021497083838792376,0.0034291503344888717,0.012373599708309207,0.008710559301225811
Enh939_SURF1,Enh939,ENSG00000148290,0,0.0184211651754851,0.0159045316648279,0.012,0.012596420809099146,0.01269573683110573,0.004104732581770577,0.006683235250271945
Enh939_SURF4,Enh939,ENSG00000148248,0,0.0137542388548093,0.0137480503366142,0.0,5.756159089489331e-06,3.189246659082134e-05,0.002617410002000652,0.0021724443887130573
Enh939_SURF6,Enh939,ENSG00000148296,0,0.018949214805103,0.0167975573542413,0.0,5.756159089489331e-06,3.0517366831667526e-05,0.003582602389163236,0.002547448066069829
Enh940_BRD3,Enh940,ENSG00000169925,0,0.003658235923002,0.0039972696841066,0.004,0.006127195141474097,0.00782876953739781,0.0012926622421213668,0.0032429534877154264
Enh940_REXO4,Enh940,ENSG00000148300,0,0.0068155994199113,0.0065878841889127,0.0,1.9181491370496346e-06,8.082277389100028e-06,0.002726592416183807,0.003048348137072927
Enh940_RPL7A,Enh940,ENSG00000148303,0,0.0018546024906789,0.0022122772325027,0.0,1.2194296304552184e-05,4.6363915577929454e-05,0.004720526497516907,0.0052768490573878194
Enh940_SURF1,Enh940,ENSG00000148290,0,0.0057695570772543,0.0060724045243375,0.002,0.003421706829250328,0.005059741498288411,0.0010005405158969734,0.0022583867991891366
Enh940_SURF2,Enh940,ENSG00000148291,0,0.0063843863671056,0.0061455076381263,0.0,1.2194296304552184e-05,4.6336117751093135e-05,0.016195277998898694,0.019701962177687306
Enh940_SURF4,Enh940,ENSG00000148248,0,0.0054847288672393,0.0054811050266424,0.0,8.315749413280378e-06,4.4834804242759105e-05,0.0008592061560652114,0.0006348585273849636
Enh940_SURF6,Enh940,ENSG00000148296,0,0.0047823392834531,0.0046032002020953,0.0,8.315749413280378e-06,4.2187413382389884e-05,0.000758689132300038,0.000534505302608202
Enh942_COL5A1,Enh942,ENSG00000130635,1,0.4691968756325206,0.3867125555166186,0.831,0.7403486033624639,0.602676801284217,0.3146855506340973,0.2879012853331373
Enh945_UBAC1,Enh945,ENSG00000130560,0,0.0575582199085994,0.0459801876548194,0.007,0.004969651533841097,0.0065834651826826174,0.03052802727701433,0.02457911382711738
Enh946_PMPCA,Enh946,ENSG00000165688,0,0.0247767229074685,0.0264066151214762,0.0,1.2194296304552184e-05,4.655938669255798e-05,0.030794711006200643,0.034928732981167554
Enh946_UBAC1,Enh946,ENSG00000130560,0,0.2461419519951556,0.2099541401374081,0.071,0.0737746290555454,0.0753412596022428,0.10128274076617609,0.08410721896048619
Enh947_AGPAT2,Enh947,ENSG00000169692,0,0.0198927068653096,0.0173146093158578,0.027,0.02757785952547447,0.02736076523430154,0.07687273192570998,0.07253548049398426
Enh947_DPP7,Enh947,ENSG00000176978,0,0.0021451399014206,0.0030900344518175,0.017,0.013427065354996883,0.015931810346539857,0.0010470393048129844,0.00128541750920499
Enh947_EDF1,Enh947,ENSG00000107223,0,0.0021523981626295,0.0024481255659138,0.0,1.2010675376333993e-06,7.2673504749693324e-06,0.004533563314269657,0.004359030803356231
Enh947_FBXW5,Enh947,ENSG00000159069,0,0.0036406052893027,0.0042891270565852,0.016,0.012653096629036985,0.013974888524507846,0.003942592981510989,0.004171464410828685
Enh947_MAN1B1,Enh947,ENSG00000177239,0,0.0027966571399687,0.0036536032088541,0.015,0.013878629242851598,0.01572197025658364,0.002572174733152618,0.006622468318690458
Enh947_NPDC1,Enh947,ENSG00000107281,0,0.0022125612461014,0.0030689864035028,0.103,0.08845195727745238,0.0749170349597336,0.0020876742619053493,0.0021913142517105567
Enh947_PAXX,Enh947,ENSG00000148362,0,0.0031872316816162,0.0037767673391813,0.018,0.01640208496232467,0.017356414336597882,0.000899855288151758,0.0019105049498353494
Enh947_PHPT1,Enh947,ENSG00000054148,0,0.002032473639111,0.002450430000667,0.008,0.00963109721651286,0.012114286769721698,0.006323861962346026,0.005556519217709992
Enh947_PMPCA,Enh947,ENSG00000165688,0,0.0055613466921525,0.0062719034173498,0.001,0.0015934925603484594,0.0027789761589878453,0.008466067157876374,0.00990449466081806
Enh947_RABL6,Enh947,ENSG00000196642,0,0.0053281979689581,0.0058149565361688,0.051,0.04786612666269772,0.04307694762151344,0.0038445796983222953,0.0030878924095395274
Enh947_SEC16A,Enh947,ENSG00000148396,0,0.0086220880654782,0.0091198689374351,0.0,9.957927500507358e-07,5.223496467017647e-06,0.028031982526369712,0.028869117345861346
Enh947_SNHG7,Enh947,ENSG00000233016,0,0.0104960281200852,0.0109499038022272,0.0,9.957927500507358e-07,5.396587610810091e-06,0.009008998286946844,0.008475271941502606
Enh947_TMEM141,Enh947,ENSG00000244187,0,0.0061832271218178,0.0064752278652412,0.057,0.044700255687870824,0.03987188960392073,0.0026919209184000357,0.0024419488722002116
Enh948_CLIC3,Enh948,ENSG00000169583,1,0.0108566130236296,0.0115714720698382,0.083,0.0771310047041359,0.05896510636861025,0.004903365546104898,0.004239390490641441
Enh948_DPP7,Enh948,ENSG00000176978,0,0.0102623909303636,0.0128337342551845,0.055,0.04709678927364978,0.04318250551852385,0.0028122979990427496,0.002926950272838616
Enh948_EDF1,Enh948,ENSG00000107223,0,0.0085702750137086,0.009359441212969,0.0,3.901780365034957e-06,1.8249780871571862e-05,0.02156065265054407,0.02281703700228203
Enh948_FBXW5,Enh948,ENSG00000159069,0,0.0177894959361945,0.0199030442782397,0.047,0.040487774140634675,0.037442352664046184,0.011994809943898952,0.012442852648826426
Enh948_NPDC1,Enh948,ENSG00000107281,0,0.0111168037775395,0.013126988502394,0.095,0.08901506186681996,0.07138217048461593,0.005876092908844164,0.005525531863546929
Enh948_PAXX,Enh948,ENSG00000148362,0,0.0157217924351453,0.0177565983966465,0.021,0.020690797013559494,0.021320220830923987,0.008861716241357872,0.011797859626433907
Enh948_PHPT1,Enh948,ENSG00000054148,0,0.0075149678724243,0.0078141410528792,0.015,0.019675993022550464,0.020413197383901065,0.01831682306132863,0.014665883765706437
Enh948_PMPCA,Enh948,ENSG00000165688,0,0.0347044486329713,0.0353524222085724,0.001,0.0021497083838792376,0.0035180478799981133,0.04143939448005558,0.04619013278471468
Enh948_RABL6,Enh948,ENSG00000196642,0,0.0264728603961995,0.0252182089186241,0.073,0.07166584225191712,0.05798532452607683,0.011002862460052927,0.008153572899314756
Enh948_SEC16A,Enh948,ENSG00000148396,0,0.0632516938173245,0.0597371694504449,0.003,0.0029135562173884886,0.004048167748688891,0.13500192007268713,0.12913549972963276
Enh948_SNHG7,Enh948,ENSG00000233016,0,0.0648488979052371,0.0519550713942694,0.006,0.005647805269574295,0.006562455961434982,0.035185461667633915,0.02463884433760822
Enh948_TMEM141,Enh948,ENSG00000244187,0,0.0264185994992671,0.0255030989069083,0.07,0.06244877338492931,0.05245199974778226,0.008815060175055858,0.009030607889416285
Enh949_CLIC3,Enh949,ENSG00000169583,1,0.00232712796608,0.0042255375076094,0.129,0.11080201802518552,0.0851197211063901,0.0003036303054560158,0.0009020046820836816
Enh949_EDF1,Enh949,ENSG00000107223,0,0.0023179229921318,0.004108494272408,0.001,0.0016983158109075732,0.003173764645119492,0.0034342865659902247,0.007053982109588459
Enh949_NPDC1,Enh949,ENSG00000107281,0,0.0021652578787742,0.0040720187389892,0.101,0.09330503247255648,0.07520503198805224,0.0010280467376669663,0.0025970325234652425
Enh949_PHPT1,Enh949,ENSG00000054148,0,0.0022431892088414,0.0040799276475948,0.003,0.005072127715308932,0.00745110676944052,0.00330324640488862,0.008155942431605064
Enh949_RABL6,Enh949,ENSG00000196642,0,0.0051277104442254,0.0079156765971912,0.083,0.07919592828147255,0.06473448862402921,0.0017216339651476879,0.003678266353394461
Enh949_TMEM141,Enh949,ENSG00000244187,0,0.0059100538034956,0.0088595309944989,0.077,0.07162122624166851,0.05729288843337125,0.001811747668638595,0.003784210059091747
Enh94_LEPROT,Enh94,ENSG00000213625,0,0.0126167693170365,0.0165029322869786,0.0,2.094923461404673e-06,1.0210469315292868e-05,0.018655603138577833,0.021947744108151136
Enh950_DPP7,Enh950,ENSG00000176978,0,0.0036275683896409,0.0066414509497515,0.047,0.03646306587035183,0.033630714110306784,0.0018817133697048916,0.0030271749509777125
Enh950_EDF1,Enh950,ENSG00000107223,0,0.0072930388912225,0.0100550650572214,0.049,0.03859199385604358,0.03383587684506689,0.016610462283850356,0.019776815822610032
Enh950_FBXW5,Enh950,ENSG00000159069,0,0.0082765847515641,0.0136419907199987,0.13,0.10042256583000933,0.08181452142315136,0.009777867413626464,0.015183525128787305
Enh950_NPDC1,Enh950,ENSG00000107281,0,0.0040618810929478,0.0071487509727441,0.061,0.05593293700913356,0.0475568777369565,0.0035620955624911773,0.005341666646451752
Enh950_PHPT1,Enh950,ENSG00000054148,0,0.0081785264879609,0.0112409476823746,0.021,0.022187872889841656,0.022687178887011755,0.020484955204772098,0.02248697543540621
Enh950_PMPCA,Enh950,ENSG00000165688,0,0.0036885899492742,0.0071374000271671,0.0,4.020519762748885e-06,2.185883440456687e-05,0.006217021623522545,0.014816062449955826
Enh950_RABL6,Enh950,ENSG00000196642,0,0.0497297690590425,0.0576492121101535,0.174,0.1409854153732992,0.10827641214975685,0.02564159574402272,0.023678793962072592
Enh950_SSNA1,Enh950,ENSG00000176101,0,0.0024448446900987,0.0049794989300503,0.002,0.0029032673484948456,0.00454486830487802,0.0029795659427074004,0.0054875758757253765
Enh950_TMEM141,Enh950,ENSG00000244187,0,0.2318724254136356,0.2792089441642338,0.266,0.20709946063297172,0.2144310082341966,0.12005572398019317,0.1618656814839233
Enh950_TUBB4B,Enh950,ENSG00000188229,0,0.0013476767914164,0.002851428056406,0.0,2.1902043502750537e-06,1.3625104884729314e-05,0.0018906203421912608,0.003857410970007296
Enh951_AGPAT2,Enh951,ENSG00000169692,0,0.0244014921547168,0.0183557569004125,0.12,0.10801077358322841,0.08068110957926697,0.09941876153508085,0.092528298135364
Enh951_CLIC3,Enh951,ENSG00000169583,1,0.0459404723485328,0.0251685688885524,0.328,0.25594832227518916,0.15441491105665994,0.022101315409019013,0.00963401700332239
Enh951_DPP7,Enh951,ENSG00000176978,0,0.4115308339577677,0.5953178654330266,0.397,0.3337481748276334,0.5241881721754672,0.15568522154514391,0.306747751459067
Enh951_EDF1,Enh951,ENSG00000107223,0,0.0127018921932581,0.0088827151564474,0.002,0.0028552207388923773,0.004001975752704952,0.023274647923452563,0.01586920421653808
Enh951_EHMT1,Enh951,ENSG00000181090,0,0.0181541117935139,0.0145414111129001,0.002,0.0028552207388923773,0.004102174444617809,0.01069083180194927,0.007857136551179237
Enh951_FBXW5,Enh951,ENSG00000159069,0,0.0447403887473904,0.029618447073719,0.02,0.017848517503760986,0.018253585331387528,0.020651854447060136,0.012751025265239042
Enh951_MAN1B1,Enh951,ENSG00000177239,0,0.1989489546660562,0.1256555074297723,0.269,0.20817285400172866,0.17456025749416082,0.3154282239923207,0.2705363841837819
Enh951_MRPL41,Enh951,ENSG00000182154,0,0.0108077705134643,0.0081901495198181,0.002,0.0033972890919814177,0.005047201729919063,0.019969102531308344,0.01687812356975852
Enh951_NELFB,Enh951,ENSG00000188986,0,0.0880867860052358,0.054553037619679,0.048,0.04864838565350608,0.04342915747005932,0.22939994632123076,0.17812145874101512
Enh951_NPDC1,Enh951,ENSG00000107281,0,0.0835954480395901,0.0541634384857087,0.2,0.16599553930038935,0.1297465085052478,0.026861530232207543,0.012607685823098048
Enh951_PAXX,Enh951,ENSG00000148362,0,0.0627922708273398,0.0422857642765394,0.077,0.06583998428234239,0.05985714458683216,0.027973694259668565,0.023694678067534544
Enh951_PHPT1,Enh951,ENSG00000054148,0,0.0093889645069694,0.0068383690280423,0.004,0.00668460639599236,0.008522041543943235,0.017752253636307547,0.009704167124780207
Enh951_RABL6,Enh951,ENSG00000196642,0,0.0234418971369183,0.0172483254972059,0.15,0.13012660257745243,0.09657966845930685,0.007969944671991571,0.004502371324152335
Enh951_SNHG7,Enh951,ENSG00000233016,0,0.0227880323103166,0.0178979904343174,0.004,0.0038345963012397866,0.0050192561382947755,0.006363263599066519,0.004431039314201964
Enh951_SSNA1,Enh951,ENSG00000176101,0,0.1123608910112957,0.0625843841250134,0.018,0.022831782967915278,0.023920153812549697,0.046041958665970814,0.018330093546300795
Enh951_TMEM141,Enh951,ENSG00000244187,0,0.0220976822058638,0.0164679949831052,0.124,0.10332868539477137,0.0800220857191982,0.005427541606284607,0.004301645807106582
Enh951_TMEM203,Enh951,ENSG00000187713,0,0.1269940117440111,0.0734495338020513,0.082,0.07634508009766204,0.06307719276346721,0.07101590458415578,0.03878218661832618
Enh951_TUBB4B,Enh951,ENSG00000188229,0,0.0314690158121115,0.0190512139966474,0.019,0.02238714338502863,0.023220188215167952,0.07869878741834202,0.04858063890810844
Enh951_ZMYND19,Enh951,ENSG00000165724,0,0.022859883936937,0.0185539128783044,0.004,0.005207446207929593,0.006952951490567476,0.04625901851449534,0.03751122506335202
Enh952_PLIN2,Enh952,ENSG00000147872,0,0.2347083699711326,0.5551600050595221,0.409,0.32244906719454,0.5931343882670654,0.12842616523593994,0.3657232831246487
Enh952_RPS6,Enh952,ENSG00000137154,0,0.0178363283843216,0.0161760367143974,0.0,6.605720743558276e-06,3.512369924764945e-05,0.026881389209894753,0.02018513719752268
Enh952_RRAGA,Enh952,ENSG00000155876,0,0.0747783310020893,0.0782072210076168,0.029,0.02892711557656502,0.041196302853584506,0.028102981849569213,0.028070700195959884
Enh954_CLTA,Enh954,ENSG00000122705,0,0.1193364322015858,0.0350168173845713,0.108,0.09142327376714261,0.03586379106704279,0.22905833226391017,0.059502010218826916
Enh954_CREB3,Enh954,ENSG00000107175,0,0.0125687893680354,0.0136630425679077,0.007,0.01056108215038397,0.012210579848321837,0.005955693669653857,0.005573636083549968
Enh954_GLIPR2,Enh954,ENSG00000122694,1,0.3223779577234433,0.3647678833365286,0.12,0.09827461242256087,0.1244398296127741,0.7205846066422948,0.7907273890678774
Enh954_TLN1,Enh954,ENSG00000137076,0,0.0059273332835834,0.0067109722903058,0.005,0.005797655948490242,0.0072209568872404675,0.00875328492338095,0.010339186999828089
Enh954_TPM2,Enh954,ENSG00000198467,0,0.0029231341793003,0.0033820989967349,0.006,0.008530496564911668,0.01061080575748273,0.004921130844429448,0.006456626287266995
Enh955_CLTA,Enh955,ENSG00000122705,0,0.0050808134055842,0.0052360317105401,0.005,0.004277494247123212,0.006006602763390781,0.010735555712722084,0.009731215894817851
Enh956_SMC5,Enh956,ENSG00000198887,0,0.1004907947328064,0.1021724354682957,0.016,0.017459525564531737,0.026192900477518898,0.07693218379278265,0.08228779572024009
Enh957_KLF9,Enh957,ENSG00000119138,1,0.7909131227395105,0.9519548184884428,0.767,0.6387643518473836,0.9180338731791062,0.998493125832188,0.9999636092862862
Enh957_SMC5,Enh957,ENSG00000198887,0,0.0755963579029792,0.0586107729783901,0.006,0.006814449519233382,0.009260881841071933,0.06163783631224579,0.05238878932759268
Enh95_GNG5,Enh95,ENSG00000174021,0,0.022833825913125,0.0216646243404209,0.003,0.003459374960395805,0.004563560154299097,0.036043739637358505,0.02783540624734799
Enh960_SMC5,Enh960,ENSG00000198887,0,0.0416401818157133,0.0456039308038787,0.008,0.008793536931581483,0.010690060314276032,0.030175867364716932,0.03976029937975213
Enh963_ANXA1,Enh963,ENSG00000135046,0,0.2743146079867358,0.1250730855746595,0.623,0.49493403222208665,0.26057463679024684,0.4744521583633134,0.20193806245023618
Enh964_HNRNPK,Enh964,ENSG00000165119,0,0.0170176527281853,0.0208989881993189,0.0,1.9181491370496346e-06,7.773174530497934e-06,0.0271740238827831,0.02410616233576394
Enh965_NAA35,Enh965,ENSG00000135040,0,0.0095340654743397,0.00854910645214,0.0,4.0621097465124596e-07,2.5046397741997335e-06,0.004205333261176263,0.004158398869593585
Enh966_NAA35,Enh966,ENSG00000135040,0,0.0237008821162306,0.0266003654442501,0.0,1.3956201815369262e-06,5.729000292431044e-06,0.007928960104552428,0.008359473436183087
Enh968_CTSL,Enh968,ENSG00000135047,1,0.4624079831831685,0.9999969887346888,0.418,0.3537738321659859,0.9999820955708482,0.29201433863346205,0.999999366933648
Enh96_GNG5,Enh96,ENSG00000174021,0,0.058498185624689,0.0738407018969472,0.018,0.014200277705647782,0.021704119115377486,0.10249421100406449,0.1309344619842654
Enh96_RPF1,Enh96,ENSG00000117133,0,0.0936371743434037,0.0808198210416757,0.021,0.016515979023485786,0.0182286276181388,0.03522449043892799,0.030666249078377988
Enh971_AOPEP,Enh971,ENSG00000148120,0,0.0454032930580922,0.0443191592827261,0.0,8.315749413280378e-06,4.683673564472695e-05,0.021987588905735087,0.018071360172475754
Enh973_HABP4,Enh973,ENSG00000130956,0,0.0168180342881118,0.0198588881536286,0.017,0.021305354728110015,0.022252596073710783,0.013928331510143381,0.02218957402896522
Enh975_TMSB4X,Enh975,ENSG00000205542,0,0.1103670655224467,0.0880685510044848,0.697,0.6532975146588739,0.505461589012567,0.15701862014560572,0.12561895005762172
Enh976_TMSB4X,Enh976,ENSG00000205542,1,0.3046127447676638,0.2242439470579143,0.534,0.418630679170193,0.32766413913684456,0.47972027105464854,0.39974004078619235
Enh977_SYAP1,Enh977,ENSG00000169895,0,0.0120821575380981,0.0132225019629219,0.003,0.004058051522983715,0.005767656060639968,0.011499128315611975,0.009132564462648237
Enh978_RBBP7,Enh978,ENSG00000102054,0,0.0696637354911392,0.0485344711463901,0.049,0.05891310093150323,0.05313074381351804,0.035256386548777975,0.025783229398355277
Enh978_SYAP1,Enh978,ENSG00000169895,0,0.0063815147236941,0.0067829781816068,0.0,5.009391333501727e-06,2.174046401174972e-05,0.006579141401367206,0.006798139732249581
Enh979_PDHA1,Enh979,ENSG00000131828,0,0.0166872847169091,0.0140250880581358,0.012,0.01315443207651874,0.015157842545716853,0.0042645863273343436,0.003647646460582274
Enh97_GNG5,Enh97,ENSG00000174021,0,0.0727698781274243,0.1429977305708202,0.005,0.004057731051377325,0.010088890591564259,0.10379011692068982,0.21087025766717896
Enh98_GNG5,Enh98,ENSG00000174021,0,0.0652704033027924,0.0682000280346653,0.002,0.0015591928156385576,0.00264930012910053,0.08969975150647336,0.08448953071039152
Enh99_GNG5,Enh99,ENSG00000174021,0,0.0398414065483451,0.0340190684830259,0.001,0.0005814205205144025,0.0012682632013101185,0.05200715230130633,0.04213857966731778
Enh99_RPF1,Enh99,ENSG00000117133,0,0.0590144082372182,0.0391335089550122,0.002,0.001205905421111876,0.002002814418710406,0.020505038697342808,0.014414337547782402
Enh9_MAN1A2,Enh9,ENSG00000198162,0,0.0145129089062984,0.0112263735801801,0.015,0.016371680525391022,0.017947540680680572,0.0034245338188610007,0.0030764684666417293
