permutation,ap_increment,auc_increment,log_loss_improvement,null_plus_ap,null_plus_auc,null_plus_log_loss
1,-0.006530120335669465,0.0001296940603580099,-0.0002843102597618885,0.5437097151322218,0.8985515767339232,0.1434461027459779
2,0.00019521232545638423,-0.00012969406035789888,-7.624178295226325e-05,0.5504350477933476,0.8982921886132073,0.14323803426916829
3,-0.000988414898746015,-0.00020923975071074352,-0.00015209742962546402,0.5492514205691452,0.8982126429228544,0.14331388991584149
4,-0.0030468601699398246,-0.000499754445912326,-0.00039110503181533085,0.5471929752979514,0.8979221282276528,0.14355289751803135
5,-0.005593808162628,-0.0005135884790172796,-0.0005898901367767106,0.5446460273052632,0.8979082941945479,0.14375168262299273
6,-0.0008479314261237159,0.00030607798244464135,7.178119665460225e-05,0.5493919040417675,0.8987279606560098,0.14309001128956142
7,-0.009377038727400255,-0.007174675418998189,-0.004621686426429489,0.540862796740491,0.891247207254567,0.1477834789126455
8,-0.00752230394066411,-0.00019194720932957932,-0.000601636347411949,0.5427175315272271,0.8982299354642356,0.14376342883362797
9,-0.002404027750038451,-0.0026163615109531246,-0.0023124706440941223,0.5478358077178528,0.895805521162612,0.14547426313031014
10,-0.002696098149401971,-0.0012917528411644508,-0.0012327166396247646,0.5475437373184893,0.8971301298324007,0.1443945091258408
11,0.0009770001007111118,-0.0004271257721119026,-9.233697911015248e-05,0.5512168355686023,0.8979947569014533,0.14325412946532617
12,0.00034914545914044304,-0.0005689246114365387,-0.00030302616488686596,0.5505889809270317,0.8978529580621286,0.1434648186511029
13,-0.02650870323339438,-0.0007141819590373855,-0.0026220093531610367,0.5237311322344969,0.8977077007145278,0.14578380183937706
14,-0.004051269914471134,-0.0012640847749548767,-0.0007410247560554473,0.5461885655534201,0.8971577978986103,0.14390281724227147
15,-0.0002331712960892407,2.248030379536914e-05,-0.00016886564269863458,0.550006664171802,0.8984443629773605,0.14333065812891466
16,-0.0011422987184458444,0.0005170469872933792,0.0001399052851597249,0.5490975367494454,0.8989389296608585,0.1430218872010563
17,-0.0016173531432192023,1.5563287243058888e-05,4.745099274144904e-06,0.548622482324672,0.8984374459608082,0.14315704738694188
18,-0.004568026489387367,2.5938812071579775e-05,-0.0004487816115114618,0.5456718089785039,0.8984478214856367,0.14361057409772748
19,-0.028163538522296916,-0.0006346362686847629,-0.002284549294315902,0.5220762969455943,0.8977872464048804,0.14544634178053192
20,-0.016507829861007295,-0.0007764351080091769,-0.0013541682034234337,0.5337320056068839,0.897645447565556,0.14451596068963946
21,-0.0041759762789757016,0.0001988642258821116,-5.930696099221144e-07,0.5460638591889155,0.8986207468994473,0.14316238555582594
22,-0.004197056550786615,0.0006692213514466472,-1.63965459321902e-05,0.5460427789171046,0.8990911040250118,0.1431781890321482
23,-0.008653014545716542,-0.0008456052735332786,-0.0008890539320886848,0.5415868209221747,0.8975762774000319,0.1440508464183047
24,-0.0005324027750243099,-0.00017465466794863715,-0.0001419292808945427,0.5497074326928669,0.8982472280056165,0.14330372176711056
25,-0.024141026107800223,-0.004432078355963487,-0.003527547595452124,0.526098809360091,0.8939898043176017,0.14668934008166815
26,-0.005487202629362753,0.0005896756610938025,9.398258991261121e-05,0.5447526328385285,0.899011558334659,0.1430678098963034
27,-0.0013755959315578936,-0.0030728846034128177,-0.0011449996727222744,0.5488642395363333,0.8953489980701523,0.1443067921589383
28,-0.006743277553528548,-0.0006623043348941149,-0.0005792502261677823,0.5434965579143627,0.897759578338671,0.1437410427123838
29,-0.0016527693065562232,-0.0010219891956202432,-0.00037341807714083575,0.548587066161335,0.8973998934779449,0.14353521056335686
30,-0.012137731077217828,-0.0009770285880295049,-0.000993844488804907,0.5381021043906734,0.8974448540855356,0.14415563697502093
31,0.001631113482719826,0.00031645350727316224,0.000389295540319301,0.5518709489506111,0.8987383361808383,0.14277249694589672
32,-0.0075277723162557875,-0.0027685358751062816,-0.0013853154921147637,0.5427120631516354,0.8956533467984589,0.14454710797833079
33,-0.000788202645366054,-0.00025074185002516014,-0.00011970081989232106,0.5494516328225252,0.89817114082354,0.14328149330610834
34,-0.011572479392183976,-0.001813987590872368,-0.0011831635215590885,0.5386673560757073,0.8966078950826928,0.1443449560077751
35,0.008646653050151332,0.0020387906288260593,0.001120468442732947,0.5588864885180426,0.9004606733023912,0.14204132404348307
36,-0.0017696398463558083,-0.0009009414059527598,-0.00040323215771040366,0.5484701956215354,0.8975209412676124,0.14356502464392643
37,-0.0040625263531701705,-0.001689481292928674,-0.0009000751164721377,0.5461773091147211,0.8967324013806365,0.14406186760268816
38,-0.0004509684019428084,-0.00039945770590232854,-0.00021826497964427816,0.5497888670659484,0.8980224249676628,0.1433800574658603
39,-0.0010447077983467556,0.0006692213514466472,0.0004406165198156675,0.5491951276695445,0.8990911040250118,0.14272117596640035
40,0.010686092446526185,0.0022393841088461652,0.0016058567586663686,0.5609259279144174,0.9006612667824113,0.14155593572754965
41,0.0017077425029113913,-4.323135345252194e-05,0.00011021699260396756,0.5519475779708026,0.8983786513201126,0.14305157549361205
42,-0.0010655031432380557,-0.0003787066562450647,-0.00018360619544674495,0.5491743323246532,0.8980431760173201,0.14334539868166277
43,-0.0039170389819347395,-0.00032337052382569453,-0.00039319822954428374,0.5463227964859565,0.8980985121497395,0.1435549907157603
44,-0.0028194573761343156,0.0002645758831301137,1.2380624217017688e-05,0.5474203780917569,0.8986864585566953,0.143149411861999
45,-0.011412062225372388,-0.0008248542238761258,-0.0009728479533804291,0.5388277732425188,0.897597028449689,0.14413464043959645
46,-0.0019675532309078037,0.00012623555208179926,-0.00010659241808483322,0.5482722822369834,0.898548118225647,0.14326838490430086
47,-0.012593716493171647,-0.007897503648726212,-0.008391144634674691,0.5376461189747196,0.8905243790248389,0.1515529371208907
48,-0.005885697105789345,-0.0002680343914062133,-0.000554717211680239,0.5443541383621019,0.8981538482821589,0.14371650969789626
49,-0.0014827478984389408,0.0010289062121726644,0.00010954416471037343,0.5487570875694523,0.8994507888857378,0.14305224832150565
50,-0.0034563007357970577,-0.0006242607438560199,-0.00042702000976954646,0.5467835347320942,0.8977976219297091,0.14358881249598557
51,0.005450963008333476,0.0011361199687350831,0.0008720981452334797,0.5556907984762247,0.8995580026423002,0.14228969434098254
52,0.000919526111155311,-0.00010202599414821378,0.00012118685269268958,0.5511593615790465,0.8983198566794169,0.14304060563352333
53,-0.0094976192108438,-0.00036487262314011115,-0.0008250720179840132,0.5407422162570474,0.898057010050425,0.14398686450420004
54,-0.0009749197739986615,-0.00039254068934979625,-0.0003367142871642803,0.5492649156938926,0.8980293419842154,0.1434985067733803
55,-0.0001397891994806555,-0.00017465466794863715,-5.8947078068638525e-05,0.5501000462684106,0.8982472280056165,0.14322073956428466
56,-0.0061683848366888006,-0.0004962959376362264,-0.0005619279916480313,0.5440714506312024,0.8979255867359289,0.14372372047786405
57,0.000849791369304187,-0.00017465466794852613,-1.657109256111844e-05,0.5510896268371954,0.8982472280056166,0.14317836357877714
58,-0.0018068207940183934,-0.0001781131762248478,-8.537024876589805e-05,0.5484330146738728,0.8982437694973403,0.14324716273498192
59,-0.002535169503491197,-0.00022999080036800734,-0.00021413493126834493,0.5477046659644,0.8981918918731971,0.14337592741748437
60,-0.0003655627338219336,-0.001004696654239079,-0.000527634845051389,0.5498742727340693,0.8974171860193261,0.1436894273312674
61,-0.009911455544485914,-0.00021269825898684314,-0.0008047306287603251,0.5403283799234053,0.8982091844145783,0.14396652311497635
62,-0.0059076485302245185,-0.0006726798597228578,-0.0007973326823818294,0.5443321869376667,0.8977492028138423,0.14395912516859785
63,3.88364998495927e-05,-1.2104778966626206e-05,-3.3110055483204226e-05,0.5502786719677408,0.8984097778945985,0.14319490254169923
64,-0.00954500921606316,-0.00014352809346274142,-0.000831044736758102,0.5406948262518281,0.8982783545801024,0.14399283722297412
65,0.00650011420505181,0.00012277704380536658,0.0006425725329975984,0.556739949672943,0.8985446597173705,0.14251921995321842
66,-0.029617727429474217,-0.0009770285880295049,-0.002521911597374915,0.520622108038417,0.8974448540855356,0.14568370408359094
67,0.0013965162467087788,0.000537798036950643,0.0004845769126519961,0.5516363517146,0.8989596807105158,0.14267721557356403
68,-0.0023763161624734686,-0.00017465466794863715,-0.0006497817580286558,0.5478635193054178,0.8982472280056165,0.14381157424424468
69,-0.005587315923124225,-0.0008456052735333897,-0.0005965712297539005,0.544652519544767,0.8975762774000318,0.14375836371596992
70,-0.0008036904601376182,-0.00020232273415832225,5.531058847771386e-05,0.5494361450077536,0.8982195599394068,0.1431064818977383
71,-0.0015528969166110906,-0.0001988642258820006,-0.00012327926553862278,0.5486869385512801,0.8982230184476832,0.14328507175175464
72,-0.006062652082413855,-0.003629704435882841,-0.0016047601354098051,0.5441771833854774,0.8947921782376823,0.14476655262162583
73,-0.0002885261516778481,0.0008594393066383432,0.0003037004533099352,0.5499513093162134,0.8992813219802035,0.1428580920329061
74,0.0013052266420244818,-0.00016427914312000524,-0.0001137040238374798,0.5515450621099157,0.8982576035304451,0.1432754965100535
75,-0.0034496284050400394,-0.0013194209073741359,-0.00059020667501683,0.5467902070628512,0.897102461766191,0.14375199916123285
76,-0.026790260767433405,-0.0009597360466481186,-0.0018924807043733671,0.5234495747004578,0.897462146626917,0.1450542731905894
77,-0.0011858872010809263,-7.089941966231805e-05,-0.0001092399723433557,0.5490539482668103,0.8983509832539028,0.14327103245855938
78,-0.010808952218728352,-0.000613885219027277,-0.0006785198717673413,0.5394308832491629,0.8978079974545379,0.14384031235798336
79,0.0006025843731591873,-0.00020923975071085454,0.0001360401379612297,0.5508424198410504,0.8982126429228543,0.1430257523482548
80,-0.0034421827506695424,-0.00026111737485390307,-0.0002964594621596983,0.5467976527172217,0.8981607652987113,0.14345825194837572
81,-0.0063359063929069315,-0.005085736420167186,-0.00218457345644002,0.5439039290749843,0.893336146253398,0.14534636594265604
82,-0.016583073545073157,-0.006597104536871123,-0.0033567349627383614,0.5336567619228181,0.891824778136694,0.14651852744895438
83,0.000819116037613199,-0.0014819707963562578,-0.00031302845440367433,0.5510589515055044,0.8969399118772089,0.1434748209406197
84,-0.004097893847990419,-0.0006830553845514897,-0.0005778823754407914,0.5461419416199008,0.8977388272890137,0.1437396748616568
85,-0.01758342427320292,-0.0007003479259325429,-0.0014245804693565622,0.5326564111946883,0.8977215347476326,0.14458637295557258
86,-0.005892694005806165,-0.005341666032606773,-0.002656821461970049,0.5443471414620851,0.8930802166409584,0.14581861394818607
87,-0.009167592789947054,-0.0007003479259325429,-0.0005170935565992907,0.5410722426779442,0.8977215347476326,0.1436788860428153
88,-0.0026901558487358868,-0.0007556840583518021,-0.000479029589508434,0.5475496796191553,0.8976661986152134,0.14364082207572446
89,-0.011124316321743821,-0.0015511409618803595,-0.001440804397334683,0.5391155191461474,0.8968707417116848,0.1446025968835507
90,-0.006596557355713073,-0.005096111944995818,-0.003484067574118288,0.5436432781121782,0.8933257707285693,0.1466458600603343
91,0.0011489193159230915,0.0007210989755898067,0.00026919864902827384,0.5513887547838143,0.899142981649155,0.14289259383718775
92,0.0004719726828457116,0.00048592041280759446,0.0004556542855591039,0.550711808150737,0.8989078030863727,0.14270613820065692
93,-0.0009459292326712276,-0.0003510385900352686,-0.00021005026945050687,0.54929390623522,0.8980708440835299,0.14337184275566653
94,0.0031757787513804203,0.00017119615967242652,-0.0010432402997950507,0.5534156142192717,0.8985930788332376,0.14420503278601107
95,-0.01696204289963299,-0.003021006979269547,-0.001852481440251602,0.5332777925682582,0.8954008756942956,0.14501427392646762
96,-0.0015303105245570991,-0.0002853269327872665,-0.0002987827484615402,0.5487095249433341,0.8981365557407779,0.14346057523467756
97,0.0030990333281741833,0.0015061803542897323,0.0007670995581103568,0.5533388687960654,0.8999280630278549,0.14239469292810567
98,-0.005458310380358156,-0.0010358232287249747,-0.0007864342998686602,0.5447815250875331,0.8973860594448402,0.14394822678608468
99,6.322519681667416e-05,-0.00025074185002516014,-0.0001985102202153033,0.5503030606647079,0.89817114082354,0.14336030270643133
100,0.00044925060551204155,-0.00028186842451105587,-1.591514605203681e-05,0.5506890860734033,0.8981400142490541,0.14317770763226806
101,0.0015298628279953874,0.00013661107691032015,0.00016364945683111642,0.5517696982958866,0.8985584937504755,0.1429981430293849
102,0.0017630231762159054,0.00042020875555959236,0.00018628270411238934,0.5520028586441071,0.8988420914291247,0.14297550978210363
103,-0.008470064141863576,0.0001608206348437946,-0.0005774954152522049,0.5417697713260277,0.898582703308409,0.14373928790146823
104,-0.003326831549741893,-0.000766059583180545,-0.0004607355120327672,0.5469130039181493,0.8976558230903846,0.1436225279982488
105,-0.0025518208224412087,-0.0012675432832309763,-0.0005969828479999439,0.54768801464545,0.8971543393903342,0.14375877533421597
106,0.0017806721990619723,-0.0001884887010534797,8.519038195264894e-05,0.5520205076669532,0.8982333939725117,0.14307660210426337
107,-0.0008952347390874804,-0.0013643815149650962,-0.0005240918885944523,0.5493446007288038,0.8970575011586001,0.14368588437481047
108,-0.004983259284745523,-0.0013920495811746703,-0.0007620953868128777,0.5452565761831457,0.8970298330923905,0.1439238878730289
109,0.00109234972568506,0.00043058428038822427,0.0003305214428694636,0.5513321851935763,0.8988524669539534,0.14283127104334656
110,-0.0011295011572486358,-4.323135345263296e-05,4.109283997286162e-05,0.5491103343106426,0.8983786513201125,0.14312069964624316
111,0.0017230115428958914,-0.0018209046074246782,-0.00027621735727767494,0.5519628470107871,0.8966009780661405,0.1434380098434937
112,-0.007845959040523542,-0.004411327306306334,-0.002202578247340742,0.5423938764273677,0.8940105553672588,0.14536437073355676
113,-0.00023699411335220688,-0.0003752481479689651,-0.0002454758139170954,0.550002841354539,0.8980466345255962,0.14340726830013312
114,9.577182916509219e-05,0.0006968894176564433,0.0002986128942484567,0.5503356072970563,0.8991187720912216,0.14286317959196757
115,-0.001255920540489286,-0.0005343395286745434,-0.00025590015209822625,0.548983914927402,0.8978875431448906,0.14341769263831425
116,-0.005074325104311717,-0.0005205054955697008,-0.00039406224083490815,0.5451655103635795,0.8979013771779955,0.14355585472705093
117,-0.004453756655521168,-0.0004340427886644349,-0.00032415024004955884,0.5457860788123701,0.8979878398849007,0.14348594272626558
118,-0.01129737238025652,-0.006451847189270277,-0.003937557968551164,0.5389424630876347,0.8919700354842949,0.14709935045476719
119,-0.010153616026469914,0.00040983323073096045,-0.0003750900802871604,0.5400862194414213,0.8988317159042961,0.14353688256650318
120,-0.019596004444942916,-0.005023483271195506,-0.0030670053961641963,0.5306438310229483,0.8933983994023696,0.14622879788238022
121,-0.0020962097761312304,-0.00021269825898684314,-0.00023037932606267963,0.54814362569176,0.8982091844145783,0.1433921718122787
122,-0.008613613555237487,-0.0016721887515477318,-0.0009765133458605468,0.5416262219126537,0.8967496939220174,0.14413830583207657
123,0.0008990155492387686,0.00018157168450116945,0.00012315039240554104,0.55113885101713,0.8986034543580663,0.14303864209381048
124,-0.002017334595381226,-0.0003372045569305371,-0.0002669977690012981,0.54822250087251,0.8980846781166346,0.14342879025521732
125,-0.00824741686731767,-0.001564974994985202,-0.0009093950472174595,0.5419924186005736,0.89685690767858,0.14407118753343348
126,0.0013457343396658938,-0.0002472833417490605,-1.0007790936655825e-05,0.5515855698075571,0.8981745993318161,0.14317180027715268
127,-0.0060754574333024,0.0017932365412151041,0.00021966269490816814,0.5441643780345888,0.9002151192147803,0.14294212979130785
128,-0.006033642260047656,-0.0011810805763258214,-0.0007815956014052272,0.5442061932078436,0.8972408020972393,0.14394338808762125
129,0.00045100577449785906,0.0002472833417489495,0.0002466142640460134,0.5506908412423891,0.8986691660153141,0.14291517822217
130,-0.013435271299577334,-0.008561537237758654,-0.003800670673616252,0.5368045641683139,0.8898603454358065,0.14696246315983227
131,-0.0002192566833668641,-0.00023344930864421798,-0.00019028985562949408,0.5500205787845244,0.8981884333649209,0.14335208234184552
132,0.0009556052906402046,8.473345276727162e-05,0.0001048992743168109,0.5511954407585314,0.8985066161263324,0.1430568932118992
133,0.001955222820783087,0.0009597360466483407,0.00033803769081533486,0.5521950582886743,0.8993816187202135,0.1428237547954007
134,-0.03220558270216467,-0.004632671835983704,-0.004592817102423291,0.5180342527657266,0.8937892108375814,0.1477546095886393
135,-0.0006947159378694057,-0.0009459020135436091,-0.00036398031116552376,0.5495451195300218,0.8974759806600215,0.14352577279738155
136,-0.00787024387842461,-0.002280886208160693,-0.001313986529286798,0.5423695915894666,0.8961409964654045,0.14447577901550282
137,-0.0044283548963856,-0.00012623555208179926,-0.0003681834587747346,0.5458114805715056,0.8982956471214834,0.14352997594499076
138,0.0019950057374880092,0.0001608206348437946,0.0001498136584690557,0.5522348412053792,0.898582703308409,0.14301197882774697
139,0.0005155037918550542,-0.00021961527553937543,4.431443936858681e-05,0.5507553392597463,0.8982022673980258,0.14311747804684744
140,0.005587017741793265,0.00014698660173895206,0.00044316953544712434,0.5558268532096845,0.8985688692753041,0.1427186229507689
141,-0.004076540891968516,0.0005135884790173906,-1.4191039617611478e-05,0.5461632945759227,0.8989354711525825,0.14317598352583363
142,-0.0011710274941630905,-0.00010548450242442442,-0.0001296870446682863,0.5490688079737281,0.8983163981711407,0.1432914795308843
143,0.00538262930228306,0.0026959072013058583,0.0012433276430987572,0.5556224647701743,0.901117789874871,0.14191846484311726
144,-0.011586685731203361,-0.0033876088565480966,-0.0018111738955184642,0.5386531497366879,0.8950342738170171,0.14497296638173449
145,-0.0014540451077561523,-0.0005308810203982217,-0.00035376428872968546,0.5487857903601351,0.8978910016531669,0.1435155567749457
146,-0.002254878336252486,9.165046931958187e-05,-0.00026384450596833586,0.5479849571316388,0.8985135331428847,0.14342563699218436
147,-0.00672189457133443,-0.0006311777604084412,-0.0007810733240705692,0.5435179408965568,0.8977907049131567,0.1439428658102866
148,-0.0005891059224064632,0.0004305842803883353,0.00019245507458973132,0.5496507295454848,0.8988524669539535,0.1429693374116263
149,-0.0017768841622034515,-0.0003683311314163218,-0.0003411811346743787,0.5484629513056878,0.8980535515421488,0.1435029736208904
150,-0.0008615831258433904,-0.0007453085335232812,-0.0002710779755737136,0.5493782523420478,0.8976765741400419,0.14343287046178974
151,-0.003864131507294699,-0.0008006446659426514,-0.0006060954984121736,0.5463757039605965,0.8976212380076225,0.1437678879846282
152,0.0024894632548636553,0.0017586514584529978,0.0008369871263730344,0.5527292987227549,0.9001805341320182,0.142324805359843
153,0.003462113283639434,-0.001108451902525398,-0.00034903642631584075,0.5537019487515307,0.8973134307710398,0.14351082891253186
154,-0.0054334326012445144,-0.0055872201202176175,-0.0026180555639501446,0.5448064028666467,0.8928346625533475,0.14577984805016617
155,-0.024734819349215065,-0.0011361199687350831,-0.0019250708611166234,0.5255050161186762,0.8972857627048301,0.14508686334733265
156,-0.0014177485612351104,-0.0005066714624647473,-0.0002953461186685491,0.5488220869066561,0.8979152112111004,0.14345713860488457
157,0.0022035152233965682,0.0003441215734830694,0.00035770636130777467,0.5524433506912878,0.8987660042470482,0.14280408612490825
158,-0.0010556466165968503,0.001156871018392236,0.0004622088717837758,0.5491841888512944,0.8995787536919574,0.14269958361443225
159,-0.008756662386713354,-0.0005585490866080178,-0.000777167017742525,0.5414831730811779,0.8978633335869571,0.14393895950395855
160,-0.014662559134427045,-0.0057117264181612,-0.0029413759073621815,0.5355772763334642,0.892710156255404,0.1461031683935782
161,0.0008448083745471457,0.00019194720932980136,0.00012205313999311129,0.5510846438424384,0.898613829882895,0.1430397393462229
162,-0.004623020048700077,-0.0030555920620318755,-0.0014031292699627773,0.5456168154191912,0.8953662906115333,0.1445649217561788
163,0.0002857918106714541,0.00017465466794852613,0.00027941174958220905,0.5505256272785627,0.8985965373415137,0.1428823807366338
164,-0.026848641119821104,-0.0014819707963561468,-0.002062370929312468,0.5233911943480701,0.896939911877209,0.1452241634155285
165,0.002359558013395713,6.398240310989678e-05,9.534245150571996e-06,0.552599393481287,0.898485865076675,0.14315225824106545
166,-0.0022864651207017417,-0.0007349330086946493,-0.00037359595858257877,0.5479533703471895,0.8976869496648705,0.1435353884447986
167,-0.005244887047201607,-0.00046862787142643025,-0.0004559283968857686,0.5449949484206896,0.8979532548021387,0.1436177208831018
168,-0.022874565812570524,-0.0033979843813765065,-0.0028016645531259987,0.5273652696553207,0.8950238982921886,0.14596345703934202
169,-0.00584469504049312,-0.0002472833417489495,-0.00035567736046376863,0.5443951404273981,0.8981745993318162,0.1435174698466798
170,-0.00947664765368339,-0.0006692213514466472,-0.0007812914209096022,0.5407631878142078,0.8977526613221185,0.14394308390712562
171,0.002082090601612907,-0.0001815716845009474,-0.00012359056272992497,0.5523219260695041,0.8982403109890642,0.14328538304894595
172,-0.0012008668911165366,2.5938812071690798e-05,7.278994402823424e-05,0.5490389685767747,0.8984478214856368,0.1430890025421878
173,-0.004374384959319966,0.0001020259941483248,-0.00021618431375911018,0.5458654505085713,0.8985239086677135,0.14337797679997513
174,-0.00038496844015423193,-4.323135345263296e-05,-8.992754897643729e-05,0.549854867027737,0.8983786513201125,0.14325172003519246
175,-0.006600589018718406,-0.0013021283659930827,-0.0008091652679393935,0.5436392464491728,0.8971197543075721,0.14397095775415542
176,-0.003073007836212782,-0.0016721887515476208,-0.0007279028204521254,0.5471668276316785,0.8967496939220175,0.14388969530666815
177,-0.0007911291758189165,0.0016687302432715212,0.0005606875252098797,0.5494487062920723,0.9000906129168367,0.14260110496100614
178,-0.0002012659026823238,-0.0001781131762248478,-0.00014706681798878907,0.5500385695652089,0.8982437694973403,0.1433088593042048
179,-0.00014513844438801549,-0.00034412157348295835,-0.00020794472160473587,0.5500946970235032,0.8980777611000822,0.14336973720782076
180,0.012021813844336315,0.0014162591391081447,0.0013631507944372179,0.5622616493122276,0.8998381418126733,0.1417986416917788
181,-0.0044170108518755136,-0.0005032129541884256,-0.0005688795925800627,0.5458228246160157,0.8979186697193767,0.14373067207879608
182,-0.0213702462347094,-0.0006415532852370731,-0.0016038488278930507,0.5288695892331818,0.8977803293883281,0.14476564131410907
183,-0.003176698218755436,-0.0003199120155493729,-0.00033279820770262813,0.5470631372491358,0.8981019706580158,0.14349459069391865
184,-0.013237680432422905,-0.006278921775459634,-0.003064300125554892,0.5370021550354683,0.8921429608981055,0.1462260926117709
185,-0.01379489408654433,0.0013643815149650962,-0.0002998483568018573,0.5364449413813469,0.8997862641885302,0.14346164084301788
186,0.000571410107506054,0.00031645350727327326,0.00016573159381044755,0.5508112455753973,0.8987383361808384,0.14299606089240557
187,-0.002130316681586586,-7.781643621473933e-05,-6.660741338437859e-05,0.5481095187863047,0.8983440662373504,0.1432283998996004
188,-0.002361215609803735,-0.00037524814796874306,-0.00020264826524862833,0.5478786198580875,0.8980466345255964,0.14336444075146465
189,-0.002754888577346626,1.9021795519158502e-05,-2.7147038110131305e-05,0.5474849468905446,0.8984409044690843,0.14318893952432615
190,0.003981594371539554,0.0009078584225051811,0.0006729504410974141,0.5542214298394308,0.8993297410960703,0.1424888420451186
191,0.001239626049784004,5.0148370005165255e-05,0.00012385188575247952,0.5514794615176752,0.8984720310435703,0.14303794060046354
192,-0.006656505555122316,-0.00012623555208157722,-0.0005461067961788635,0.5435833299127689,0.8982956471214836,0.14370789928239489
193,-0.025717740628438346,-0.003857965982112521,-0.0030155243818393296,0.5245220948394529,0.8945639166914526,0.14617731686805535
194,0.00021785204676860737,-0.0006899724011038,-0.0001853408019124314,0.5504576875146598,0.8977319102724614,0.14334713328812845
195,-0.004226370532039114,-0.001042740245277396,-0.0006431251758625967,0.5460134649358521,0.8973791424282878,0.14380491766207862
196,0.002819697073075167,0.0007729765997329663,0.0003801981276732036,0.5530595325409664,0.8991948592732981,0.14278159435854282
197,-0.012090625507980013,-0.0015545994701565702,-0.0013436284058651604,0.5381492099599112,0.8968672832034086,0.14450542089208118
198,0.005450460535283308,0.0011637880349447682,0.000520729342089965,0.5556902960031745,0.8995856707085099,0.14264106314412606
199,-0.0121677155090264,-0.001385132564622249,-0.0010677356350841383,0.5380721199588648,0.8970367501089429,0.14422952812130016
200,0.0009667719904457028,7.781643621473933e-05,5.4576490231356134e-05,0.5512066074583369,0.8984996991097799,0.14310721599598467
201,-0.0015892911650646768,2.9397320347790412e-05,-2.430867924585467e-05,0.5486505443028266,0.8984512799939129,0.14318610116546188
202,-0.0014303758883043027,0.0004271257721119026,0.0001868046807916024,0.5488094595795869,0.8988490084456771,0.14297498780542442
203,0.0035103661129738395,0.00026803439140643537,0.0001610289969040113,0.5537502015808651,0.8986899170649716,0.143000763489312
204,-0.0010084770545177868,0.00044787682176927746,0.00010095036687865488,0.5492313584133734,0.8988697594953344,0.14306084211933737
205,0.0018164654981215334,4.323135345263296e-05,0.0002487434936477573,0.5520563009660128,0.8984651140270178,0.14291304899256826
206,-0.01240695451535212,-0.006403428073403439,-0.0030924954319038744,0.5378328809525391,0.8920184546001617,0.1462542879181199
207,-0.0003109927323917683,-0.00038216516452127536,-0.0001504361222832984,0.5499288427354995,0.8980397175090439,0.14331222860849932
208,-0.009432401044657146,0.0001296940603580099,-0.0005542256837292037,0.5408074344232341,0.8985515767339232,0.14371601816994523
209,-0.0032775325126762622,0.0013920495811746703,0.00039904836568618873,0.546962302955215,0.8998139322547398,0.14276274412052983
210,-0.003518627150028597,-0.00047554488797896255,-0.0002002697029002687,0.5467212083178626,0.8979463377855862,0.1433620621891163
211,-0.014868803241253947,-0.013711256061035737,-0.0066584062461826354,0.5353710322266373,0.8847106266125294,0.14982019873239866
212,0.0012966162177832086,0.0001124015189768457,0.00010459412208935204,0.5515364516856744,0.898534284192542,0.14305719836412667
213,-0.0021034913801933897,-0.0011983731177068746,-0.00048364379564669324,0.5481363440876978,0.8972235095558583,0.14364543628186272
214,-8.074163628857267e-05,0.0001227770438054776,-8.768055295704791e-07,0.5501590938316027,0.8985446597173706,0.1431626692917456
215,0.0034607945035135534,5.014837000505423e-05,0.00021485700632262184,0.5537006299714048,0.8984720310435702,0.1429469354798934
216,-0.0008149544135425124,0.0008317712404286581,0.0003695074248101504,0.5494248810543487,0.8992536539139938,0.14279228506140587
217,0.00042619388589415497,-0.0001884887010534797,8.559303842609056e-06,0.5506660293537854,0.8982333939725117,0.1431532331823734
218,-0.008206564873254663,0.0005689246114366497,-0.0003103315801846196,0.5420332705946366,0.8989908072850018,0.14347212406640064
219,-0.004712014994989078,-0.0009874041128580258,-0.0006623413479171503,0.5455278204729022,0.8974344785607071,0.14382413383413317
220,-0.00592549993599778,-0.007171216910722089,-0.005576260140247757,0.5443143355318935,0.8912506657628431,0.14873805262646378
221,-0.0010385863539180695,-0.002239384108846054,-0.0007441896460439745,0.5492012491139732,0.8961824985647191,0.14390598213226
222,-0.001739407207575261,-0.0003302875403780048,-0.00021740067896133808,0.548500428260316,0.8980915951331871,0.14337919316517736
223,-0.0006064811507013879,1.5563287242947865e-05,-2.0814398365487374e-05,0.5496333543171898,0.8984374459608081,0.1431826068845815
224,-0.008027188410037134,-0.00019540571760578995,-0.0005265430006963223,0.5422126470578541,0.8982264769559594,0.14368833548691234
225,-0.003737970355877973,0.0003717896396925324,-0.00015911906910867635,0.5465018651120133,0.8987936723132577,0.1433209115553247
226,0.00033286120796183205,-0.0002576588665774704,-0.00015167208595479043,0.5505726966758531,0.8981642238069877,0.1433134645721708
227,0.001453332893716186,0.00019194720932969034,0.00010459460127162923,0.5516931683616074,0.8986138298828948,0.1430571978849444
228,1.4213168686438848e-05,0.00018157168450116945,0.00010175655507682624,0.5502540486365777,0.8986034543580663,0.1430600359311392
229,-0.03621754202511207,0.00043750129694064555,-0.005753125630099387,0.5140222934427792,0.8988593839705058,0.1489149181163154
230,0.003998942146328788,0.0002784099162350673,0.00025000735982519395,0.55423877761422,0.8987002925898002,0.14291178512639083
231,-0.0019158996897158387,-0.00017465466794863715,-0.00010570478175034315,0.5483239357781754,0.8982472280056165,0.14326749726796636
232,-0.01032581083733497,-0.00021961527553937543,-0.0007797172955128218,0.5399140246305563,0.8982022673980258,0.14394150978172884
233,-0.001309854646288966,0.00032337052382569453,0.00016853814171816084,0.5489299808216023,0.8987452531973908,0.14299325434449786
234,-0.0032089485749118296,-0.00025074185002527116,-0.00036913831496246385,0.5470308868929794,0.8981711408235399,0.14353093080117849
235,-0.024606752614437233,-0.0001435280934626304,-0.0019535784059729333,0.525633082853454,0.8982783545801025,0.14511537089218896
236,-0.006877268011894144,0.0008352297487048688,-0.00020056882096566864,0.5433625674559971,0.89925711242227,0.1433623613071817
237,-0.0012280975308397446,-0.001309045382545615,-0.0003171532618509165,0.5490117379370515,0.8971128372910195,0.14347894574806694
238,-0.006379544062413811,-0.006593646028594913,-0.002883190489503168,0.5438602914054774,0.8918282366449702,0.1460449829757192
239,-0.007226449641788868,-0.0005585490866077958,-0.0005459399570687251,0.5430133858261024,0.8978633335869574,0.14370773244328475
240,-0.004100854015603117,-0.0005620075948842285,-0.0003650496348133747,0.5461389814522881,0.8978598750786809,0.1435268421210294
241,-0.007640061614271776,-0.005556093545731944,-0.002423128872103303,0.5425997738536195,0.8928657891278332,0.14558492135831932
242,0.0045138909519293335,0.00020923975071085454,0.00040102873466360545,0.5547537264198206,0.898631122424276,0.14276076375155242
243,-0.0027006615781246524,-0.000613885219027277,-0.0003923888847793544,0.5475391738897666,0.8978079974545379,0.14355418137099538
244,0.000851634285549574,-0.00034412157348295835,-0.00010431140137889816,0.5510914697534408,0.8980777611000822,0.14326610388759492
245,-0.01538118199794447,-0.002471104163352278,-0.001619502024859526,0.5348586534699468,0.8959507785102129,0.14478129451107555
246,-0.01373233128273843,1.5563287242947865e-05,-0.0008749872208978771,0.5365075041851528,0.8984374459608081,0.1440367797071139
247,-0.001065646779772944,-0.00020578124243442186,-0.00015151192046419792,0.5491741886881183,0.8982161014311307,0.14331330440668022
248,0.00018285463263612023,-0.00013661107691032015,-8.044065073267714e-05,0.5504226901005274,0.8982852715966548,0.1432422331369487
249,0.0011321107900080785,-0.0020111225626163742,-0.0003142281004575864,0.5513719462578993,0.8964107601109488,0.1434760205866736
250,-0.006834132686852845,-0.00028186842451105587,-0.0005871112886853824,0.5434057027810384,0.8981400142490541,0.1437489037749014
251,-0.003923814094937472,-0.0032527270337757708,-0.0012080404984822768,0.5463160213729538,0.8951691556397894,0.1443698329846983
252,-0.0007213323021419971,-0.0014646782549750936,-0.0007060699369041135,0.5495185031657492,0.8969572044185901,0.14386786242312014
253,-0.007123366944746579,-0.0011430369852875044,-0.000962672482582555,0.5431164685231447,0.8972788456882776,0.14412446496879858
254,-0.009865041716881517,-0.007077837187264291,-0.004228705962062679,0.5403747937510097,0.8913440454863009,0.1473904984482787
255,-0.0021880528329545346,0.0005101299707410689,6.630990360576017e-05,0.5480517826349367,0.8989320126443062,0.14309548258261026
256,-0.0033870285690207336,-0.0030071729461649266,-0.0012267221672377648,0.5468528068988705,0.8954147097274002,0.1443885146534538
257,-0.008080994264380581,-0.0011534125101160253,-0.0009824960944855299,0.5421588412035107,0.8972684701634491,0.14414428858070155
258,-0.005688424034139938,-0.0008525222900858109,-0.0006022334408763708,0.5445514114337513,0.8975693603834793,0.1437640259270924
259,-0.012887219101444414,-0.001564974994985202,-0.0028871841447628,0.5373526163664468,0.89685690767858,0.14604897663097882
260,-0.01667922506230235,-0.005881193323695744,-0.0029421782215335035,0.5335606104055889,0.8925406893498694,0.14610397070774953
261,0.002093853480953589,-0.00039254068934979625,2.32634824499367e-05,0.5523336889488448,0.8980293419842154,0.14313852900376609
262,-0.05698685452317653,-0.0017102323425859378,-0.004425042961738956,0.4932529809447147,0.8967116503309792,0.14758683544795498
263,-0.0035545183834307936,0.0007141819590373855,0.0001566640284508536,0.5466853170844604,0.8991360646326025,0.14300512845776517
264,-0.004995949021964874,8.473345276727162e-05,-0.00033759018613022107,0.5452438864459264,0.8985066161263324,0.14349938267234624
265,-0.023242092521525537,0.0013712985315174064,-0.000618252015857218,0.5269977429463657,0.8997931812050826,0.14378004450207324
266,0.005322269055789142,-0.0001435280934626304,0.00014368733416852963,0.5555621045236804,0.8982783545801025,0.1430181051520475
267,-0.0035579966738512603,-0.0007107234507611748,-0.0006739611080993912,0.54668183879404,0.897711159222804,0.1438357535943154
268,0.003204892836351836,0.0007729765997329663,0.00031191414396525285,0.5534447283042431,0.8991948592732981,0.14284987834225077
269,-0.008570407804222469,-0.0028446230571830267,-0.001393419449648492,0.5416694276636688,0.8955772596163821,0.1445552119358645
270,-0.0025095398827397197,-0.0006761383679990685,-0.0004776254897762011,0.5477302955851515,0.8977457443055661,0.14363941797599222
271,-0.01387864359309876,-0.0015027218460132996,-0.0013541335159887313,0.5363611918747925,0.8969191608275519,0.14451592600220475
272,-0.008262903718787906,-0.0003648726231402222,-0.0007492837066776226,0.5419769317491033,0.8980570100504249,0.14391107619289364
273,-0.026545478554181545,-0.0009078584225051811,-0.0017817829180326872,0.5236943569137097,0.89751402425106,0.1449435754042487
274,-0.0023684385433020427,-0.0006830553845513787,-0.00038951011327900686,0.5478713969245892,0.8977388272890138,0.14355130259949503
275,-0.004073287500661271,-0.0057013508933325685,-0.0036899735603159733,0.54616654796723,0.8927205317802326,0.146851766046532
276,-0.005040961244103026,-0.0011776220680497218,-0.0007894192206464035,0.5451988742237882,0.8972442606055154,0.14395121170686243
277,-0.005283130850706752,-0.000804103174218862,-0.000699563454796992,0.5449567046171845,0.8976177794993463,0.143861355941013
278,0.004930702808089604,0.002325846815751431,0.001631134004512369,0.5551705382759808,0.9007477294893166,0.14153065848170365
279,-0.00909765925161754,-0.0010600327866583381,-0.0009882362067680783,0.5411421762162737,0.8973618498869068,0.1441500286929841
280,-0.005988208680845819,0.0004824619045313838,-0.0001410244215494516,0.5442516267870454,0.8989043445780965,0.14330281690776547
281,-0.003792313243584422,-0.0007487670417994918,-0.0005597244856381522,0.5464475222243068,0.8976731156317657,0.14372151697185417
282,-0.031340821557635845,-0.0006553873183418046,-0.0026384536719649687,0.5188990139102554,0.8977664953552233,0.145800246158181
283,-0.00917911432639118,-0.0027962039413159667,-0.0015406523666696426,0.5410607211415001,0.8956256787322492,0.14470244485288566
284,0.001585137873640008,-0.0001227770438054776,7.471988482846137e-05,0.5518249733415312,0.8982991056297597,0.14308707260138756
285,-0.001834855511566924,-0.0002991609658922201,-0.0002741356464018019,0.5484049799563243,0.8981227217076729,0.14343592813261782
286,-0.007179793649164656,-0.008087721603917686,-0.00348019776676059,0.5430600418187266,0.8903341610696475,0.1466419902529766
287,-0.015143967683346138,-0.007873294090792737,-0.004145700784582096,0.5350958677845451,0.8905485885827724,0.14730749327079812
288,-0.002821215700901769,-0.0006346362686845408,-0.00030044556596234284,0.5474186197669895,0.8977872464048806,0.14346223805217836
289,-0.0012986717752822008,0.00014352809346274142,3.140401773008006e-05,0.548941163692609,0.8985654107670279,0.14313038846848594
290,-0.014933647284423701,-0.0004962959376362264,-0.0011748822462871178,0.5353061881834675,0.8979255867359289,0.14433667473250314
291,-0.001817071106126722,-0.00035449709831147924,-0.0004705184398056117,0.5484227643617645,0.8980673855752537,0.14363231092602163
292,-0.002737296373626963,-0.0007141819590373855,-0.00029813609066384195,0.5475025390942643,0.8977077007145278,0.14345992857687986
293,-0.0055941774185456206,-0.0007764351080090659,-0.0005565577839593827,0.5446456580493456,0.8976454475655561,0.1437183502701754
294,-0.002716324354538391,0.0026440295771628097,0.0008150313943361132,0.5475235111133528,0.901065912250728,0.1423467610918799
295,-0.0043946969858627005,-0.0007176404673135961,-0.00045796254581859097,0.5458451384820285,0.8977042422062516,0.1436197550320346
296,-0.007909261351467967,-0.0009078584225051811,-0.0007091699417653974,0.5423305741164233,0.89751402425106,0.14387096242798142
297,-0.004851449882795511,-0.0006726798597229688,-0.0005709085270922953,0.5453883855850957,0.8977492028138422,0.14373270101330832
298,-0.004813239434169336,-0.00045133533004537707,-0.0004079980088991797,0.5454265960337219,0.8979705473435198,0.1435697904951152
299,-0.0016245672784958032,0.0007902691411140195,8.989661227487566e-05,0.5486152681893954,0.8992121518146792,0.14307189587394115
300,-0.006587108983248879,-0.0004962959376361153,-0.0006137922368919246,0.5436527264846424,0.897925586735929,0.14377558472310795
301,0.002045945207296729,-0.0028757496316688114,-0.0006452256421439206,0.552285780675188,0.8955461330418963,0.14380701812835994
302,-0.0013068492526724373,-0.0015580579784326698,-0.0007111424343766715,0.5489329862152188,0.8968638246951325,0.1438729349205927
303,-0.009690979974830705,-0.001374757039793506,-0.0011685993851367482,0.5405488554930605,0.8970471256337716,0.14433039187135277
304,-0.04247598290309651,-0.006538309896175543,-0.00559942444495426,0.5077638525647947,0.8918835727773896,0.14876121693117028
305,-0.015057034526475332,-0.007492858180409567,-0.005643094966647111,0.5351828009414159,0.8909290244931556,0.14880488745286313
306,0.00026293177602765283,0.0009009414059528709,0.0004371065109518568,0.5505027672439189,0.899322824079518,0.14272468597526417
307,-0.0010498129527998223,0.0003683311314164328,-1.5666104618644594e-05,0.5491900225150914,0.8987902138049816,0.14317745859083467
308,-0.0031827366301032667,-0.00010202599414810276,-0.00012516907999049476,0.547057098837788,0.898319856679417,0.14328696156620652
309,-0.006054419986133097,-0.00030607798244453033,-0.0003907574196014285,0.5441854154817581,0.8981158046911206,0.14355254990581745
310,-0.0026854031141322343,-0.00039254068934979625,-0.00032581546842566644,0.547554432353759,0.8980293419842154,0.1434876079546417
311,-0.0051969471009580825,-0.0007314745004184386,-0.000546051057407404,0.5450428883669332,0.8976904081731467,0.14370784354362343
312,-0.0014861961749392805,-0.0002957024576158984,-0.00020245475250132983,0.548753639292952,0.8981261802159493,0.14336424723871735
313,-0.0008119247571084509,-0.0005689246114366497,-4.095164869410972e-05,0.5494279107107828,0.8978529580621285,0.14320274413491013
314,-0.0028868256902591094,-0.0009701115714769726,-0.0005297498836611125,0.5473530097776321,0.8974517711020882,0.14369154236987713
315,0.00022132145744047094,-0.00047900339625506216,-7.260215550458637e-05,0.5504611569253317,0.8979428792773101,0.1432343946417206
316,-0.0005532908340717402,-0.00028878544106347714,-5.1332594817932176e-05,0.5496865446338195,0.8981330972325017,0.14321312508103395
317,-0.006115301074817392,-0.0014577612384225613,-0.0008530177558773167,0.5441245343930738,0.8969641214351426,0.14401481024209334
318,-0.0014243300446206142,0.0008594393066382322,0.0003015244009178242,0.5488155054232706,0.8992813219802034,0.1428602680852982
319,0.0024283828617032155,0.0002161567672631648,0.000512718181879146,0.5526682183295945,0.8986380394408283,0.14264907430433688
320,-0.0016137214109573916,-0.0004340427886644349,-0.00015023156398805138,0.5486261140569338,0.8979878398849007,0.14331202405020407
321,-0.0010660419490666762,0.00033720455693042606,0.00023129642439742581,0.5491737935188246,0.8987590872304956,0.1429304960618186
322,-0.0033742424971108242,-0.0006415532852369621,-0.00043212093232050663,0.5468655929707804,0.8977803293883282,0.14359391341853653
323,0.0019691990726482533,-0.00034758008175905797,-0.00019430561528382961,0.5522090345405395,0.8980743025918061,0.14335609810149985
324,-0.028318913381087274,-0.0007038064342087536,-0.0026132485237894965,0.521920922086804,0.8977180762393564,0.14577504101000552
325,-0.0015924012889310113,-5.7065386557364484e-05,-0.00010142601892623726,0.5486474341789602,0.8983648172870078,0.14326321850514226
326,0.007943015613039117,0.001184539084602032,0.000878216159616918,0.5581828510809304,0.8996064217581672,0.1422835763265991
327,-0.004023763452355222,-0.000918233947333813,-0.0006153232157126154,0.546216072015536,0.8975036487262313,0.14377711570192864
328,-0.02387250016316811,-0.0007626010749043344,-0.003112242321412023,0.5263673353047231,0.8976592815986608,0.14627403480762804
329,-0.004439429085167701,-3.97728451763113e-05,-0.00032190584345392903,0.5458004063827235,0.8983821098283888,0.14348369832966995
330,-0.002019692017990793,0.0021114193026264827,0.0007442602854220715,0.5482201434499004,0.9005333019761916,0.14241753220079395
331,0.0015711897556773824,-0.00013315256863410951,-2.1702262197581534e-05,0.5518110252235686,0.898288730104931,0.1431834947484136
332,-0.005096317776178028,-0.000575841627989071,-0.0006238380237988117,0.5451435176917132,0.8978460410455761,0.14378563051001483
333,0.004354222537549912,0.0019419523970921615,0.0009660565215564298,0.5545940580054411,0.9003638350706573,0.1421957359646596
334,-0.0022264934839123507,-0.0005827586445413813,-0.0003066989273742826,0.5480133419839789,0.8978391240290238,0.1434684914135903
335,-0.021879919143077187,0.004328323107677057,5.894864806324507e-05,0.528359916324814,0.9027502057812422,0.14310284383815278
336,-0.0010276136844225014,-0.0003406630652066367,-0.0002555203836556441,0.5492122217834687,0.8980812196083585,0.14341731286987167
337,-0.001736853558972573,-0.0005343395286744324,-0.0004404106255229967,0.5485029819089187,0.8978875431448907,0.14360220311173902
338,-0.004980812485686381,-0.0001435280934626304,-0.00023584211702998292,0.5452590229822049,0.8982783545801025,0.143397634603246
339,-0.015512925167073588,-0.0002472833417489495,-0.001033676487420504,0.5347269103008176,0.8981745993318162,0.14419546897363653
340,-0.0007419294734571924,-0.0005308810203983327,-0.00033479800100796875,0.549497905994434,0.8978910016531668,0.143496590487224
341,-0.0054521392679449665,3.6314336900211686e-05,-0.0003488023884607727,0.5447876961999463,0.8984581970104654,0.1435105948746768
342,-0.00803675633187062,-0.0009631945549246623,-0.0009068970633383522,0.5422030791360206,0.8974586881186405,0.14406868954955437
343,-0.002877224404894463,-0.0005412565452268536,-0.0003408396627702093,0.5473626110629968,0.8978806261283383,0.14350263214898623
344,0.003935998004718444,-0.0002749514079586346,0.00013520852990861476,0.5541758334726097,0.8981469312656065,0.1430265839563074
345,-0.007906886837892868,-0.002069917203311844,-0.001763413005382658,0.5423329486299984,0.8963519654702533,0.14492520549159868
346,-0.004439915960960716,-0.004003223329713368,-0.0018802688041076598,0.5457999195069305,0.8944186593438518,0.14504206129032368
347,0.0025305520004321735,-0.00028532693278737753,0.00017325780185487027,0.5527703874683234,0.8981365557407778,0.14298853468436115
348,0.0004957467597848098,-0.0008352297487046467,-0.0004005312510168557,0.550735582227676,0.8975866529248605,0.14356232373723288
349,-0.019149371203319165,-0.0022566766502273294,-0.0018983396366437921,0.5310904642645721,0.8961652060233378,0.14506013212285981
350,-0.013759152518869944,-0.00017119615967242652,-0.0009532378390429974,0.5364806829490213,0.8982506865138927,0.14411503032525902
351,-0.005529388434569182,-0.00021269825898684314,-0.00045624046226422355,0.544710447033322,0.8982091844145783,0.14361803294848025
352,-0.004321182405450874,-0.0007798936162852765,-0.0005124342471111987,0.5459186530624404,0.8976419890572799,0.14367422673332722
353,-0.0011362399687959712,0.0001884887010534797,-6.133820836390358e-06,0.5491035954990953,0.8986103713746186,0.1431679263070524
354,0.0031479948300336957,0.0002818684245111669,0.0004983099970271299,0.5533878302979249,0.8987037510980763,0.1426634824891889
355,-0.0022351018405429857,7.435792793852869e-05,-6.592898921348178e-05,0.5480047336273483,0.8984962406015037,0.1432277214754295
356,0.0027470603619716982,0.00022307378381547505,0.0004665259866390714,0.5529868958298629,0.8986449564573806,0.14269526649957695
357,0.002061073594285756,-0.0022739691916081606,-0.0008435616043546423,0.552300909062177,0.896147913481957,0.14400535409057066
358,0.004774388454764966,0.0008732733397430748,0.0007306660275110954,0.5550142239226562,0.8992951560133082,0.14243112645870493
359,-0.0015391049875155272,-0.0005447150535031753,-0.00018870695256378855,0.5487007304803757,0.897877167620062,0.1433504994387798
360,-0.00042069537453881534,-0.00028186842451105587,-0.00010357196574298233,0.5498191400933524,0.8981400142490541,0.143265364451959
361,-0.007843609181143463,-0.0007176404673135961,-0.000893857969411993,0.5423962262867478,0.8977042422062516,0.14405565045562801
362,-0.000627992016127954,-0.0007383915169707489,-0.00022044017472749866,0.5496118434517633,0.8976834911565944,0.14338223266094352
363,-0.040981371753462836,-0.011577356454613885,-0.010135816660495178,0.5092584637144284,0.8868445262189513,0.1532976091467112
364,-0.009026314044818462,-0.0011810805763258214,-0.0009615597387133135,0.5412135214230728,0.8972408020972393,0.14412335222492934
365,-0.02872350622143116,0.002004205546063953,-0.0012929351458870197,0.5215163292464601,0.9004260882196291,0.14445472763210304
366,-0.0033631751500529106,-0.0013574644984125639,-0.0005668899538075478,0.5468766603178383,0.8970644181751526,0.14372868244002357
367,-0.0069068792056304895,-0.0037196256510640957,-0.0027634382806742686,0.5433329562622607,0.8947022570225011,0.1459252307668903
368,-0.0020554036428926947,-0.0005965926776463348,-0.00027835904416470547,0.5481844318249985,0.8978252899959188,0.14344015153038073
369,-0.018361030453282523,2.248030379536914e-05,-0.0010683149065419117,0.5318788050146087,0.8984443629773605,0.14423010739275793
370,-0.013728311124773684,-0.0007383915169709709,-0.0011122257005418967,0.5365115243431176,0.8976834911565942,0.14427401818675792
371,0.0004007463815123291,0.0002818684245111669,3.843817547044548e-05,0.5506405818494036,0.8987037510980763,0.14312335431074558
372,-0.011089969005167122,-0.003923677639360523,-0.001761006090576528,0.5391498664627241,0.8944982050342046,0.14492279857679255
373,-0.00252413768511206,0.0001988642258820006,6.167238737420089e-06,0.5477156977827792,0.8986207468994472,0.1431556252474786
374,-0.00041443352124548305,-0.0009459020135433871,-0.0002542241408154955,0.5498254019466458,0.8974759806600218,0.14341601662703152
375,-0.025249595032815764,-0.009619840770278887,-0.005276876292126892,0.5249902404350755,0.8888020419032863,0.1484386687783429
376,-0.005141908623657598,-0.0017171493591384701,-0.0007537294200466726,0.5450979268442336,0.8967047333144267,0.1439155219062627
377,0.002364071166171211,0.0009735700797531832,0.0005531484707274326,0.5526039066340624,0.8993954527533183,0.1426086440154886
378,-0.010398032126455292,-0.0027235752675156544,-0.0017638500767247767,0.5398418033414359,0.8956983074060495,0.1449256425629408
379,0.005645634490590745,0.0006726798597229688,0.0008162941115585076,0.555885469958482,0.8990945625332881,0.14234549837465751
380,-0.0006901609625831195,0.00017465466794852613,-1.3315938891367285e-05,0.5495496745053081,0.8985965373415137,0.1431751084251074
381,-0.002340635623043763,-0.0003372045569305371,-0.00033700104562847666,0.5478991998448475,0.8980846781166346,0.1434987935318445
382,-0.02321598510268308,-0.008371319282567069,-0.007116824229349977,0.5270238503652082,0.8900505633909981,0.150278616715566
383,0.004423748924668125,0.00036487262314011115,0.00030797941807320095,0.5546635843925594,0.8987867552967053,0.14285381306814282
384,0.0032324396950136336,0.0002922439493399098,0.00040276264705524367,0.5534722751629049,0.8987141266229051,0.14275902983916078
385,-0.0032868018104073027,-0.000499754445912437,-0.00043452521692521895,0.5469530336574839,0.8979221282276527,0.14359631770314124
386,0.0006940158186334866,-5.360687828137589e-05,4.759150990546468e-05,0.5509338512865247,0.8983682757952838,0.14311420097631056
387,-0.004171660358167739,0.0004790033962551732,-3.906888173157985e-05,0.5460681751097235,0.8989008860698203,0.1432008613679476
388,-0.006228405923107361,-0.0010773253280395023,-0.0006278071775223382,0.5440114295447839,0.8973445573455257,0.14378959966373836
389,0.0010051588325313832,0.00040983323073096045,0.0005353561919817229,0.5512449943004226,0.8988317159042961,0.1426264362942343
390,-0.0007712654625952053,0.00035103859003537963,2.6770732832220867e-05,0.549468570005296,0.8987729212636005,0.1431350217533838
391,0.00047822885611092936,-0.000728015992142339,-0.00040113827874299623,0.5507180643240022,0.8976938666814228,0.14356293076495902
392,-0.000230445860519235,-0.00030953649072074096,-0.0001333433052600752,0.550009389607372,0.8981123461828444,0.1432951357914761
393,-0.001752477061020441,-0.00011240151897673467,-6.680316599141922e-05,0.5484873584068708,0.8983094811545884,0.14322859565220744
394,0.005524391339219781,-0.0011672465432207568,0.00022053238718916512,0.555764226807111,0.8972546361303444,0.14294126009902686
395,-0.001385227943471401,-0.0001435280934626304,-0.0001129762003897472,0.5488546075244198,0.8982783545801025,0.14327476868660577
396,0.0016411531829589876,-0.00029570245761600944,-0.00013939484139430247,0.5518809886508502,0.8981261802159491,0.14330118732761032
397,-0.008751831073737781,-0.000537798036950643,-0.0007368753488890545,0.5414880043941535,0.8978840846366145,0.14389866783510508
398,-0.0036614645509804866,-0.0009251509638862343,-0.0006008839572409774,0.5465783709169107,0.8974967317096789,0.143762676443457
399,-0.005547643533779789,-0.0016064770942995077,-0.0009692858266662496,0.5446921919341114,0.8968154055792656,0.14413107831288227
400,0.0010059432552663727,-0.00014698660173895206,-6.543715907997294e-05,0.5512457787231576,0.8982748960718262,0.143227229645296
401,-0.008202447419334402,-0.0013540059901361312,-0.0009273143223071656,0.5420373880485568,0.897067876683429,0.1440891068085232
402,-0.002141744960625913,-0.0006415532852369621,-0.00036106497141688565,0.5480980905072653,0.8977803293883282,0.1435228574576329
403,-0.0012324402156310699,-0.00036487262314011115,-0.00022118712923857586,0.5490073952522602,0.898057010050425,0.1433829796154546
404,-9.688047340716821e-05,-0.0008628978149143318,-0.00015344526669530678,0.5501429549944841,0.8975589848586508,0.14331523775291133
405,-0.011821150484314757,-0.0011015348859729768,-0.0010756900080538812,0.5384186849835765,0.8973203477875922,0.1442374824942699
406,0.0007433926832297599,-0.0003406630652067477,-3.424274241140002e-05,0.550983228151121,0.8980812196083584,0.14319603522862742
407,0.005932526946991312,8.127494449094996e-05,0.0004926191532925173,0.5561723624148825,0.8985031576180561,0.1426691733329235
408,-0.0026114108617208975,-0.0007487670417994918,-0.0003317503422078649,0.5476284246061703,0.8976731156317657,0.1434935428284239
409,-0.0012809670293825182,-0.00095627753837213,-0.0003683232865557551,0.5489588684385087,0.897465605135193,0.14353011577277178
410,-0.0020166337821662106,0.0008974828976765492,0.0002284094583224483,0.548223201685725,0.8993193655712417,0.14293338302789357
411,-0.003522249536794142,-0.001412800630831823,-0.0006744020813282126,0.5467175859310971,0.8970090820427333,0.14383619456754423
412,-0.016790524234392645,-0.00027840991623484523,-0.0011859894941881888,0.5334493112334986,0.8981434727573303,0.1443477819804042
413,-0.014162338789623252,-0.0010185306873439215,-0.0011432256531341,0.536077496678268,0.8974033519862212,0.14430501813935012
414,-0.007492480580651328,-0.0031593473103180836,-0.0016880797565554662,0.5427473548872399,0.8952625353632471,0.1448498722427715
415,-0.006022727963199581,-0.002650946593715231,-0.0011899680170039673,0.5442171075046917,0.8957709360798499,0.14435176050322
416,-0.0075897071409773975,-0.0007522255500755914,-0.0008140559968113636,0.5426501283269138,0.8976696571234896,0.14397584848302739
417,-0.003105784327659178,0.0001781131762248478,-8.092884122215538e-05,0.5471340511402321,0.89859999584979,0.14324272132743818
418,-0.003911161261658691,-0.0008456052735332786,-0.0006088834112358554,0.5463286742062325,0.8975762774000319,0.14377067589745188
419,-0.0027604481447848217,0.0002680343914062133,-5.882270051815741e-05,0.5474793873231064,0.8986899170649714,0.14322061518673418
420,-0.01906587918968372,-0.0005274225121221221,-0.001479523727989901,0.5311739562782075,0.897894460161443,0.14464131621420592
421,0.0005634588513537819,-0.0008594393066383432,-0.0003415000935708401,0.550803294319245,0.8975624433669268,0.14350329257978686
422,-0.005213056243686953,0.0006484703017893834,0.00013960986619165894,0.5450267792242043,0.8990703529753545,0.14302218262002436
423,-0.0030226639855522874,-0.0008283127321523365,-0.0005831632652541219,0.547217171482339,0.8975935699414128,0.14374495575147014
424,-0.00016564216299830292,-1.7292541381053184e-06,5.237249676248723e-05,0.5500741933048929,0.898420153419427,0.14310941998945353
425,0.011033882803120676,0.0008456052735335007,0.0010232627024602814,0.5612737182710119,0.8992674879470987,0.14213852978375574
426,0.0005894274114225384,-0.00029570245761600944,0.00010226271791469177,0.5508292628793138,0.8981261802159491,0.14305952976830133
427,-0.01574703744581063,-0.0011983731177067636,-0.0014288400039469684,0.5344927980220806,0.8972235095558584,0.144590632490163
428,-0.0015273872655389154,-4.323135345252194e-05,-0.00010375956787997409,0.5487124482023523,0.8983786513201126,0.143265552054096
429,-0.016795329870907705,-0.0010669498032108704,-0.0015050866458889145,0.5334445055969835,0.8973549328703543,0.14466687913210494
430,-0.0006361987128643554,0.0011395784770114048,0.00032211203928828036,0.5496036367550269,0.8995614611505766,0.14283968044692774
431,-0.0027969726834240483,-0.00013315256863422054,-9.653584261765102e-05,0.5474428627844672,0.8982887301049309,0.14325832832883367
432,0.0038044162204849963,0.0003302875403781158,0.0002997756557093778,0.5540442516883762,0.8987521702139433,0.14286201683050664
433,-0.0021567710259678963,-0.0004167502472832707,-0.00036575057387833176,0.5480830644419233,0.8980051324262819,0.14352754306009435
434,-0.0007270068728044699,0.0007591425666281237,0.00013691606861956918,0.5495128285950868,0.8991810252401933,0.14302487641759645
435,0.005372257407145531,-0.00010548450242442442,0.0003621391553050024,0.5556120928750368,0.8983163981711407,0.14279965333091102
436,0.0009480651586685207,-8.646270690526592e-06,3.2310934540424885e-06,0.5511879006265598,0.8984132364028746,0.14315856139276198
437,-0.005934311818499793,-0.00045825234659790937,-0.0005830393323082439,0.5443055236493914,0.8979636303269672,0.14374483181852427
438,-0.004803782032785531,-0.0009355264887149772,-0.0005405290772725613,0.5454360534351057,0.8974863561848502,0.14370232156348858
439,-0.008231360630516327,-0.006559060945832806,-0.0029904931367277787,0.5420084748373749,0.8918628217277323,0.1461522856229438
440,-0.026306893819526334,-0.00032682903210179415,-0.002226264573750275,0.5239329416483649,0.8980950536414634,0.1453880570599663
441,-0.00425427553490465,-0.0018624067067392058,-0.0010956393407167697,0.5459855599329866,0.896559475966826,0.1442574318269328
442,-0.002683726602996539,-0.0025506498537050115,-0.0010888097838538946,0.5475561088648947,0.8958712328198601,0.14425060227006992
443,-0.003445052033989704,-0.0033495652655096686,-0.0014454806048038449,0.5467947834339015,0.8950723174080555,0.14460727309101987
444,-0.008255471423225247,-0.0008940243894003386,-0.0008624156480868117,0.541984364044666,0.8975278582841648,0.14402420813430283
445,-0.008820885141448853,-0.00608870382026816,-0.004555700865006812,0.5414189503264424,0.892333178853297,0.14771749335122283
446,0.0002306229330790721,-9.856748587200315e-05,1.462578475358578e-06,0.5504704584009703,0.8983233151876931,0.14316032990774066
447,-0.0006467714911714273,0.000271492899682535,0.0001284057223615298,0.5495930639767198,0.8986933755732477,0.1430333867638545
448,-0.007833373709261848,-0.0018727822315678377,-0.0013897498031567312,0.5424064617586294,0.8965491004419973,0.14455154228937275
449,-0.0009440060368011149,-0.0016341451605093038,-0.0007075466981192879,0.5492958294310901,0.8967877375130558,0.1438693391843353
450,-0.013395664973275934,-0.0013021283659931937,-0.0013694210236097903,0.5368441704946153,0.897119754307572,0.1445312135098258
451,-0.004532028651812348,-0.0006242607438559089,-0.0005458692424608891,0.5457078068160789,0.8977976219297092,0.1437076617286769
452,-0.00023157526723949218,0.0014197176473843554,0.0003480085606152872,0.5500082602006517,0.8998416003209495,0.14281378392560073
453,0.0026809913608741853,0.001547682453604149,0.0007751497005374641,0.5529208268287654,0.8999695651271693,0.14238664278567856
454,-0.0033973121132309103,-0.0015096388625657209,-0.0007690027959952606,0.5468425233546603,0.8969122438109994,0.14393079528221128
455,-0.0035621813361819132,-0.0004651693631502196,-0.0003763600965598912,0.5466776541317093,0.8979567133104149,0.1435381525827759
456,-0.00705945236699046,-0.001395508089450881,-0.0007410434064567817,0.5431803831009008,0.8970263745841143,0.1439028358926728
457,-0.011519371279587687,-0.002443436097142593,-0.0015367994281542952,0.5387204641883035,0.8959784465764226,0.14469859191437032
458,-0.0019326578632995473,-0.00024036632519663925,-0.00018551624963353275,0.5483071776045917,0.8981815163483685,0.14334730873584955
459,-8.144109053587201e-05,-0.0006761383679991795,-0.00017883586037117927,0.5501583943773554,0.897745744305566,0.1433406283465872
460,-0.03867264144807869,-0.003467154546900608,-0.003932135586968172,0.5115671940198125,0.8949547281266645,0.1470939280731842
461,0.0015262730542346947,-8.819196104337124e-05,9.729679562389681e-05,0.5517661085221259,0.8983336907125218,0.14306449569059213
462,0.008631071972118098,0.0021909649929792163,0.001505280443513335,0.5588709074400093,0.9006128476665444,0.1416565120427027
463,-0.004547518511421433,-0.0002680343914062133,-0.00028251470198628614,0.5456923169564698,0.8981538482821589,0.1434443071882023
464,-0.027542629194097334,-0.0015822675363662553,-0.002957057352673431,0.5226972062737939,0.8968396151371989,0.14611884983888945
465,-0.0030234589554425373,-0.00020578124243431084,-0.00036649482280615153,0.5472163765124487,0.8982161014311308,0.14352828730902217
466,-0.0012873043333194722,-0.0005516320700554855,-0.00040995251648257014,0.5489525311345718,0.8978702506035097,0.1435717450026986
467,-0.0028080040645045434,-0.0002922439493397988,-0.00031708098995467116,0.5474318314033867,0.8981296387242254,0.1434788734761707
468,-0.005421234716606049,-0.002405392506104276,-0.0011616224704956157,0.5448186007512852,0.8960164901674609,0.14432341495671164
469,0.0010979157686022978,0.0002818684245111669,0.00010198584535042743,0.5513377512364935,0.8987037510980763,0.1430598066408656
470,-0.010294916454886671,-0.0009874041128580258,-0.0009098981889303082,0.5399449190130046,0.8974344785607071,0.14407169067514633
471,-0.0018807032728833661,-0.0009597360466483407,-0.0004686424625996166,0.5483591321950079,0.8974621466269168,0.14363043494881564
472,-0.010284089122332918,-0.000499754445912215,-0.0006992169026625306,0.5399557463455583,0.8979221282276529,0.14386100938887855
473,-0.0008728843360126248,0.0007003479259326539,0.00029295559601486,0.5493669511318786,0.8991222305994978,0.14286883689020116
474,0.0005212461403710789,0.0005620075948843395,0.0001107655502090854,0.5507610816082623,0.8989838902684495,0.14305102693600694
475,-0.0015199589255763257,6.0523894833797165e-05,1.064048273907714e-06,0.5487198765423149,0.898482406568399,0.14316072843794211
476,-0.004204478157155189,-0.0012952113494407724,-0.0007147281159732288,0.546035357310736,0.8971266713241244,0.14387652060218925
477,-0.006465458472003749,0.0012087486425356175,-0.00010801031443552489,0.5437743769958875,0.8996306313161008,0.14326980280065155
478,-0.0001527025672390936,-7.781643621473933e-05,-6.487522715661886e-05,0.5500871329006521,0.8983440662373504,0.14322666771337264
479,-0.0010972997452064481,-1.5563287242947865e-05,6.588377124977507e-05,0.5491425357226848,0.8984063193863222,0.14309590871496625
480,-0.01005638563629041,-0.0008698148314668641,-0.0009840473793206739,0.5401834498316008,0.8975520678420983,0.1441458398655367
481,-0.0018905138529555776,-8.819196104337124e-05,-0.0001676480317452933,0.5483493216149357,0.8983336907125218,0.14332944051796132
482,-0.01299025898991324,0.0007418500252471816,-0.0004772637874232988,0.537249576477978,0.8991637326988123,0.14363905627363932
483,0.0003104582425422775,-2.939732034767939e-05,-3.695459387015321e-05,0.5505502937104335,0.8983924853532175,0.14319874708008618
484,-0.0007034142616832995,-0.001928118363987208,-0.0010378868832234267,0.5495364212062079,0.896493764309578,0.14419967936943945
485,-0.001903779213458412,-0.0004029162141785392,-0.00021789458542498252,0.5483360562544328,0.8980189664593866,0.143379687071641
486,-0.0023951253408949214,-0.000651928810065483,-0.0003432479949525835,0.5478447101269963,0.8977699538634997,0.1435050404811686
487,-0.0031363331421727647,-0.0007902691411140195,-0.0004833229472573364,0.5471035023257185,0.8976316135324511,0.14364511543347336
488,0.0029320505464108804,0.0003579556065878009,0.0003069040273540602,0.5531718860143021,0.898779838280153,0.14285488845886196
489,0.00024286166671949605,9.16504693196929e-05,5.96821527374114e-05,0.5504826971346107,0.8985135331428848,0.1431021103334786
490,0.00655438439577305,0.00020578124243453288,0.0006388492034088422,0.5567942198636643,0.8986276639159997,0.14252294328280718
491,-0.007683492928834301,-0.0006553873183418046,-0.0007412964380165699,0.5425563425390569,0.8977664953552233,0.1439030889242326
492,-0.025742041820481454,-0.000880190356295385,-0.0033047815232976063,0.5244977936474098,0.8975416923172698,0.14646657400951363
493,-0.005583837617312515,-0.0005101299707409579,-0.00042875441147557924,0.5446559978505787,0.8979117527028242,0.1435905468976916
494,0.0029319320219395317,-0.0001227770438054776,0.00011581550289921361,0.5531717674898308,0.8982991056297597,0.1430459769833168
495,0.0018624396057151937,5.360687828126487e-05,0.00010454479842542108,0.5521022750736064,0.8984754895518464,0.1430572476877906
496,0.0005908186986579578,-0.0006968894176563323,-0.00028241479791088486,0.5508306541665492,0.8977249932559088,0.1434442072841269
497,-0.03169946625756692,-0.0008594393066382322,-0.0030073088786636837,0.5185403692103243,0.8975624433669269,0.1461691013648797
498,-0.014141785298768195,-0.0009908626211342364,-0.0012438966800495665,0.536098050169123,0.8974310200524309,0.1444056891662656
499,0.0007910865552029911,-0.0005239640038458004,-2.1171328216162966e-05,0.5510309220230942,0.8978979186697194,0.14318296381443218
500,-0.006952339618700232,-0.0025333573123239583,-0.001553621936466243,0.543287495849191,0.8958885253612412,0.14471541442268226
501,-0.0033149327773718262,-0.0007176404673135961,-0.0005760645636513628,0.5469249026905194,0.8977042422062516,0.14373785704986738
502,-0.004974425947968042,-0.0005101299707409579,-0.00045896136873876947,0.5452654095199232,0.8979117527028242,0.1436207538549548
503,0.0034230252963453056,-0.00046862787142643025,1.8276669438821447e-05,0.5536628607642365,0.8979532548021387,0.1431435158167772
504,0.0003080744312300432,0.0004167502472833817,0.00021590554952297114,0.5505479098991213,0.8988386329208485,0.14294588693669305
505,-0.001328371716331045,-0.00041329173900706007,-0.00022002280833050003,0.5489114637515602,0.8980085909345581,0.14338181529454652
506,0.002519436790041074,0.0013989665977270915,0.0008211989139888798,0.5527592722579323,0.8998208492712922,0.14234059357222714
507,-0.01194658428700579,-0.004857474873937395,-0.0024011849775019134,0.5382932511808854,0.8935644077996278,0.14556297746371794
508,0.005223002039576152,-0.00038216516452116434,8.492255452674513e-05,0.5554628375074674,0.898039717509044,0.14307686993168928
509,0.001450165016319449,0.0003302875403781158,0.00036133645774943934,0.5516900004842107,0.8987521702139433,0.14280045602846658
510,-0.0006872177416396008,0.00021615676726305377,2.379470080499102e-06,0.5495526177262516,0.8986380394408282,0.14315941301613552
511,-0.011818934574284845,-0.002166755435045742,-0.001611491452392061,0.5384209008936064,0.8962551272385194,0.14477328393860808
512,0.008048110247061757,-0.0017828610163864722,-0.0003827612572145367,0.558287945714953,0.8966390216571787,0.14354455374343056
513,0.0003335824313310809,-0.00015736212656758397,0.0001962312767143648,0.5505734178992223,0.8982645205469976,0.14296556120950166
514,-0.0058440562188323275,-0.0009666530632007619,-0.0008091377100946651,0.5443957792490589,0.8974552296103644,0.1439709301963107
515,-0.0004086595618575384,0.00028532693278737753,0.00014114430536801836,0.5498311759060337,0.8987072096063525,0.143020648180848
516,0.005346149293505298,-5.360687828137589e-05,0.0004614213015066426,0.5555859847613965,0.8983682757952838,0.14270037118470938
517,0.001611487101504161,0.00038908218107369663,0.00026533597243699747,0.5518513225693954,0.8988109648546388,0.14289645651377902
518,-0.0024204478993559153,-0.0006450117935131727,-0.0003126427088091521,0.5478193875685353,0.897776870880052,0.14347443519502517
519,0.0034849547347880483,-0.002557566870257433,-0.0004917096886644101,0.5537247902026793,0.8958643158033077,0.14365350217488043
520,-0.0017181297315890243,-0.0003614141148639005,-0.00015968600682964018,0.5485217057363022,0.8980604685587013,0.14332147849304566
521,-0.02510143879244786,-0.0005481735617792749,-0.0022403157596431467,0.5251383966754434,0.8978737091117859,0.14540210824585917
522,-0.019967704843977474,-0.012265599601579802,-0.010592245691621205,0.5302721306239138,0.8861562830719854,0.15375403817783723
523,-0.029884117400470367,-0.0002472833417490605,-0.001975931164256539,0.5203557180674209,0.8981745993318161,0.14513772365047256
524,-0.010813432337191675,-0.0019350353805397402,-0.0015202633622080075,0.5394264031306996,0.8964868472930254,0.14468205584842403
525,-0.0008749210300013077,-0.0006657628431705476,-3.77774343188475e-05,0.5493649144378899,0.8977561198303946,0.14319956992053487
526,-0.0073379630846940325,-0.0006968894176563323,-0.0006445456704816666,0.5429018723831972,0.8977249932559088,0.1438063381566977
527,-0.024716069664651674,-1.5563287242947865e-05,-0.0019485880003196066,0.5255237658032396,0.8984063193863222,0.14511038048653563
528,8.490423608153996e-05,0.0001504451100151627,9.699595882484147e-05,0.5503247397039728,0.8985723277835803,0.14306479652739118
529,0.0022898368597454866,-2.248030379548016e-05,9.772283866077425e-05,0.5525296723276367,0.8983994023697697,0.14306406964755525
530,-0.0048632856739878605,-0.0002991609658922201,-0.0003046965504777954,0.5453765497939034,0.8981227217076729,0.14346648903669382
531,-0.01109787989357458,-0.011411348057355886,-0.0072189107748396875,0.5391419555743167,0.8870105346162093,0.1503807032610557
532,0.00202974614777085,-6.052389483368614e-05,2.2533636641064447e-06,0.5522695816156621,0.8983613587787315,0.14315953912255192
533,-0.004409711949044937,-0.0007453085335231702,-0.0006009031991148217,0.5458301235188463,0.897676574140042,0.14376269568533084
534,-0.0016739857593125462,-0.00010548450242442442,8.481902853962886e-07,0.5485658497085787,0.8983163981711407,0.14316094429593063
535,-0.008099425396432824,-1.5563287243058888e-05,-0.0003722916056182468,0.5421404100714584,0.8984063193863221,0.14353408409183427
536,-0.00028533737907110446,-0.00019540571760590097,-8.246347748433469e-05,0.5499544980888201,0.8982264769559593,0.14324425596370036
537,-0.02212285266688152,-0.007762621825953997,-0.004168132121129264,0.5281169828010097,0.8906592608476112,0.1473299246073453
538,-0.003355972831343701,-0.0005239640038459115,-0.00034574832800102206,0.5468838626365475,0.8978979186697192,0.14350754081421704
539,-0.013152793850466082,-0.0011395784770112938,-0.0010409993623666791,0.5370870416174252,0.8972823041965539,0.1442027918485827
540,-0.005972668299981665,-0.000461710854874009,-0.0005702787580838531,0.5442671671679096,0.8979601718186911,0.14373207124429987
541,-0.0031759696926038083,-0.0004686278714265413,-0.00040086556533938666,0.5470638657752874,0.8979532548021386,0.1435626580515554
542,-0.004795754248559603,-0.00011586002725294531,-0.0002686961671585497,0.5454440812193316,0.8983060226463122,0.14343048865337457
543,-0.007715671831476034,-0.001879699248120259,-0.0011189359505807128,0.5425241636364152,0.8965421834254449,0.14428072843679673
544,0.003607084591490728,0.0010911593611444559,0.0006160830064462774,0.553846920059382,0.8995130420347096,0.14254570947976974
545,-0.004610254389422752,-0.0015926430611947762,-0.0008490779884912369,0.5456295810784685,0.8968292396123704,0.14401087047470726
546,-0.007509959972358704,-0.0014715952715274039,-0.0008924468194609902,0.5427298754955325,0.8969502874020377,0.144054239305677
547,-0.003712334836198816,-0.00016773765139621588,-0.0002619648844178757,0.5465275006316924,0.8982541450221689,0.1434237573706339
548,-0.00048510922352118513,-0.00036141411486401154,-7.677914555817567e-05,0.54975472624437,0.8980604685587011,0.1432385716317742
549,-0.014764903122725048,-0.00048592041280759446,-0.001300327005200802,0.5354749323451662,0.8979359622607576,0.14446211949141682
550,-0.0044336472140896754,-0.00031645350727316224,-0.00040586526034466774,0.5458061882538016,0.898105429166292,0.1435676577465607
551,-0.00740987441420915,-0.0020249565957211058,-0.0011249644097859612,0.5428299610536821,0.896396926077844,0.14428675689600198
552,-0.0011085933450734053,0.0001884887010534797,4.3644676273962846e-05,0.5491312421228178,0.8986103713746186,0.14311814780994206
553,0.0007985466495855631,-9.856748587189212e-05,7.392074395545789e-05,0.5510383821174768,0.8983233151876933,0.14308787174226056
554,-0.006794922084430111,-0.0036815820600257787,-0.00203740113662379,0.5434449133834611,0.8947403006135394,0.1451991936228398
555,0.0018485959911124228,-0.0001781131762248478,-0.0004689828786836048,0.5520884314590037,0.8982437694973403,0.14363077536489963
556,0.0030818422835824366,0.002688990184753548,0.0010712693754492686,0.5533216777514737,0.9011108728583187,0.14209052311076675
557,-0.0030014442743924175,8.646270690526592e-06,-0.0001584515472093373,0.5472383911934988,0.8984305289442557,0.14332024403342536
558,0.0003326544606027104,-0.00037524814796874306,-2.1898938051156946e-05,0.550572489928494,0.8980466345255964,0.14318369142426718
559,-0.002302019707481562,-0.0009009414059528709,-0.0005620106287810844,0.5479378157604097,0.8975209412676123,0.1437238031149971
560,-0.014261320739281214,-0.007451356081094929,-0.004592300156811641,0.53597851472861,0.8909705265924702,0.14775409264302766
561,-0.021378112454945697,-0.0001435280934626304,-0.0013510375054239243,0.5288617230129455,0.8982783545801025,0.14451282999163995
562,-0.013729658275058232,-0.009851560824785,-0.00552291964106319,0.536510177192833,0.8885703218487802,0.1486847121272792
563,-0.0008345536714755575,0.00025765886657769244,-4.687468240724413e-05,0.5494052817964157,0.8986795415401428,0.14320866716862327
564,-0.0017703451267933046,-0.002841164548906705,-0.0009479151383259832,0.5484694903410979,0.8955807181246584,0.144109707624542
565,-0.00883671584318868,-0.0005862171528177029,-0.0006097680859077359,0.5414031196247026,0.8978356655207475,0.14377156057212376
566,-0.006960731562805633,6.39824031100078e-05,-0.0003882017497960355,0.5432791039050856,0.8984858650766752,0.14354999423601206
567,-0.006709889076868869,-0.004490872996658957,-0.0019849992846135145,0.5435299463910224,0.8939310096769062,0.14514679177082954
568,0.001514463616303141,0.0003544970983117013,4.494109433661464e-05,0.5517542990841944,0.8987763797718769,0.1431168513918794
569,-0.005275249106085789,-0.0008317712404284361,-0.0005212252558040587,0.5449645863618054,0.8975901114331367,0.14368301774202008
570,-0.001888396102247225,-0.0016963983094810953,-0.0008688537719071521,0.548351439365644,0.8967254843640841,0.14403064625812317
571,0.0061479547466766205,0.000814478699047605,0.0007066022025290775,0.5563877902145679,0.8992363613726128,0.14245519028368694
572,-0.0015070661280264241,-0.0003890821810735856,-0.00021114441850156318,0.5487327693398648,0.8980328004924916,0.14337293690471759
573,-0.007935314204566946,-0.0008179372073237046,-0.0006395186266531239,0.5423045212633243,0.8976039454662414,0.14380131111286915
574,-0.011273467362848844,-0.0014370101887654085,-0.0011744353871458169,0.5389663681050424,0.8969848724847997,0.14433622787336184
575,-0.013120827941501711,-0.0010496572618297062,-0.0011217615084409827,0.5371190075263895,0.8973722254117354,0.144283553994657
576,-0.0014096921261120832,6.052389483368614e-05,-4.548435950094132e-05,0.5488301433417792,0.8984824065683988,0.14320727684571696
577,-0.001868868207319463,0.0017102323425860488,0.0006403120538091556,0.5483709672605718,0.9001321150161512,0.14252148043240687
578,-0.0046429413605363345,-8.47334527671606e-05,-0.0003793228546135341,0.5455968941073549,0.898337149220798,0.14354111534082956
579,-0.014788636230676055,-0.006465681222375119,-0.0033896268402406893,0.5354511992372152,0.89195620145119,0.1465514193264567
580,-0.009084928319912478,-0.0007868106328378088,-0.0009109856395073113,0.5411549071479788,0.8976350720407273,0.14407277812572333
581,0.0007075068994489842,6.744091138610742e-05,0.00012541880385932846,0.5509473423673402,0.8984893235849513,0.1430363736823567
582,1.760486386670479e-05,0.00015390361829137333,0.00014026873685216157,0.5502574403317579,0.8985757862918565,0.14302152374936386
583,0.0015032975032223117,-0.0011776220680494998,-0.0005927577320530009,0.5517431329711135,0.8972442606055157,0.14375455021826902
584,-0.0035294541326112983,-0.0007729765997329663,-0.0008316555538078751,0.5467103813352799,0.8976489060738322,0.1439934480400239
585,0.00017107967842400207,-0.00017465466794852613,-5.8558380941015065e-05,0.5504109151463152,0.8982472280056166,0.14322035086715704
586,0.005293695577957558,0.0007003479259326539,0.0007512880493232843,0.5555335310458488,0.8991222305994978,0.14241050443689274
587,-0.0017218869251036661,0.00044787682176927746,0.00010354882261093268,0.5485179485427876,0.8988697594953344,0.1430582436636051
588,-0.005157689536136489,-0.003308063166195141,-0.0013844707212206375,0.5450821459317547,0.89511381950737,0.14454626320743666
589,-5.971536125259913e-05,-8.646270690526592e-06,5.431000945130271e-05,0.5501801201066386,0.8984132364028746,0.14310748247676472
590,0.0003624083100138842,0.00018503019277715804,0.00018709059644089754,0.5506022437779051,0.8986069128663423,0.14297470188977512
591,-0.006097888666328544,-0.0035432417289774643,-0.0017593687529781354,0.5441419468015627,0.8948786409445877,0.14492116123919416
592,-0.011496849324275304,-0.0054730893471027775,-0.002670403920165182,0.5387429861436159,0.8929487933264624,0.1458321964063812
593,-0.03227123090103323,-0.002135628860559846,-0.0030014345785526753,0.517968604566858,0.8962862538130053,0.1461632270647687
594,-0.006513692171731478,-0.004881684431870759,-0.001518749003957126,0.5437261432961598,0.8935401982416944,0.14468054149017315
595,-0.005661222585916614,-9.165046931958187e-05,-0.000402940359682441,0.5445786128819746,0.8983302322042456,0.14356473284589846
596,-0.0007477860457633101,-0.0003717896396925324,-0.00029982523429500363,0.5494920494221279,0.8980500930338726,0.14346161772051103
597,-0.0032965169645842174,-0.0013643815149649852,-0.000782037051107104,0.546943318503307,0.8970575011586002,0.14394382953732313
598,-0.009816078936784711,-0.0010012381459628683,-0.0008934631924814584,0.5404237565311065,0.8974206445276023,0.14405525567869748
599,-0.026756058354263645,-0.0006311777604083302,-0.0032918108126012424,0.5234837771136276,0.8977907049131568,0.14645360329881726
600,0.0021802481747640323,0.00015736212656758397,0.00018661016711304934,0.5524200836426553,0.8985792448001327,0.14297518231910297
601,0.008040271481804528,0.0007626010749044454,0.0009373509982411876,0.5582801069496958,0.8991844837484696,0.14222444148797483
602,-0.011124790494363102,-0.0034049013979289278,-0.0018574076633528225,0.5391150449735281,0.8950169812756362,0.14501920014956884
603,-0.0075905251957650854,-0.006521017354794378,-0.003404803317358679,0.5426493102721262,0.8919008653187708,0.1465665958035747
604,0.00033198773919407287,0.00034412157348284733,0.00032903341471804404,0.5505718232070853,0.898766004247048,0.14283275907149798
605,0.0015574161409188658,0.00042020875555959236,0.0001978011520057943,0.5517972516088101,0.8988420914291247,0.14296399133421023
606,0.00037698286536091974,0.000918233947333924,0.0004561577204696965,0.5506168183332522,0.8993401166208991,0.14270563476574633
607,-0.0024814326658829655,0.0002922439493397988,-5.4067417102510174e-05,0.5477584028020083,0.898714126622905,0.14321585990331853
608,-0.0012857309350378099,-9.856748587189212e-05,-0.0001809555414061248,0.5489541045328534,0.8983233151876933,0.14334274802762215
609,-0.00088024342876869,-0.003287312116537877,-0.001188937806530066,0.5493595920391225,0.8951345705570273,0.1443507302927461
610,-0.0008249999029095179,-0.0003752481479688541,-0.00015079714742760597,0.5494148355649817,0.8980466345255963,0.14331258963364363
611,0.002867267954168584,-0.00032337052382569453,8.110989386639345e-05,0.5531071034220598,0.8980985121497395,0.14308068259234963
612,-0.003890276973020579,-0.003259644050328192,-0.0015462733177768473,0.5463495584948707,0.895162238623237,0.14470806580399287
613,-0.0031280918031564298,-0.000613885219027388,-0.0002699395304128216,0.5471117436647348,0.8978079974545378,0.14343173201662884
614,-0.00032263155978384805,-0.0002092397507106325,-0.00011525169695419946,0.5499172039081074,0.8982126429228545,0.14327704418317022
615,0.004975371149776975,-0.0002092397507106325,0.000443323038425425,0.5552152066176682,0.8982126429228545,0.1427184694477906
616,0.005439891041344902,1.5563287242947865e-05,0.0005707083610523578,0.5556797265092361,0.8984374459608081,0.14259108412516366
617,-0.0033003171337564474,-0.004030891395923053,-0.0031542112376274356,0.5469395183341348,0.8943909912776421,0.14631600372384346
618,-0.008321356086725129,-0.005718643434713511,-0.0035289478334550595,0.5419184793811661,0.8927032392388516,0.14669074031967108
619,-0.0037261656711718993,-0.00013661107691032015,-0.00018918665399353385,0.5465136697967193,0.8982852715966548,0.14335097914020956
620,-0.02219930802851522,-0.0012398752170212912,-0.0017262560026547469,0.528040527439376,0.8971820074565439,0.14488804848887077
621,-0.0079228369276243,-0.000928609472162556,-0.0007734046725466626,0.5423169985402669,0.8974932732014026,0.14393519715876268
622,-0.014065448965521865,-0.00417960725180011,-0.0022958172359140994,0.5361743865023694,0.894242275421765,0.14545760972213012
623,-0.006968347160057009,-0.0010392817370011853,-0.0008457334597077593,0.5432714883078342,0.897382600936564,0.14400752594592378
624,-0.010484421905997299,-0.0009701115714769726,-0.0011184497725886533,0.5397554135618939,0.8974517711020882,0.14428024225880468
625,-0.0014142297090176115,-0.0008905658811241279,-0.000305095229082758,0.5488256057588736,0.897531316792441,0.14346688771529878
626,-0.005305049437993814,-0.0005101299707410689,-0.0004239633559702527,0.5449347860298974,0.8979117527028241,0.14358575584218627
627,0.00012445681229789063,-0.0006450117935132837,-0.00030297056411504597,0.5503642922801891,0.8977768708800519,0.14346476305033107
628,0.0008872076318818811,-0.0005274225121220111,-0.00040427966050396447,0.5511270430997731,0.8978944601614431,0.14356607214672
629,-0.04064115799720558,-0.0014958048294609894,-0.003480122120615714,0.5095986774706857,0.8969260778441042,0.14664191460683174
630,-0.006324965623743739,-0.0005308810203983327,-0.000483444767258534,0.5439148698441475,0.8978910016531668,0.14364523725347456
631,-0.00016079105480160116,0.0004824619045313838,0.00017556450195105322,0.5500790444130896,0.8989043445780965,0.14298622798426497
632,-0.0028303652258283574,-0.006026450671296479,-0.003299106380536543,0.5474094702420629,0.8923954320022687,0.14646089886675256
633,0.002210989902950544,0.0007902691411141305,0.0005186105104963978,0.5524508253708418,0.8992121518146793,0.14264318197571962
634,0.0009159704404989588,8.819196104337124e-05,4.902330715603198e-05,0.5511558059083902,0.8985100746346085,0.14311276917906
635,-0.02484740059145485,-0.0008940243894003386,-0.0023844649022168873,0.5253924348764364,0.8975278582841648,0.1455462573884329
636,-0.0007431204170904593,-0.00016427914312000524,-0.00012958312057709254,0.5494967150508008,0.8982576035304451,0.14329137560679311
637,-0.002440013032470656,0.00031299499899717365,6.882181901521345e-05,0.5477998224354206,0.8987348776725623,0.1430929706672008
638,0.001467586564108836,-3.2855828623890027e-05,8.438271189176172e-05,0.5517074220320001,0.8983890268449413,0.14307740977432426
639,-0.007151936722205043,-0.0007176404673135961,-0.0005759870001163792,0.5430878987456862,0.8977042422062516,0.1437377794863324
640,-0.0018790716930472406,-0.0003406630652066367,-0.00022279548104511826,0.548360763774844,0.8980812196083585,0.14338458796726114
641,-0.005988849242762662,-0.0015580579784327808,-0.0009381050553096959,0.5442509862251286,0.8968638246951324,0.14409989754152572
642,0.00046335303063205213,-2.939732034767939e-05,6.914604718974426e-05,0.5507031884985233,0.8983924853532175,0.14309264643902628
643,-0.00255875165547792,-0.00024036632519652823,-0.00020631578305571607,0.5476810838124133,0.8981815163483686,0.14336810826927174
644,-0.001291664474089238,-0.0018762407398440484,-0.0006590530070291756,0.548948170993802,0.8965456419337211,0.1438208454932452
645,-0.022767318169387485,-0.0017794025081102616,-0.0020491949230771467,0.5274725172985038,0.8966424801654549,0.14521098740929317
646,-0.031319230137212495,-0.0006795968762752791,-0.0029834106654944847,0.5189206053306787,0.8977422857972899,0.1461452031517105
647,0.0012403140243048005,0.004072393495237581,0.0017661431833106422,0.551480149492196,0.9024942761688027,0.14139564930290538
648,-0.003528100480712615,-0.0004375012969405345,-0.00039881504002178825,0.5467117349871786,0.8979843813766246,0.1435606075262378
649,-0.005534930984490871,-0.002232467092293744,-0.0009555112055193438,0.5447049044834004,0.8961894155812714,0.14411730369173537
650,-0.0022864950292403874,0.00023690781692053964,0.00011290233531691118,0.5479533404386508,0.8986587904904857,0.1430488901508991
651,-0.009789135070838118,-0.0013228794156503465,-0.0010303532450161579,0.5404507003970531,0.8970990032579148,0.14419214573123218
652,-0.011462385140534104,-0.003868341506941264,-0.0018109725346328598,0.5387774503273571,0.8945535411666239,0.14497276502084888
653,-0.0006775772935373459,-0.00039254068934990727,-0.0002142822814298062,0.5495622581743539,0.8980293419842152,0.14337607476764583
654,0.006536411592917513,0.0002818684245111669,0.000683898622967527,0.5567762470608087,0.8987037510980763,0.1424778938632485
655,-0.0077058360886268495,-0.006002241113363005,-0.0027096913306420833,0.5425339993792644,0.8924196415602021,0.1458714838168581
656,-0.008225582744177729,-0.0007626010749044454,-0.0009548689348181094,0.5420142527237135,0.8976592815986607,0.14411666142103413
657,-0.004705626470007496,0.0003648726231402222,-0.00018473282217407183,0.5455342089978837,0.8987867552967054,0.1433465253083901
658,-3.197728192161353e-05,0.00020578124243453288,3.90833064351781e-05,0.5502078581859696,0.8986276639159997,0.14312270917978084
659,-0.003526568012315434,0.0016064770942996187,0.00029515209521979724,0.5467132674555758,0.9000283597678648,0.14286664039099622
660,-0.03447375394687735,-0.0037127086345117855,-0.005909553277777507,0.5157660815210139,0.8947091740390534,0.14907134576399353
661,-0.004339281652472438,0.0005343395286745434,-1.7941653839642635e-05,0.5459005538154188,0.8989562222022397,0.14317973414005566
662,-0.003683195624493152,-0.0006553873183416936,-0.0005151201060670796,0.5465566398433981,0.8977664953552235,0.1436769125922831
663,-0.0052835022416314326,-2.5938812071579775e-05,-0.0003634093699303731,0.5449563332262598,0.8983959438614936,0.1435252018561464
664,-0.003952241467173101,-0.0005447150535030643,-0.0004287734117261466,0.5462875940007181,0.8978771676200621,0.14359056589794217
665,-0.007406898537400841,-0.0012537092501262448,-0.0008942586370555561,0.5428329369304904,0.8971681734234389,0.14405605112327158
666,0.0006676026877193708,0.00013315256863410951,-7.952381784581686e-06,0.5509074381556106,0.8985550352421993,0.1431697448680006
667,0.0002826410041120164,-0.00012623555208157722,2.6615370918303682e-06,0.5505224764720033,0.8982956471214836,0.1431591309491242
668,-0.03511107762034715,-0.0022186330591890124,-0.0028318769237844765,0.5151287578475441,0.8962032496143761,0.1459936694100005
669,4.0180766764708054e-05,0.00033720455693042606,0.0001350680239515789,0.5502800162346559,0.8987590872304956,0.14302672446226444
670,0.005671937367894286,-0.0002472833417490605,0.00020947968135329176,0.5559117728357855,0.8981745993318161,0.14295231280486273
671,0.006691844949799908,0.0007245574838661284,0.0006201264166278975,0.5569316804176911,0.8991464401574313,0.14254166606958812
672,-0.010350992047466812,-0.006728527851367017,-0.005686699282075297,0.5398888434204244,0.8916933548221981,0.14884849176829132
673,-4.271686957513232e-05,-5.014837000494321e-05,0.00010425603253785831,0.5501971185983161,0.8983717343035602,0.14305753645367816
674,-0.035089554289032265,-0.004490872996659068,-0.0054264060792711954,0.515150281178859,0.8939310096769061,0.14858819856548722
675,0.00562064404773599,0.0013540059901363533,0.0006688748408116008,0.5558604795156272,0.8997758886637015,0.14249291764540442
676,-0.001434925535208853,-0.00010894301070052403,-2.9159789552563042e-05,0.5488049099326824,0.8983129396628646,0.14319095227576858
677,-0.0015608994469635817,-0.0003406630652067477,-8.77309762468137e-05,0.5486789360209277,0.8980812196083584,0.14324952346246284
678,0.000727449018467885,-0.0006242607438557979,-0.00013540482895871286,0.5509672844863591,0.8977976219297094,0.14329719731517473
679,0.0037696668810669465,0.0028930421730499756,0.001622715067449626,0.5540095023489582,0.9013149248466151,0.1415390774187664
680,0.0025248182505818173,-0.0009113169307813918,-0.00015722511316973442,0.552764653718473,0.8975105657427838,0.14331901759938576
681,0.0007670462859918903,0.00035449709831159026,0.0001784613657406786,0.5510068817538831,0.8987763797718767,0.14298333112047534
682,0.00043239848173304285,-0.000423667263835692,-0.00012464533936815125,0.5506722339496243,0.8979982154097295,0.14328643782558417
683,8.585007032158032e-06,-0.0006968894176563323,-0.0003344669689244739,0.5502484204749234,0.8977249932559088,0.1434962594551405
684,-0.0022150810838241775,-0.0005862171528175919,-0.0003338938629459942,0.5480247543840671,0.8978356655207476,0.14349568634916202
685,-0.0023782510456160644,6.398240310989678e-05,-7.534491763921958e-05,0.5478615844222752,0.898485865076675,0.14323713740385524
686,-0.009970823877827217,-0.0007210989755898067,-0.0009850871874880485,0.540269011590064,0.8977007836979753,0.14414687967370407
687,-0.005832845215889559,5.360687828126487e-05,-0.00017619559821030473,0.5444069902520017,0.8984754895518464,0.14333798808442633
688,-0.0017392177906691009,0.0005896756610938025,0.00018480607457729836,0.5485006176772221,0.899011558334659,0.14297698641163872
689,-0.015408370125040816,-0.0005654661031602171,-0.0009067955019241569,0.5348314653428504,0.8978564165704049,0.14406858798814018
690,-0.0028015615731068477,-0.0060056996216391045,-0.002856219739339333,0.5474382738947844,0.892416183051926,0.14601801222555535
691,-0.002833855371260685,-0.001271001791507187,-0.0004942398537144399,0.5474059800966306,0.897150880882058,0.14365603233993046
692,0.00014025270357775899,-0.00045825234659779834,-0.0001040561747586155,0.550380088171469,0.8979636303269674,0.14326584866097464
693,-0.0012772387034738486,-0.0005412565452268536,-0.000385037304278274,0.5489625967644174,0.8978806261283383,0.1435468297904943
694,-0.005025964616450995,-0.00042020875555959236,-0.00044253900460766715,0.5452138708514402,0.8980016739180056,0.1436043314908237
695,-0.0034203050253399647,-0.0005931341693700132,-0.0004628796999018303,0.5468195304425513,0.8978287485041951,0.14362467218611785
696,-0.003987130257567917,-0.0006761383679990685,-0.0004904159453543167,0.5462527052103233,0.8977457443055661,0.14365220843157034
697,-0.002428948177976009,-1.9021795519158502e-05,-0.00017479048033136602,0.5478108872899152,0.898402860878046,0.1433365829665474
698,-0.013423726902164312,-0.0037127086345115634,-0.002998888743728334,0.5368161085657269,0.8947091740390536,0.14616068122994436
699,-0.007146857942321616,-0.00046516936315033064,-0.0004304268071305406,0.5430929775255696,0.8979567133104148,0.14359221929334656
700,-0.0029008495711466686,-0.0010012381459628683,-0.0005233635567967465,0.5473389858967446,0.8974206445276023,0.14368515604301277
701,-0.002138020703845722,0.00023690781692042862,6.829796804450061e-05,0.5481018147640455,0.8986587904904856,0.14309349451817152
702,-0.002703308460174969,6.39824031100078e-05,5.1069132358722014e-05,0.5475365270077163,0.8984858650766752,0.1431107233538573
703,-0.0038309976244921273,-0.0008594393066381212,-0.0005007805812699273,0.5464088378433991,0.897562443366927,0.14366257306748595
704,0.0006009910994584367,-0.00018503019277726906,1.6718119405595422e-05,0.5508408265673497,0.8982368524807879,0.14314507436681043
705,0.00038026452353390194,-0.00021615676726305377,-5.142557597134778e-05,0.5506200999914251,0.8982057259063021,0.14321321806218737
706,-0.00022867697925699204,0.0003026194741683197,0.00019438485268524763,0.5500111584886342,0.8987245021477335,0.14296740763353077
707,-0.004519120740980709,-0.0006761383679989574,-0.0006558545828640183,0.5457207147269105,0.8977457443055662,0.14381764706908004
708,-0.002265122731139546,-0.0005135884790172796,-0.0003222239709339547,0.5479747127367517,0.8979082941945479,0.14348401645714998
709,-0.012225849945415757,-0.0025886934447433285,-0.0016394919130819918,0.5380139855224755,0.8958331892288218,0.144801284399298
710,-0.006856655906249176,-0.0005135884790171685,-0.0005082907541602288,0.5433831795616421,0.897908294194548,0.14367008324037625
711,-0.004125426507030516,-0.0031973909013564006,-0.001591201823980981,0.5461144089608607,0.8952244917722088,0.144752994310197
712,-0.013712142562839369,0.0007141819590374965,-0.0004702207641426315,0.5365276929050519,0.8991360646326026,0.14363201325035865
713,-0.004334635581885848,-0.0006346362686845408,-0.00044695041427836313,0.5459051998860054,0.8977872464048806,0.14360874290049438
714,-0.007827681040446732,-0.0015684335032614127,-0.0009911892406282152,0.5424121544274445,0.8968534491703037,0.14415298172684424
715,-8.799140669302208e-05,-3.285582862400105e-05,4.324150223194989e-06,0.5501518440611982,0.8983890268449412,0.14315746833599283
716,0.003168260907192577,0.0013643815149649852,0.0006837600304040181,0.5534080963750838,0.8997862641885301,0.142478032455812
717,0.0006270899133392627,-0.00010894301070052403,-9.763711917584739e-05,0.5508669253812305,0.8983129396628646,0.14325942960539187
718,-0.009229635854024587,-0.0013194209073741359,-0.0011265948923417368,0.5410101996138666,0.897102461766191,0.14428838737855776
719,-0.0017440985930528008,-4.323135345263296e-05,-0.00024089490403461644,0.5484957368748384,0.8983786513201125,0.14340268739025064
720,-0.011834822913891374,5.187762414426977e-06,-0.0006178482612338443,0.5384050125539999,0.8984270704359796,0.14377964074744987
721,0.0026059275031842244,0.0005862171528177029,0.0003871737257337138,0.5528457629710755,0.8990080998263829,0.1427746187604823
722,0.008063015912286975,1.9021795519158502e-05,0.0007083741374214747,0.5583028513801782,0.8984409044690843,0.14245341834879455
723,0.0021749895714396894,0.00038216516452116434,0.00032314397254767924,0.5524148250393309,0.8988040478380863,0.14283864851366834
724,-0.0015715386945098775,-8.819196104337124e-05,-0.00014838846449155563,0.5486682967733814,0.8983336907125218,0.14331018095070758
725,0.00017277357622247358,-0.0003959991976260069,-9.146128948037124e-05,0.5504126090441137,0.8980258834759391,0.1432532537756964
726,-0.006019860870862703,-0.0004340427886643239,-0.0004647062156407089,0.5442199745970285,0.8979878398849008,0.14362649870185673
727,7.131530964843424e-05,0.00029570245761612046,9.815230477069892e-05,0.5503111507775397,0.8987175851311813,0.14306364018144532
728,-0.005683960517805953,8.819196104337124e-05,-0.00029326821040220885,0.5445558749500853,0.8985100746346085,0.14345506069661823
729,-0.0013964218130173567,-1.2104778966626206e-05,-0.00016541326057731287,0.5488434136548739,0.8984097778945985,0.14332720574679333
730,-0.0004999344260283589,-0.000890565881124239,-0.00022468963315963597,0.5497399010418629,0.8975313167924409,0.14338648211937566
731,-0.005020001108173022,-0.0010219891956201321,-0.0005510578326153592,0.5452198343597182,0.897399893477945,0.14371285031883138
732,-0.0029769517185105343,-0.0022774276998844822,-0.0008141342854375566,0.5472628837493807,0.8961444549736807,0.14397592677165358
733,0.004109561138373685,-0.00016082063484368359,0.0002591263509479358,0.5543493966062649,0.8982610620387215,0.14290266613526809
734,0.0026497407550735153,-6.744091138610742e-05,8.46125655948049e-05,0.5528895762229648,0.898354441762179,0.14307717992062122
735,-0.002561329981261129,-0.0007383915169708599,-0.00048225722577879826,0.5476785054866301,0.8976834911565943,0.14364404971199482
736,-0.007995618707891117,-0.0014266346639365546,-0.0009661889104691512,0.5422442167600001,0.8969952480096286,0.14412798139668517
737,-0.0241431989273031,-0.0007798936162852765,-0.0017580153941838816,0.5260966365405881,0.8976419890572799,0.1449198078803999
738,0.0023005672468475735,0.0009113169307813918,0.00041145716643231633,0.5525404027147388,0.8993331996043465,0.1427503353197837
739,0.0009746797739081936,9.510897759579251e-05,0.0001003134860675381,0.5512145152417994,0.898516991651161,0.14306147900014848
740,0.0005680963382267423,3.285582862400105e-05,-1.575677974374745e-06,0.550807931806118,0.8984547385021892,0.1431633681641904
741,-0.011089211647923092,0.00045825234659790937,-0.0004865848513423421,0.5391506238199681,0.8988801350201631,0.14364837733755836
742,-0.002023902836090219,5.187762414315955e-06,-0.00013852177533127397,0.548215932631801,0.8984270704359795,0.1433003142615473
743,-0.002426618323803642,-0.0005550905783318072,-0.00044382797845474165,0.5478132171440876,0.8978667920952333,0.14360562046467076
744,0.001519267822801873,0.00039945770590232854,0.00016873812017287326,0.5517591032906931,0.8988213403794675,0.14299305436604315
745,-0.003472330797810508,-0.0011292029521826619,-0.0006443211841487551,0.5467675046700807,0.8972926797213825,0.14380611367036478
746,-0.02506569564211436,-0.0011222859356302406,-0.002641786922479211,0.5251741398257769,0.8972995967379349,0.14580357940869523
747,-0.000673524846414919,-0.0004651693631502196,-0.00018903571116954399,0.5495663106214763,0.8979567133104149,0.14335082819738557
748,0.00011960048921466626,-0.0002922439493396878,-0.00017767358239403896,0.5503594359571059,0.8981296387242255,0.14333946606861006
749,-0.011618497264012873,-0.0009493605218197088,-0.0008979794933781926,0.5386213382038784,0.8974725221517454,0.14405977197959421
750,-0.0004539479501304289,0.00011586002725294531,0.00020058691124472117,0.5497858875177608,0.8985377427008181,0.1429612055749713
751,0.0018965438083815567,0.00043058428038811325,0.00023241896857001398,0.5521363792762728,0.8988524669539533,0.142929373517646
752,0.0021993536146720505,-0.0003994577059022175,-1.2030017282532723e-05,0.5524391890825633,0.8980224249676629,0.14317382250349855
753,-0.017368543304942197,-0.011356011924936515,-0.008394434946326967,0.532871292162949,0.8870658707486286,0.151556227432543
754,-0.0013108408846481678,9.510897759568149e-05,-0.0001710584182313124,0.5489289945832431,0.8985169916511608,0.14333285090444733
755,0.0010301722534676871,0.00021961527553937543,0.00025055935603893187,0.5512700077213589,0.8986414979491045,0.1429112331301771
756,-0.020500611318228,1.2104778966626206e-05,-0.0010911112636941,0.5297392241496632,0.8984339874525318,0.14425290374991012
757,0.00022401831464857747,0.0006657628431705476,0.0001427683705648719,0.5504638537825398,0.8990876455167357,0.14301902411565115
758,-0.017875637059038274,0.00010548450242442442,-0.0010557362702545425,0.532364198408853,0.8985273671759896,0.14421752875647056
759,-0.012061861100070237,-0.00909760602057108,-0.007324278792497058,0.538177974367821,0.8893242766529941,0.15048607127871308
760,-0.0046498682975517625,-0.0001054845024243134,-0.00031874125608261084,0.5455899671703395,0.8983163981711408,0.14348053374229863
761,-0.001008965249896021,-0.00026111737485390307,-4.003954796752418e-05,0.5492308702179952,0.8981607652987113,0.14320183203418355
762,-5.2083229897470495e-05,3.285582862411207e-05,-5.871225171830141e-05,0.5501877522379938,0.8984547385021893,0.14322050473793432
763,-0.0027898284475595947,-0.0006553873183419157,-0.0005634164773781758,0.5474500070203316,0.8977664953552232,0.1437252089635942
764,-0.002804009068699709,-0.0005516320700554855,-0.0004061291491350427,0.5474358263991915,0.8978702506035097,0.14356792163535106
765,-0.0008970279843776297,0.000385623672797486,1.3640540113657451e-05,0.5493428074835136,0.8988075063463626,0.14314815194610236
766,-0.0191919085504495,-0.001775943999834051,-0.001944047627429779,0.5310479269174417,0.8966459386737311,0.1451058401136458
767,-0.00012205377257257233,0.0006450117935132837,0.0001809616099193445,0.5501177816953187,0.8990668944670784,0.14298083087629668
768,-0.0076255051609182,0.0001504451100151627,-0.00037472539838570573,0.542614330306973,0.8985723277835803,0.14353651788460173
769,-0.0027143998996357332,-0.0011741635597734001,-0.0005286796372049596,0.5475254355682555,0.8972477191137918,0.14369047212342098
770,-0.008860334632375122,-0.0002680343914062133,-0.0005641629976533002,0.5413795008355161,0.8981538482821589,0.14372595548386932
771,0.00015280765349479086,-7.435792793852869e-05,0.00037626499081669373,0.550392643121386,0.8983475247456266,0.14278552749539933
772,0.0036444882596027295,-0.0003683311314163218,2.621301850544433e-05,0.553884323727494,0.8980535515421488,0.14313557946771058
773,-0.0018957381321201838,-0.00011931853552926697,-8.334520622224617e-05,0.548344097335771,0.8983025641380359,0.14324513769243827
774,-0.010007928493176887,-0.00391330211453178,-0.0021507139780063134,0.5402319069747143,0.8945085805590334,0.14531250646422234
775,-0.03790734481676461,-0.0010289062121725534,-0.002831253870267725,0.5123324906511266,0.8973929764613926,0.14599304635648375
776,-0.002882488344317702,-0.0032561855420519814,-0.0012530142971758085,0.5473573471235735,0.8951656971315132,0.14441480678339183
777,-0.005294541171417921,-0.001793236541214882,-0.0009639379770282341,0.5449452942964733,0.8966286461323503,0.14412573046324426
778,0.0006530456462533474,0.00036141411486401154,4.868302767579991e-06,0.5508928811141446,0.8987832967884292,0.14315692418344844
779,-0.0026168308466725243,0.0009770285880293939,0.00029798855256482626,0.5476230046212187,0.8993989112615945,0.1428638039336512
780,0.0026890753244177557,0.00015390361829137333,0.00026637408343790914,0.552928910792309,0.8985757862918565,0.1428954184027781
781,-0.0029053942085544016,-0.0017897780329388935,-0.0007650020398694279,0.5473344412593368,0.8966321046406263,0.14392679452608545
782,-0.003940353836552668,-0.0005101299707408469,-0.00036853469810324557,0.5462994816313386,0.8979117527028243,0.14353032718431927
783,-0.0023915498989542927,-0.00027840991623495626,-0.000223850564269934,0.5478482855689369,0.8981434727573302,0.14338564305048596
784,-0.019629171192388384,-3.2855828623890027e-05,-0.001252222389466262,0.5306106642755029,0.8983890268449413,0.14441401487568228
785,-0.01066129224165091,-0.011311051317345666,-0.007980605377566924,0.5395785432262403,0.8871108313562195,0.15114239786378295
786,-0.004824396138243703,-0.0007072649424850752,-0.0005481333450168546,0.5454154393296475,0.8977146177310801,0.14370992583123288
787,-0.004051635024922784,-0.00027149289968242396,-0.0003048226453684355,0.5461882004429685,0.8981503897738827,0.14346661513158446
788,-0.026145447016124312,-0.0011499540018399257,-0.004064369870244083,0.5240943884517669,0.8972719286717252,0.1472261623564601
789,-0.004073855523165748,-0.0003199120155494839,-0.0002943742880034683,0.5461659799447255,0.8981019706580157,0.1434561667742195
790,-0.003831505830677151,0.0003683311314163218,-7.809863023211516e-05,0.5464083296372141,0.8987902138049815,0.14323989111644814
791,-0.0022355530621229747,0.0006173437273037097,0.00019903944125257422,0.5480042824057683,0.8990392264008689,0.14296275304496345
792,0.006102501325236265,0.00013315256863422054,0.0005697613677331792,0.5563423367931275,0.8985550352421994,0.14259203111848284
793,-0.012306353342038556,-0.0005793001362651706,-0.0010464704430323546,0.5379334821258527,0.8978425825373,0.14420826292924838
794,-0.013899080531708408,0.00015736212656758397,-0.0005836701501525376,0.5363407549361828,0.8985792448001327,0.14374546263636856
795,-0.0056390169337550144,-0.0005481735617792749,-0.0004983337883708028,0.5446008185341362,0.8978737091117859,0.14366012627458682
796,-0.0017471407603933953,-0.0011637880349447682,-0.00044278038929243535,0.5484926947074978,0.8972580946386204,0.14360457287550846
797,-0.000576478625171073,-0.00022307378381547505,-0.0001237986491698373,0.5496633568427202,0.8981988088897497,0.14328559113538586
798,0.0019867783794057514,0.0007349330086947603,0.0003991490073306514,0.552226613847297,0.8991568156822599,0.14276264347888537
799,-0.016601894196319633,-0.0005170469872934902,-0.0012375865096940775,0.5336379412715716,0.8979048356862717,0.1443993789959101
800,-0.007789621187952678,-0.002097585269521529,-0.0011886820375502927,0.5424502142799386,0.8963242974040436,0.14435047452376631
801,-0.00021463922885955888,-0.000499754445912326,6.331876665072178e-06,0.5500251962390317,0.8979221282276528,0.14315546060955095
802,-0.00035118659575461564,-0.00031645350727327326,-1.5924115912280268e-06,0.5498886488721366,0.8981054291662919,0.14316338489780725
803,-0.0044791919499148625,0.0017240663756908914,0.0003990286659062703,0.5457606435179764,0.900145949049256,0.14276276382030975
804,-0.018394389234280384,-0.0007729765997329663,-0.0013693010036061326,0.5318454462336109,0.8976489060738322,0.14453109348982215
805,-0.006958759311642804,0.00010894301070063506,-0.0005109808112291614,0.5432810761562484,0.8985308256842658,0.14367277329744518
806,-0.007459676623933098,-0.0006484703017893834,-0.0008111057700988522,0.5427801588439581,0.8977734123717758,0.14397289825631487
807,0.0010142833312504207,-0.0002922439493397988,-7.749533637194106e-05,0.5512541187991417,0.8981296387242254,0.14323928782258796
808,-0.003976274222820431,-0.000651928810065705,-0.0004928784411541709,0.5462635612450708,0.8977699538634994,0.1436546709273702
809,-0.01728831614665549,-0.004134646644209483,-0.002809037087117494,0.5329515193212357,0.8942872360293557,0.14597082957333352
810,0.0058434880814836054,-0.00032337052382569453,0.0002884976343433543,0.5560833235493748,0.8980985121497395,0.14287329485187267
811,-0.024107727887149544,-0.0008075616824950727,-0.0020800907509137545,0.5261321075807417,0.8976143209910701,0.14524188323712978
812,-0.0016458929520853927,-0.00046862787142643025,-0.00021279770363369366,0.5485939425158058,0.8979532548021387,0.14337459018984972
813,-0.0007990170309497557,-0.0002057812424346439,-0.00013085462278467075,0.5494408184369415,0.8982161014311305,0.1432926471090007
814,0.0006502799774371626,-0.0015130973708420425,-0.00046058543762206305,0.5508901154453284,0.8969087853027231,0.14362237792383808
815,-0.0013610506257355492,-0.0004720863797026409,-0.00019839738236121507,0.5488787848421557,0.8979497962938625,0.14336018986857724
816,0.0005981918372108819,0.0003302875403781158,0.00019281177247010284,0.5508380273051021,0.8987521702139433,0.14296898071374592
817,-0.007131739930402392,-8.127494449094996e-05,-0.0006607269438195229,0.5431080955374888,0.8983406077290742,0.14382251943003554
818,0.0017900365158205478,-0.0006035096941985341,0.00015361938539540376,0.5520298719837118,0.8978183729793666,0.14300817310082062
819,0.002363912626236475,0.0005481735617793859,0.00021125327816440276,0.5526037480941277,0.8989700562353445,0.14295053920805162
820,-0.0015885814968710221,-5.187762414315955e-06,-5.274337246527483e-05,0.5486512539710202,0.8984166949111508,0.1432145358586813
821,-0.007900903313315277,-0.0017586514584528867,-0.0010352509999585202,0.542338932154576,0.8966632312151123,0.14419704348617454
822,8.778611691262483e-05,0.00045825234659790937,0.00040721072548621784,0.5503276215848039,0.8988801350201631,0.1427545817607298
823,-0.0020219307404805154,-0.0002369078169203176,-0.0002712711603639617,0.5482179047274107,0.8981849748566448,0.14343306364657998
824,0.006338823414303141,0.001070408311487192,0.0010855857204940533,0.5565786588821944,0.8994922909850523,0.14207620676572197
825,-0.002000279239604441,-0.0005896756610939136,-0.0002545259231451491,0.5482395562282868,0.8978322070124712,0.14341631840936117
826,-0.0013340450500237688,-0.00013661107691032015,-0.00010170794226677105,0.5489057904178675,0.8982852715966548,0.1432635004284828
827,-0.00441298267175938,-0.000852522290085922,-0.0005510000768416679,0.5458268527961319,0.8975693603834792,0.1437127925630577
828,-0.00611296489542712,-0.005199867193282137,-0.0021854408970081174,0.5441268705724641,0.893222015480283,0.14534723338322414
829,-4.754377554727629e-05,0.0001504451100151627,-0.00010211136622240158,0.550192291692344,0.8985723277835803,0.14326390385243842
830,-0.0039133935181370205,-0.0003510385900352686,-0.00035390042268498845,0.5463264419497542,0.8980708440835299,0.143515692908901
831,-0.0063589425581166426,-0.00025765886657769244,-0.0004618613286409834,0.5438808929097746,0.8981642238069875,0.143623653814857
832,0.00037552741906410336,0.0004720863797026409,0.00013809615714033274,0.5506153628869553,0.8988939690532678,0.1430236963290757
833,-0.003195864841061158,-0.0032838536082616665,-0.0013117338841767412,0.5470439706268301,0.8951380290653035,0.14447352637039276
834,-0.006505217254512363,-0.0012364167087449696,-0.000775769276859628,0.5437346182133789,0.8971854659648202,0.14393756176307565
835,-0.009193259869921144,-0.0014058836142794018,-0.00100535867933077,0.5410465755979701,0.8970159990592858,0.1441671511655468
836,0.0021080803450813645,-0.0003441215734830694,0.00023470260291783007,0.5523479158129726,0.8980777611000821,0.1429270898832982
837,-0.0051071270598351814,-0.0006069682024749667,-0.0004878397962422565,0.545132708408056,0.8978149144710902,0.14364963228245828
838,0.00368440191471342,0.0007314745004184386,0.0005514989984313767,0.5539242373826047,0.8991533571739836,0.14261029348778465
839,-0.0032512714481297555,-0.0023223883074751095,-0.0011898294424252387,0.5469885640197615,0.89609949436609,0.14435162192864126
840,-0.002904495198878587,-0.002519523279219116,-0.0009000131574250225,0.5473353402690126,0.895902359394346,0.14406180564364104
841,-0.010519926802392554,-0.0002472833417489495,-0.0006822288196641491,0.5397199086654987,0.8981745993318162,0.14384402130588017
842,0.001768682803591215,0.0003994577059022175,0.00024000058180495554,0.5520085182714825,0.8988213403794674,0.14292179190441107
843,-0.005498475252953328,5.360687828137589e-05,-0.00037446817040082125,0.5447413602149379,0.8984754895518465,0.14353626065661684
844,0.00036299349115387347,-0.00021269825898684314,-5.662472024817178e-05,0.5506028289590451,0.8982091844145783,0.1432184172064642
845,0.00024764311157887686,-0.004407868798030012,-0.0018575885402375703,0.5504874785794701,0.8940140138755351,0.1450193810264536
846,0.010717454855341368,0.002868832615116612,0.0018572717605515598,0.5609572903232326,0.9012907152886818,0.14130452072566446
847,-0.012223343403230613,-0.006697401276881232,-0.003165083176956407,0.5380164920646606,0.8917244813966839,0.14632687566317243
848,0.0005272074603586141,-0.00017119615967242652,5.147000641131383e-05,0.5507670429282499,0.8982506865138927,0.1431103224798047
849,0.007499045198064103,0.0005620075948841174,0.0007634409424328581,0.5577388806659553,0.8989838902684493,0.14239835154378316
850,-0.0011261128795798658,-0.0008732733397429637,-0.0004080487071422556,0.5491137225883114,0.8975486093338222,0.14356984119335828
851,-0.010557310146006138,-0.0014024251060031911,-0.0014929668627333137,0.5396825253218851,0.897019457567562,0.14465475934894934
852,-0.00556501791244457,-0.00010548450242442442,-0.00019835894070721616,0.5446748175554467,0.8983163981711407,0.14336015142692324
853,-0.023900479036317424,-0.015862448208838642,-0.010248296115006605,0.5263393564315738,0.8825594344647265,0.15341008860122263
854,0.003045449630842967,-0.0005793001362651706,2.1381983143775596e-05,0.5532852850987342,0.8978425825373,0.14314041050307225
855,0.0004007538784625009,-0.00044095980521674516,-0.00022361826995312417,0.5506405893463537,0.8979809228683484,0.14338541075616915
856,0.0009570245731158611,0.0003406630652067477,0.0002316554747726074,0.5511968600410071,0.8987625457387719,0.14293013701144341
857,0.0010252360108011782,-0.0005032129541886476,-0.0003965438890989048,0.5512650714786924,0.8979186697193765,0.14355833637531493
858,-0.023448033263115176,-0.0008075616824951837,-0.0017230756937489933,0.5267918022047761,0.89761432099107,0.14488486817996502
859,-0.030156732709372913,-0.0003129949989970626,-0.0020062029422956706,0.5200831027585183,0.8981088876745681,0.1451679954285117
860,-2.2344700137844065e-05,-1.5563287242836843e-05,-1.9781623840642304e-05,0.5502174907677534,0.8984063193863223,0.14318157411005666
861,-0.009218008710944692,-0.008260647017728329,-0.00334231007854055,0.5410218267569465,0.8901612356558368,0.14650410256475657
862,0.0012871465583400576,-0.00014352809346274142,2.6754312978050088e-05,0.5515269820262313,0.8982783545801024,0.14313503817323797
863,0.0016306553049754147,-6.398240310978576e-05,-0.00010158812010496732,0.5518704907728667,0.8983579002704554,0.143263380606321
864,-0.008305616169523522,-0.00022653229209168568,-0.0007231244512279633,0.5419342192983677,0.8981953503814735,0.14388491693744399
865,0.004246832471872186,0.0005654661031604391,0.00042100629447697213,0.5544866679397634,0.8989873487767256,0.14274078619173905
866,-0.00996123987357933,-0.0008110201907712833,-0.0008581599902233172,0.5402785955943119,0.8976108624827939,0.14401995247643934
867,-0.0009018497045544249,-0.000461710854874009,-0.00027953101179012396,0.5493379857633368,0.8979601718186911,0.14344132349800615
868,-0.004225904610979603,-0.0008386882569810794,-0.0005775996942537776,0.5460139308569116,0.8975831944165841,0.1437393921804698
869,0.0036420161028312137,-0.0008110201907711723,-4.6057992626608035e-05,0.5538818515707224,0.897610862482794,0.14320785047884263
870,-0.0007592570390346776,0.00011586002725316735,-5.537097490543319e-06,0.5494805784288566,0.8985377427008183,0.14316732958370657
871,-0.007091270472574629,0.0009459020135436091,0.0001716268434162338,0.5431485649953166,0.8993677846871088,0.1429901656427998
872,-0.004590986431642796,-0.0008663563231906535,-0.0006151014236342733,0.5456488490362484,0.8975555263503745,0.1437768939098503
873,0.0008781379450565341,-0.00035103859003537963,-5.079917344999463e-05,0.5511179734129478,0.8980708440835298,0.14321259165966602
874,4.503632350993936e-05,-9.165046931958187e-05,-0.00012670163296790715,0.5502848717914012,0.8983302322042456,0.14328849411918393
875,-0.007164770668027343,-0.0010461987535536066,-0.0008404395544375498,0.5430750647998639,0.8973756839200115,0.14400223204065357
876,0.004465199571979217,-0.00029570245761600944,0.0006548106688194777,0.5547050350398705,0.8981261802159491,0.14250698181739654
877,-0.006355271641879545,0.00020923975071074352,-0.0009607704123069105,0.5438845638260117,0.8986311224242759,0.14412256289852293
878,-0.0071914947048766775,-0.0008732733397430748,-0.0008695135903869222,0.5430483407630146,0.8975486093338221,0.14403130607660294
879,-0.0010327661487641304,-0.0005793001362651706,-0.00018801989093872318,0.5492070693191271,0.8978425825373,0.14334981237715475
880,-0.013004210787263437,-9.165046931958187e-05,-0.0008647510091429056,0.5372356246806278,0.8983302322042456,0.14402654349535893
881,-0.00012182061164545122,-0.0005101299707409579,-0.00016206546855132564,0.5501180148562458,0.8979117527028242,0.14332385795476735
882,-0.004727070050090432,-0.0005862171528175919,-0.0005369911479451983,0.5455127654178008,0.8978356655207476,0.14369878363416122
883,0.0001712673828349054,0.0003787066562449537,0.00011274592659532567,0.5504111028507261,0.8988005893298101,0.1430490465596207
884,-0.004180447808520227,-0.0007245574838660174,-0.00046411149531527807,0.546059387659371,0.8976973251896991,0.1436259039815313
885,-0.00959461058425648,-0.00286883261511639,-0.0017798639764609603,0.5406452248836348,0.8955530500584488,0.14494165646267698
886,0.004910401137437459,-0.00016427914311989422,8.820433212441969e-05,0.5551502366053287,0.8982576035304453,0.1430735881540916
887,-0.0036285755315428325,-0.00010894301070052403,-0.00017940941171853964,0.5466112599363484,0.8983129396628646,0.14334120189793456
888,-0.0032627137023664154,-0.0017033153260336276,-0.0007492810273559414,0.5469771217655248,0.8967185673475315,0.14391107351357196
889,-0.016913070837628053,-0.004272986975257798,-0.002380148426172679,0.5333267646302632,0.8941488956983074,0.1455419409123887
890,-0.003098966435496564,0.0002818684245111669,-8.844773664634653e-05,0.5471408690323947,0.8987037510980763,0.14325024022286237
891,-0.0036332951666224744,-0.009312033533696251,-0.004054047397509142,0.5466065403012688,0.8891098491398689,0.14721583988372516
892,-0.00574388374196777,-0.0019039088060537335,-0.0009121206279527616,0.5444959517259235,0.8965179738675114,0.14407391311416878
893,0.0021320697511350017,0.00016427914312000524,0.0002897864114291271,0.5523719052190262,0.8985861618166852,0.1428720060747869
894,-0.013655370032561231,-0.0026474880854390204,-0.0018125935032451412,0.53658446543533,0.8957743945881261,0.14497438598946116
895,-0.003855989805880977,-0.00038562367279737497,-0.00025629330115639615,0.5463838456620103,0.8980362590007678,0.14341808578737242
896,-0.004261428337005935,-0.0006450117935131727,-0.00046438208153512517,0.5459784071308853,0.897776870880052,0.14362617456775115
897,-0.0006118163956226885,-0.001298669857716872,-0.000498673676810335,0.5496280190722685,0.8971232128158483,0.14366046616302636
898,-0.004738162102647103,0.00022307378381558607,-0.00014581410620767565,0.5455016733652441,0.8986449564573807,0.1433076065924237
899,-0.015891568734698436,-0.0006934309093801216,-0.001086873351479417,0.5343482667331928,0.897728451764185,0.14424866583769544
900,-0.0003866395151298496,0.0008559807983620216,0.00027131049511644467,0.5498531959527614,0.8992778634719272,0.14289048199109958
901,-0.01392619769040837,-0.0015165558791182532,-0.001389081133703618,0.5363136377774829,0.8969053267944469,0.14455087361991964
902,0.0007538283775914145,-0.0006623043348943369,-0.0002567519152296971,0.5509936638454827,0.8977595783386708,0.14341854440144572
903,-0.0008144520120707543,1.7292541382163407e-06,-7.654635642390106e-05,0.5494253834558205,0.8984236119277034,0.14323833884263992
904,-0.025013335628110478,-0.004276445483534008,-0.0036577805562383603,0.5252264998397808,0.8941454371900311,0.14681957304245438
905,-6.284037653947472e-05,-6.744091138610742e-05,7.151707455302359e-05,0.5501769950913518,0.898354441762179,0.143090275411663
906,-0.015371918736501122,0.00034412157348295835,-0.0009286928768364455,0.5348679167313901,0.8987660042470481,0.14409048536305247
907,-0.0008513029736652022,-0.00022307378381558607,-0.0001527446289117662,0.549388532494226,0.8981988088897496,0.1433145371151278
908,-0.005160804934734253,-0.00019540571760578995,-0.00041760682726718623,0.545079030533157,0.8982264769559594,0.1435793993134832
909,-0.010974081125625368,-0.0017240663756907804,-0.001989045535798123,0.5392657543422659,0.8966978162978744,0.14515083802201414
910,-0.00040656301436214903,2.5938812071690798e-05,-3.5235798602456514e-05,0.5498332724535291,0.8984478214856368,0.14319702828481848
911,-0.0023994356375954817,1.2104778966737229e-05,-3.4242341369034035e-05,0.5478403998302958,0.8984339874525319,0.14319603482758506
912,-0.00012787608374376092,-0.00010894301070063506,-8.086550669067494e-05,0.5501119593841475,0.8983129396628645,0.1432426579929067
913,-0.009257202894922822,0.0009597360466484517,-0.00032959521554709603,0.5409826325729684,0.8993816187202136,0.14349138770176312
914,-0.006532329647955359,-0.00017811317622473677,-0.0004824835609320566,0.5437075058199359,0.8982437694973404,0.14364427604714808
915,0.0001797049836353981,-0.0006069682024748557,-0.00017259953985923615,0.5504195404515266,0.8978149144710903,0.14333439202607526
916,-0.001090449453571285,2.9397320347901434e-05,-2.058842205898692e-05,0.54914938601432,0.898451279993913,0.143182380908275
917,-0.0077054370667895,-0.00033720455693042606,-0.0006014464802359121,0.5425343984011017,0.8980846781166347,0.14376323896645193
918,-0.0004803018819145022,0.0006346362686846518,0.0001787270168031596,0.5497595335859767,0.8990565189422498,0.14298306546941286
919,-0.023944077254847373,-0.0012467922335738235,-0.0017607586880631076,0.5262957582130439,0.8971750904399913,0.14492255117427913
920,-0.01678482806975079,-0.0030071729461648156,-0.0021112194060266265,0.5334550073981404,0.8954147097274003,0.14527301189224265
921,-0.011472765957614817,-0.007603530445248308,-0.007856758861495172,0.5387670695102764,0.8908183522283168,0.1510185513477112
922,0.002099577043500722,-0.00020232273415832225,0.00021476016822702393,0.552339412511392,0.8982195599394068,0.142947032317989
923,0.0012455747106246973,0.00021269825898706518,-4.7138126119672386e-06,0.5514854101785159,0.8986345809325522,0.143166506298828
924,-0.0006285698339495438,-6.398240310978576e-05,-3.083801388173435e-05,0.5496112656339417,0.8983579002704554,0.14319263050009776
925,-0.015709429330804214,-0.0006830553845516008,-0.0013495816727839838,0.534530406137087,0.8977388272890136,0.144511374159
926,-0.00582272080998103,-0.0006692213514466472,-0.0005690156690712489,0.5444171146579102,0.8977526613221185,0.14373080815528727
927,0.0007859481936571822,-5.7065386557475506e-05,-0.00010564815028590857,0.5510257836615484,0.8983648172870077,0.14326744063650193
928,-0.002358502887704006,-0.0002265322920917967,-2.8909584215336404e-05,0.5478813325801872,0.8981953503814734,0.14319070207043136
929,0.001499032625766561,0.00010548450242453544,6.268987034244167e-05,0.5517388680936578,0.8985273671759897,0.14309910261587358
930,-0.00040679927827191875,-9.16504693196929e-05,3.2355810396955675e-05,0.5498330361896193,0.8983302322042455,0.14312943667581907
931,-0.007646488689956876,-0.00020578124243453288,-0.00046921526049673035,0.5425933467779344,0.8982161014311306,0.14363100774671275
932,-0.002466399141390907,-0.0004340427886643239,-0.00030891628131551885,0.5477734363265003,0.8979878398849008,0.14347070876753154
933,-0.00930481890153545,-0.0007556840583519131,-0.0009221806234374907,0.5409350165663558,0.8976661986152132,0.1440839731096535
934,1.668936480636596e-05,-0.00042712577211201364,-0.0001435011423323307,0.5502565248326976,0.8979947569014531,0.14330529362854835
935,-0.008939972020557296,-0.0024434360971424818,-0.0015090234230210053,0.5412998634473339,0.8959784465764227,0.14467081590923703
936,-0.005342952575195237,-0.005545718020903201,-0.002270471896304277,0.544896882892696,0.892876164652662,0.1454322643825203
937,-0.0006216989020335628,-0.0001539036182911513,-0.00012932058254713774,0.5496181365658577,0.898267979055274,0.14329111306876316
938,-0.00937200659898585,-0.0029483783054693458,-0.0015395856182003065,0.5408678288689054,0.8954735043680958,0.14470137810441633
939,-0.006213975251188608,0.00012277704380536658,-0.0002869701719743767,0.5440258602167026,0.8985446597173705,0.1434487626581904
940,-0.003595277060152946,-0.00036141411486401154,-0.0003273686023647915,0.5466445584077383,0.8980604685587011,0.1434891610885808
941,-0.0001630348359821232,2.9397320347790412e-05,-8.600456652751998e-05,0.5500768006319091,0.8984512799939129,0.14324779705274354
942,-0.01147916615997735,-0.000689972401103911,-0.0008901948497766488,0.5387606693079139,0.8977319102724612,0.14405198733599267
943,0.000997299270282248,0.00037178963969275447,0.00023899833423585148,0.5512371347381735,0.8987936723132579,0.14292279415198017
944,-0.02373279092989855,-0.000842146765257179,-0.0017369076418076446,0.5265070445379927,0.897579735908308,0.14489870012802367
945,-0.00863464995122909,7.089941966231805e-05,-0.0004963425008809308,0.5416051855166621,0.8984927820932275,0.14365813498709695
946,-0.00841792338258951,-0.0022739691916082716,-0.0015207074735986703,0.5418219120853017,0.8961479134819569,0.1446824999598147
947,-0.006613088864123706,1.902179551904748e-05,-0.0003263930368888057,0.5436267466037675,0.8984409044690842,0.14348818552310483
948,0.0002700355041204139,0.00022307378381558607,4.3816264735901944e-05,0.5505098709720117,0.8986449564573807,0.14311797622148012
949,-0.0006699033444076408,-0.00011586002725294531,-1.8764820272798577e-05,0.5495699321234836,0.8983060226463122,0.14318055730648882
950,-0.0031751241771086347,-0.0006380947769608625,-0.00046143689117378317,0.5470647112907826,0.8977837878966043,0.1436232293773898
951,-0.0011532917187442315,-0.00021269825898695416,-0.00011184858524213026,0.549086543749147,0.8982091844145782,0.14327364107145815
952,-0.0019380286041340566,-0.0010634912949345487,-0.00048102030962393627,0.5483018068637572,0.8973583913786306,0.14364281279583996
953,-0.0033473958003674698,-0.0010877008528681342,-0.0006384043983687082,0.5468924396675238,0.897334181820697,0.14380019688458473
954,-0.023123007242497717,-0.004528916587697385,-0.0028279242056986065,0.5271168282253935,0.8938929660858678,0.14598971669191463
955,-0.0013915996490738713,-0.000852522290085922,-0.00037953630868645116,0.5488482358188174,0.8975693603834792,0.14354132879490247
956,-0.005545627159134536,-0.00057584162798896,-0.00045670921454918356,0.5446942083087567,0.8978460410455762,0.1436185017007652
957,-0.0060254276175615296,0.0012675432832310873,5.8632321100537954e-05,0.5442144078503297,0.8996894259567962,0.14310316016511548
958,-0.012121961147037008,-0.006033367687848679,-0.003855382494160259,0.5381178743208542,0.8923885149857165,0.14701717498037628
959,-0.020228031834309657,-0.0009528190300959194,-0.0022233489287983577,0.5300118036335816,0.8974690636434692,0.14538514141501438
960,-0.013753188330916655,-0.001309045382545504,-0.0013653228459919176,0.5364866471369746,0.8971128372910196,0.14452711533220794
961,-0.018430176038824242,-0.0007522255500757025,-0.0015069344666761852,0.531809659429067,0.8976696571234895,0.1446687269528922
962,-0.00033144995601430693,-0.0006035096941986451,-7.893422234209191e-05,0.5499083855118769,0.8978183729793665,0.1432407267085581
963,0.0014804578532378043,-0.0008490637818096003,-0.0003292121543770621,0.551720293321129,0.8975728188917556,0.14349100464059308
964,-0.029459334527108916,-0.0006657628431705476,-0.00232161228150643,0.5207805009407823,0.8977561198303946,0.14548340476772245
965,-0.0054815051910310775,-0.000918233947333702,-0.0006294645082370598,0.5447583302768602,0.8975036487262315,0.14379125699445308
966,-0.0026964360077968985,0.00012277704380558863,-7.033730603164812e-05,0.5475433994600943,0.8985446597173707,0.14323212979224767
967,-0.0037787902755829217,-0.00030953649072074096,-0.0002751909241231476,0.5464610451923083,0.8981123461828444,0.14343698341033917
968,-0.0170501921820988,-0.006489890780308594,-0.005248887873904651,0.5331896432857924,0.8919319918932566,0.14841068036012067
969,0.0017073201727354492,-0.00040983323073096045,0.00013021724210793284,0.5519471556406267,0.8980120494428342,0.1430315752441081
970,-0.004809459217187229,-0.0002749514079586346,-0.0003027969343186443,0.545430376250704,0.8981469312656065,0.14346458942053467
971,-0.013437021750578038,-0.0011810805763259324,-0.001404871723823059,0.5368028137173132,0.8972408020972392,0.14456666421003908
972,-0.008111392635819725,-0.0005620075948840064,-0.0006095468896991918,0.5421284428320715,0.8978598750786811,0.1437713393759152
973,-0.00869041938069326,-0.003736918192445149,-0.0018791756911977764,0.541549416087198,0.89468496448112,0.1450409681774138
974,-0.008856623224276383,-0.0003510385900352686,-0.0006907489397450506,0.5413832122436149,0.8980708440835299,0.14385254142596107
975,-0.00037052728035391613,-6.398240310989678e-05,8.047825456972135e-05,0.5498693081875373,0.8983579002704553,0.1430813142316463
976,-0.0029195214252050183,0.00044787682176927746,-0.00010371227408079164,0.5473203140426862,0.8988697594953344,0.1432655047602968
977,-0.020432490091340738,-0.0007141819590373855,-0.001567749424532805,0.5298073453765505,0.8977077007145278,0.14472954191074883
978,0.002693388115957651,0.00035103859003537963,0.00011234900269652126,0.5529332235838489,0.8987729212636005,0.1430494434835195
979,-0.0031256512132692427,-0.0062823802837360665,-0.002436557669244166,0.547114184254622,0.8921395023898291,0.1455983501554602
980,-0.002161723007224281,0.00025074185002516014,5.7853993571971296e-05,0.548078112460667,0.8986726245235903,0.14310393849264405
981,-0.0318937934357878,-0.0015822675363662553,-0.003571063968985738,0.5183460420321034,0.8968396151371989,0.14673285645520176
982,3.923959962259804e-05,0.0005862171528177029,0.00021293867619287532,0.5502790750675138,0.8990080998263829,0.14294885381002315
983,-0.020298021060546567,-0.0016860227846525744,-0.001885903131688127,0.5299418144073447,0.8967358598889126,0.14504769561790415
984,-0.0033937306931849376,-0.0012467922335737125,-0.0006602444063401602,0.5468461047747063,0.8971750904399914,0.14382203689255618
985,0.0015694032138415803,-0.00026111737485379205,-6.117083110421251e-05,0.5518092386817328,0.8981607652987114,0.14322296331732023
986,0.0005554232044675533,-0.0001539036182912623,6.653722606364543e-05,0.5507952586723588,0.8982679790552739,0.14309525526015238
987,-0.0013031499276482394,-0.00027840991623484523,-0.00022325259177444212,0.548936685540243,0.8981434727573303,0.14338504507799046
988,-0.005515834398055586,-0.003498281121386726,-0.0016723221393951937,0.5447240010698357,0.8949236015521784,0.14483411462561122
989,-0.0030251849912733553,-0.0004340427886643239,-0.0002627020996188445,0.5472146504766179,0.8979878398849008,0.14342449458583487
990,-0.0009351259146969104,0.00035449709831159026,0.00010865675893184656,0.5493047095531943,0.8987763797718767,0.14305313572728418
991,-0.002016801671782642,-0.0004132917390071711,-0.0001619323791111349,0.5482230337961086,0.898008590934558,0.14332372486532716
992,-0.00027891645540667476,-0.00010894301070063506,2.636986727408419e-05,0.5499609190124846,0.8983129396628645,0.14313542261894194
993,-0.010470941205413475,-0.0020941267612453185,-0.0014583150995405303,0.5397688942624778,0.8963277559123198,0.14462010758575655
994,-0.004549886880129472,-0.0006242607438559089,-0.0004951421241863874,0.5456899485877618,0.8977976219297092,0.1436569346104024
995,-0.00785010208154302,-0.0002645758831300027,-0.0007603035650724232,0.5423897333863482,0.8981573067904352,0.14392209605128845
996,-0.01675739629713191,-0.000994321129410558,-0.0016994478124646162,0.5334824391707593,0.8974275615441546,0.14486124029868064
997,-0.012510301958462144,-0.005144531060862878,-0.00258508389568321,0.5377295335094291,0.8932773516127023,0.14574687638189923
998,-0.0031478507645833487,6.398240310989678e-05,-0.0001932394007492788,0.5470919847033079,0.898485865076675,0.1433550318869653
999,0.0021073599495867734,0.001232958200468981,0.0006578479107263724,0.552347195417478,0.8996548408740341,0.14250394457548965
1000,0.002734384270381529,0.001803612066043736,0.0013504606868466884,0.5529742197382728,0.9002254947396089,0.14181133179936933
