relation_id,enhancer_id,gene_id,crispri_positive,context_probability,full_probability
Enh100_GNG5,Enh100,ENSG00000174021,False,0.01296250336766131,0.013484958748390058
Enh100_RPF1,Enh100,ENSG00000117133,False,0.030617222898745747,0.03168602861130351
Enh101_GNG5,Enh101,ENSG00000174021,False,0.01675639485382389,0.015347581471987254
Enh101_RPF1,Enh101,ENSG00000117133,False,0.035885072886693285,0.028927356402974527
Enh102_ENO1,Enh102,ENSG00000074800,True,0.268139272999139,0.12136199887193937
Enh102_RERE,Enh102,ENSG00000142599,False,0.13429901813010917,0.06417998568223358
Enh103_ENO1,Enh103,ENSG00000074800,False,0.06475672534585687,0.05074236579843403
Enh104_ENO1,Enh104,ENSG00000074800,False,0.04270856249257636,0.03128682222596164
Enh104_RERE,Enh104,ENSG00000142599,False,0.055407697885713716,0.040635553223471614
Enh105_ENO1,Enh105,ENSG00000074800,False,0.004726788225234432,0.008266539183208214
Enh105_RERE,Enh105,ENSG00000142599,False,0.008349782630234736,0.014456975437480308
Enh106_CLSTN1,Enh106,ENSG00000171603,False,0.010013571899296756,0.015185761873862145
Enh107_CLSTN1,Enh107,ENSG00000171603,False,0.09215711245337915,0.08451426261491025
Enh107_KIF1B,Enh107,ENSG00000054523,False,0.0037218427024219795,0.004778751554114081
Enh107_LZIC,Enh107,ENSG00000162441,False,0.01244131208081383,0.012425541531563805
Enh108_MRPL43,Enh108,ENSG00000055950,False,0.0054347596811791365,0.007785192374868975
Enh108_SFXN3,Enh108,ENSG00000107819,False,0.007962684300375326,0.011050691631620079
Enh109_DPCD,Enh109,ENSG00000166171,False,0.043079602753992335,0.042432335374947366
Enh109_MRPL43,Enh109,ENSG00000055950,False,0.0174894786040798,0.01938391773047648
Enh109_OGA,Enh109,ENSG00000198408,False,0.009285270617552887,0.011415970637959126
Enh109_SFXN3,Enh109,ENSG00000107819,False,0.02190256858037578,0.024010946112964015
Enh109_SLF2,Enh109,ENSG00000119906,False,0.018060402818405305,0.020059906969446237
Enh111_ACTR1A,Enh111,ENSG00000138107,False,0.008621494398526353,0.013761274193599463
Enh111_ARL3,Enh111,ENSG00000138175,False,0.024638795816211135,0.02571782031099579
Enh112_ATP5MD,Enh112,ENSG00000173915,False,0.003124190628523802,0.0053405739314397035
Enh112_PDCD11,Enh112,ENSG00000148843,False,0.0051769121104563035,0.00897751751129193
Enh113_SMNDC1,Enh113,ENSG00000119953,False,0.026794544201074112,0.02338914388778627
Enh114_CCDC186,Enh114,ENSG00000165813,False,0.0203602953477533,0.01769314654742933
Enh115_CCDC186,Enh115,ENSG00000165813,False,0.0365321561754265,0.03160715555339463
Enh119_PDZD8,Enh119,ENSG00000165650,False,0.007397888514656498,0.009262076144950953
Enh11_ANP32E,Enh11,ENSG00000143401,False,0.02274815035421489,0.02800881617649168
Enh11_APH1A,Enh11,ENSG00000117362,False,0.0345911220399474,0.037953190104936474
Enh11_ENSA,Enh11,ENSG00000143420,False,0.062002388078873365,0.059052155525015596
Enh11_MCL1,Enh11,ENSG00000143384,False,0.13575116733497541,0.11311226632437398
Enh11_MRPS21,Enh11,ENSG00000266472,False,0.02604480877851443,0.03096750245619295
Enh11_PLEKHO1,Enh11,ENSG00000023902,False,0.019048800251515157,0.02377843796597734
Enh120_BUB3,Enh120,ENSG00000154473,False,0.0514373450888676,0.06367272044091721
Enh121_CDC123,Enh121,ENSG00000151465,False,0.06253034757287386,0.04197146037010929
Enh121_NUDT5,Enh121,ENSG00000165609,False,0.0675185606703977,0.04456965890673366
Enh121_UPF2,Enh121,ENSG00000151461,False,0.022575270301108216,0.018320038967076412
Enh122_OPTN,Enh122,ENSG00000123240,False,0.019980394483859222,0.01700830361602704
Enh123_GLRX3,Enh123,ENSG00000108010,False,0.17058070134455403,0.17553258370512398
Enh125_BMI1,Enh125,ENSG00000168283,False,0.0021465531673380226,0.0038710533795935607
Enh125_COMMD3,Enh125,ENSG00000148444,False,0.0018117183215176065,0.003421885961964704
Enh125_MSRB2,Enh125,ENSG00000148450,False,0.0024616381732875292,0.004331823799985215
Enh126_COMMD3,Enh126,ENSG00000148444,False,0.008843048701617038,0.011355847296330678
Enh126_MSRB2,Enh126,ENSG00000148450,False,0.014232173864231116,0.01718567033267736
Enh127_MSRB2,Enh127,ENSG00000148450,False,0.012229844702601772,0.011663776726946887
Enh12_ENSA,Enh12,ENSG00000143420,False,0.009469800798163956,0.013126941585030954
Enh12_MCL1,Enh12,ENSG00000143384,False,0.010471177253731494,0.014096113319445994
Enh12_MLLT11,Enh12,ENSG00000213190,False,0.053439812474232885,0.0470561763402902
Enh12_PSMB4,Enh12,ENSG00000159377,False,0.007542398837925985,0.010575690847715436
Enh12_PSMD4,Enh12,ENSG00000159352,False,0.011755064296947783,0.014596427433645002
Enh12_SCNM1,Enh12,ENSG00000163156,False,0.024439463636927474,0.02650927594538355
Enh132_KIF5B,Enh132,ENSG00000170759,False,0.009625709654094471,0.01222983819593198
Enh133_KIF5B,Enh133,ENSG00000170759,False,0.014344470297844886,0.021377458660190574
Enh134_KIF5B,Enh134,ENSG00000170759,False,0.01992237988272034,0.013636293426425469
Enh134_ZEB1,Enh134,ENSG00000148516,False,0.027326674009622225,0.02163104837808709
Enh135_HNRNPF,Enh135,ENSG00000169813,False,0.014829422593012493,0.02421925222382708
Enh136_HNRNPF,Enh136,ENSG00000169813,False,0.015660851718198792,0.016501760895185926
Enh137_HNRNPF,Enh137,ENSG00000169813,False,0.017766265987920807,0.026646563657827294
Enh13_MLLT11,Enh13,ENSG00000213190,False,0.012636842769604511,0.012995321503538377
Enh13_PSMB4,Enh13,ENSG00000159377,False,0.06781480595461097,0.04791235218800278
Enh13_PSMD4,Enh13,ENSG00000159352,False,0.021486272574954644,0.01754217655291089
Enh13_S100A10,Enh13,ENSG00000197747,False,0.0047474144009343865,0.005182131342637376
Enh13_SCNM1,Enh13,ENSG00000163156,False,0.019813039430173634,0.018951385676101478
Enh142_RBM17,Enh142,ENSG00000134453,False,0.02583017366135564,0.031912476504510054
Enh143_RBM17,Enh143,ENSG00000134453,False,0.02218772320017481,0.019888907930061286
Enh144_PCBD1,Enh144,ENSG00000166228,False,0.01753529372339339,0.01675124501669867
Enh144_PPA1,Enh144,ENSG00000180817,False,0.021920884532343116,0.018521017118317863
Enh144_SAR1A,Enh144,ENSG00000079332,False,0.02039707254141942,0.019077301159778973
Enh145_EIF4EBP2,Enh145,ENSG00000148730,False,0.045559672276392245,0.050573265530125776
Enh145_PCBD1,Enh145,ENSG00000166228,False,0.05252203882107027,0.05962423642354971
Enh145_PPA1,Enh145,ENSG00000180817,False,0.018947776708419076,0.02502964560246903
Enh145_SAR1A,Enh145,ENSG00000079332,False,0.01793951704375487,0.023193623514326682
Enh146_EIF4EBP2,Enh146,ENSG00000148730,False,0.04208040520760801,0.0342709100841748
Enh146_PCBD1,Enh146,ENSG00000166228,False,0.04738438322450201,0.036180858662449196
Enh146_PPA1,Enh146,ENSG00000180817,False,0.015024910015160165,0.013757857528678127
Enh146_SAR1A,Enh146,ENSG00000079332,False,0.015367065961793991,0.015193696041294011
Enh148_ANAPC16,Enh148,ENSG00000166295,False,0.021528397897534555,0.01358230923742809
Enh148_DNAJB12,Enh148,ENSG00000148719,False,0.029670719938341455,0.021278545676491446
Enh148_PSAP,Enh148,ENSG00000197746,True,0.3675183338702136,0.7256622802418928
Enh149_ANAPC16,Enh149,ENSG00000166295,False,0.021582235263259433,0.015226680234666718
Enh149_PSAP,Enh149,ENSG00000197746,False,0.11433542802539542,0.13798902772785618
Enh14_ADAR,Enh14,ENSG00000160710,False,0.004238562482601705,0.0059691511495553965
Enh14_FDPS,Enh14,ENSG00000160752,False,0.004298745358378635,0.006091851659715486
Enh14_KRTCAP2,Enh14,ENSG00000163463,False,0.0060433079452091995,0.007921958476758393
Enh14_SCAMP3,Enh14,ENSG00000116521,False,0.005377099606456601,0.007130134215554182
Enh14_SHC1,Enh14,ENSG00000160691,False,0.03827795965626482,0.03262755526116727
Enh150_ANAPC16,Enh150,ENSG00000166295,False,0.02594692625411457,0.023758768155547713
Enh150_PSAP,Enh150,ENSG00000197746,False,0.01806540818488486,0.016877310202837077
Enh151_ANAPC16,Enh151,ENSG00000166295,False,0.0065241855280103594,0.008701554766729977
Enh151_PSAP,Enh151,ENSG00000197746,False,0.0036240594899404864,0.005248967430694051
Enh152_ANAPC16,Enh152,ENSG00000166295,False,0.12946220850672777,0.08359452029382551
Enh152_MICU1,Enh152,ENSG00000107745,False,0.009095569088171683,0.01524463687051621
Enh152_PSAP,Enh152,ENSG00000197746,False,0.0055659238643366955,0.009512901286685301
Enh153_ANAPC16,Enh153,ENSG00000166295,False,0.11233813637288524,0.12191234428676204
Enh153_DNAJB12,Enh153,ENSG00000148719,False,0.07600646396042468,0.0652068259436707
Enh153_MCU,Enh153,ENSG00000156026,False,0.012447038969517016,0.012530338624610856
Enh153_MICU1,Enh153,ENSG00000107745,False,0.009848714646205554,0.010363321563890625
Enh153_PSAP,Enh153,ENSG00000197746,False,0.004968601395110214,0.005033706631610783
Enh154_ANAPC16,Enh154,ENSG00000166295,False,0.11805431380291007,0.07610235009491438
Enh154_MCU,Enh154,ENSG00000156026,False,0.028094133026927273,0.02591341618957871
Enh154_MICU1,Enh154,ENSG00000107745,False,0.021649507668577348,0.0183804222292944
Enh154_PSAP,Enh154,ENSG00000197746,False,0.009906691326051613,0.007921386274768382
Enh155_ANAPC16,Enh155,ENSG00000166295,False,0.0766175392452899,0.0666073042579652
Enh155_MICU1,Enh155,ENSG00000107745,False,0.017305578530988592,0.018222781467580048
Enh155_PSAP,Enh155,ENSG00000197746,False,0.006599851060828548,0.0079782166238091
Enh156_ANAPC16,Enh156,ENSG00000166295,False,0.05861772686347254,0.060716119951440016
Enh156_MICU1,Enh156,ENSG00000107745,False,0.014951172283401246,0.018306982727271943
Enh156_PSAP,Enh156,ENSG00000197746,False,0.0053222353247363635,0.007814007059398862
Enh157_ANAPC16,Enh157,ENSG00000166295,False,0.10014735911788863,0.08069855868053512
Enh157_MICU1,Enh157,ENSG00000107745,False,0.025468301841738566,0.021254906639847845
Enh157_PSAP,Enh157,ENSG00000197746,False,0.01042177904719077,0.010825954504432229
Enh158_ANAPC16,Enh158,ENSG00000166295,False,0.04937923366275865,0.05221638541393336
Enh158_MICU1,Enh158,ENSG00000107745,False,0.011372237763228543,0.014889706854261504
Enh158_PSAP,Enh158,ENSG00000197746,False,0.004453593495547021,0.0069224681087996275
Enh159_ANAPC16,Enh159,ENSG00000166295,False,0.010114041585620523,0.01206658343307079
Enh159_MICU1,Enh159,ENSG00000107745,False,0.00422524502683962,0.004916294818795655
Enh159_PSAP,Enh159,ENSG00000197746,False,0.001741693078494169,0.002956528010136502
Enh15_ADAR,Enh15,ENSG00000160710,False,0.010017475239784005,0.014539633971258561
Enh15_ASH1L,Enh15,ENSG00000116539,False,0.010340720194971583,0.014368135420052983
Enh15_KRTCAP2,Enh15,ENSG00000163463,False,0.08630436678239138,0.07187754895109058
Enh15_SCAMP3,Enh15,ENSG00000116521,False,0.022664830707650956,0.026237945635469537
Enh15_SHC1,Enh15,ENSG00000160691,False,0.026761103614869837,0.030064728438006085
Enh160_ADK,Enh160,ENSG00000156110,False,0.017449838017586376,0.02023593992753958
Enh160_ANXA7,Enh160,ENSG00000138279,False,0.007899314559300041,0.009883028715776511
Enh160_CHCHD1,Enh160,ENSG00000172586,False,0.044932664386056406,0.040486501102986676
Enh160_PPP3CB,Enh160,ENSG00000107758,False,0.011154694288506446,0.013604297710726755
Enh160_VCL,Enh160,ENSG00000035403,False,0.026358914951533974,0.026055709146992286
Enh161_ADK,Enh161,ENSG00000156110,False,0.018687011473361104,0.02222405288300702
Enh161_ANXA7,Enh161,ENSG00000138279,False,0.00824782401233617,0.011177769048389899
Enh161_CHCHD1,Enh161,ENSG00000172586,False,0.039894078903131916,0.03706235256392645
Enh161_PPP3CB,Enh161,ENSG00000107758,False,0.01154133484494749,0.014355973912069636
Enh161_VCL,Enh161,ENSG00000035403,False,0.03114965755278566,0.041120912392544166
Enh162_ADK,Enh162,ENSG00000156110,False,0.03552588007454681,0.03044236089625827
Enh162_ANXA7,Enh162,ENSG00000138279,False,0.016327372022279567,0.01596211889601238
Enh162_CHCHD1,Enh162,ENSG00000172586,False,0.06889799763128389,0.05439969689831081
Enh162_PLAU,Enh162,ENSG00000122861,True,0.3943813194155754,0.9280788503376761
Enh162_PPP3CB,Enh162,ENSG00000107758,False,0.022073634414321308,0.019400538284711097
Enh162_VCL,Enh162,ENSG00000035403,True,0.05664013386652259,0.05328502355570166
Enh163_ADK,Enh163,ENSG00000156110,False,0.02925806155823384,0.03229081815787747
Enh163_ANXA7,Enh163,ENSG00000138279,False,0.013594736855279514,0.016370756377295057
Enh163_CHCHD1,Enh163,ENSG00000172586,False,0.0563838760316813,0.051136221094344785
Enh163_PLAU,Enh163,ENSG00000122861,True,0.37687859422451486,0.9422457830632005
Enh163_PPP3CB,Enh163,ENSG00000107758,False,0.019893267914993962,0.02361275932837902
Enh163_VCL,Enh163,ENSG00000035403,False,0.042104681123547,0.040660119852602386
Enh165_ANXA11,Enh165,ENSG00000122359,False,0.005210926631004745,0.007394422579895883
Enh165_PRXL2A,Enh165,ENSG00000122378,False,0.0301880565676776,0.023606516729771012
Enh166_ANXA11,Enh166,ENSG00000122359,False,0.018600769946981652,0.02250596600223029
Enh167_ANKRD1,Enh167,ENSG00000148677,True,0.259584682719824,0.6113850392238994
Enh167_PCGF5,Enh167,ENSG00000180628,True,0.059404593806432246,0.03378517887190851
Enh167_RPP30,Enh167,ENSG00000148688,False,0.16799374822304092,0.09722390861379225
Enh168_ANKRD1,Enh168,ENSG00000148677,True,0.3902994239468557,0.9999755625058923
Enh168_PCGF5,Enh168,ENSG00000180628,True,0.061276588745546715,0.22471667406858953
Enh168_RPP30,Enh168,ENSG00000148688,False,0.17131519760146222,0.1181792785722697
Enh169_PCGF5,Enh169,ENSG00000180628,False,0.06202277228234491,0.015165590609792003
Enh169_RPP30,Enh169,ENSG00000148688,False,0.01965720179690144,0.014938982556449515
Enh169_TNKS2,Enh169,ENSG00000107854,False,0.013258852713667862,0.010784376639461152
Enh16_CCT3,Enh16,ENSG00000163468,False,0.05136774412024904,0.058466902786318345
Enh16_CRABP2,Enh16,ENSG00000143320,True,0.06527396951520766,0.05766350855052259
Enh16_GLMP,Enh16,ENSG00000198715,False,0.058114180061852434,0.0652975648592793
Enh16_HDGF,Enh16,ENSG00000143321,False,0.03786878307378042,0.04147726632224349
Enh16_LAMTOR2,Enh16,ENSG00000116586,False,0.021651587025146416,0.028733678860220813
Enh16_LMNA,Enh16,ENSG00000160789,False,0.01153589547975727,0.016923449984580896
Enh16_NAXE,Enh16,ENSG00000163382,False,0.18258586024327086,0.18798078971001606
Enh16_SSR2,Enh16,ENSG00000163479,False,0.018175374371546617,0.02457463939667582
Enh170_TNKS2,Enh170,ENSG00000107854,False,0.024703763293556707,0.030300769724685428
Enh171_TNKS2,Enh171,ENSG00000107854,False,0.021657613505385167,0.022412876111063722
Enh172_PPP1R3C,Enh172,ENSG00000119938,True,0.30447719310560195,0.977672207016552
Enh172_TNKS2,Enh172,ENSG00000107854,False,0.052666750529655824,0.04606004490122741
Enh173_PPP1R3C,Enh173,ENSG00000119938,True,0.25173701953902367,0.23179844628549776
Enh173_TNKS2,Enh173,ENSG00000107854,False,0.0380581685371436,0.0401059429292998
Enh174_TNKS2,Enh174,ENSG00000107854,False,0.04164813175973578,0.051646878074372904
Enh175_TNKS2,Enh175,ENSG00000107854,False,0.03925374990951833,0.043616940189375134
Enh176_HPS1,Enh176,ENSG00000107521,False,0.046335633973813406,0.04147522347623489
Enh177_CTR9,Enh177,ENSG00000198730,False,0.34848033356858116,0.040823815396230215
Enh177_EIF4G2,Enh177,ENSG00000110321,False,0.03341282236623138,0.018017208753553306
Enh17_CCT3,Enh17,ENSG00000163468,False,0.034947672351801844,0.030098865817210385
Enh17_HDGF,Enh17,ENSG00000143321,False,0.023394586283034407,0.021035107326702097
Enh17_LAMTOR2,Enh17,ENSG00000116586,False,0.013023377224130599,0.01395683676519973
Enh17_LMNA,Enh17,ENSG00000160789,False,0.008002409579790965,0.009233702727939613
Enh17_SSR2,Enh17,ENSG00000163479,False,0.011215762353134122,0.011249401410244024
Enh180_CTR9,Enh180,ENSG00000198730,False,0.037815085651882824,0.025610390117883866
Enh180_EIF4G2,Enh180,ENSG00000110321,False,0.030415438061543898,0.017238813032737416
Enh180_RNF141,Enh180,ENSG00000110315,False,0.016703330545675518,0.012406532824963592
Enh181_EIF4G2,Enh181,ENSG00000110321,False,0.03472238319557984,0.02926829930254852
Enh185_REXO2,Enh185,ENSG00000076043,False,0.0014822541380381227,0.0021196376617982067
Enh187_PAFAH1B2,Enh187,ENSG00000168092,False,0.0032416373658511947,0.003542258961473933
Enh187_TAGLN,Enh187,ENSG00000149591,False,0.0010249828147149075,0.001388345979221931
Enh188_DKK3,Enh188,ENSG00000050165,True,0.11698534946915805,0.05482872533578191
Enh188_MICAL2,Enh188,ENSG00000133816,False,0.33596338143890275,0.35311547634449353
Enh188_PARVA,Enh188,ENSG00000197702,False,0.033357407322342846,0.01885004340900567
Enh188_USP47,Enh188,ENSG00000170242,False,0.04558413096104175,0.02689072862532527
Enh18_COPA,Enh18,ENSG00000122218,False,0.023738352782850105,0.025677751456120102
Enh18_DCAF8,Enh18,ENSG00000132716,False,0.05226636715977623,0.04629629027206043
Enh18_NCSTN,Enh18,ENSG00000162736,False,0.037668106291485474,0.038219768573481284
Enh18_PEA15,Enh18,ENSG00000162734,False,0.046170778737255495,0.039878928991429745
Enh18_TAGLN2,Enh18,ENSG00000158710,False,0.018202820920492527,0.019983553848293218
Enh190_HSPA8,Enh190,ENSG00000109971,False,0.00535920781964467,0.0071217602351904
Enh190_MIR100HG,Enh190,ENSG00000255248,False,0.03179835168392981,0.028030813641283757
Enh194_TBRG1,Enh194,ENSG00000154144,False,0.0742137327081098,0.04677989035010581
Enh195_ETS1,Enh195,ENSG00000134954,False,0.048810172322303426,0.02274543752729677
Enh198_COPB1,Enh198,ENSG00000129083,False,0.03628220862436834,0.026723574783522188
Enh198_PSMA1,Enh198,ENSG00000129084,False,0.019529780235118876,0.014709903244019001
Enh198_RRAS2,Enh198,ENSG00000133818,False,0.3652936275087344,0.08590269584571202
Enh199_LDHA,Enh199,ENSG00000134333,True,0.36335591193712763,0.30074650629878097
Enh199_SPTY2D1,Enh199,ENSG00000179119,False,0.031841943048276034,0.038520372831515916
Enh199_TSG101,Enh199,ENSG00000074319,False,0.07009072535120811,0.07367780415156774
Enh19_COPA,Enh19,ENSG00000122218,False,0.0025123226862586888,0.004739470171252373
Enh19_PEA15,Enh19,ENSG00000162734,False,0.005054453662184846,0.008207125025863227
Enh19_TAGLN2,Enh19,ENSG00000158710,False,0.002396374843786712,0.004302829372785688
Enh1_CAPZA1,Enh1,ENSG00000116489,False,0.028452653289136594,0.02726502257705665
Enh1_CTTNBP2NL,Enh1,ENSG00000143079,False,0.45691169415402694,0.3962742440159794
Enh1_RHOC,Enh1,ENSG00000155366,False,0.017979196161462988,0.01764254908613168
Enh200_GTF2H1,Enh200,ENSG00000110768,False,0.19569985388312752,0.13582382541318958
Enh200_HPS5,Enh200,ENSG00000110756,False,0.2004357835010107,0.1253139387887231
Enh200_LDHA,Enh200,ENSG00000134333,True,0.4455292935035171,0.7329246001301829
Enh200_SPTY2D1,Enh200,ENSG00000179119,False,0.038719190200065846,0.026657996632089787
Enh200_TSG101,Enh200,ENSG00000074319,False,0.08619309374849261,0.049990931536978915
Enh200_UEVLD,Enh200,ENSG00000151116,False,0.07658775929809594,0.04852841053472826
Enh201_TRIM44,Enh201,ENSG00000166326,False,0.02336728752912104,0.020458521194927047
Enh202_HSD17B12,Enh202,ENSG00000149084,False,0.016811618009628097,0.018630156620739045
Enh205_ARHGAP1,Enh205,ENSG00000175220,False,0.016289760283365835,0.018302150226606185
Enh205_CREB3L1,Enh205,ENSG00000157613,False,0.26048482847160137,0.41352343028344946
Enh206_ARHGAP1,Enh206,ENSG00000175220,False,0.015710116197181632,0.017231179959473528
Enh206_CKAP5,Enh206,ENSG00000175216,False,0.011634172911268142,0.0137700107256194
Enh206_CREB3L1,Enh206,ENSG00000157613,False,0.03691171617086026,0.05780319738891851
Enh207_ARHGAP1,Enh207,ENSG00000175220,False,0.5752510981610339,0.48973703850077493
Enh207_CKAP5,Enh207,ENSG00000175216,False,0.0908031316427684,0.06602666428955804
Enh207_CREB3L1,Enh207,ENSG00000157613,False,0.019746504296206308,0.017476575199619558
Enh208_MRPL16,Enh208,ENSG00000166902,False,0.03077736775228004,0.02014366252268334
Enh208_OSBP,Enh208,ENSG00000110048,False,0.07579077504177167,0.049689711627106656
Enh208_PATL1,Enh208,ENSG00000166889,False,0.06588727135271312,0.03982332299966985
Enh208_STX3,Enh208,ENSG00000166900,False,0.05358214179060758,0.03226688679344802
Enh209_FTH1,Enh209,ENSG00000167996,False,0.0696245016460694,0.03952817860442546
Enh209_TMEM258,Enh209,ENSG00000134825,False,0.026220514224905195,0.01876682653183621
Enh20_COPA,Enh20,ENSG00000122218,False,0.13491154479806666,0.09789799251480154
Enh20_PEA15,Enh20,ENSG00000162734,False,0.02049905047834927,0.024050329915615103
Enh20_TAGLN2,Enh20,ENSG00000158710,False,0.005905886043659754,0.009034701702212936
Enh210_BEST1,Enh210,ENSG00000167995,True,0.47889346844693165,0.9878791089527157
Enh210_FADS1,Enh210,ENSG00000149485,False,0.08379368639929351,0.06220018016088105
Enh210_FTH1,Enh210,ENSG00000167996,True,0.469840249324134,0.999896498050233
Enh210_TMEM258,Enh210,ENSG00000134825,False,0.04261211067656634,0.03409887939285009
Enh211_BEST1,Enh211,ENSG00000167995,True,0.3988469720573188,0.3399364883623771
Enh211_FTH1,Enh211,ENSG00000167996,True,0.3601376388979113,0.20478236357003948
Enh211_TMEM258,Enh211,ENSG00000134825,False,0.026553581793047516,0.026241309443374
Enh212_AHNAK,Enh212,ENSG00000124942,False,0.02315597950276911,0.025069451351427924
Enh212_EEF1G,Enh212,ENSG00000254772,False,0.016005758191438946,0.016318968899296085
Enh212_FTH1,Enh212,ENSG00000167996,False,0.002796742255588214,0.003709806471149212
Enh212_POLR2G,Enh212,ENSG00000168002,False,0.01171396488366388,0.01267704728747951
Enh212_UBXN1,Enh212,ENSG00000162191,False,0.016128987021663918,0.01624180224009417
Enh213_AHNAK,Enh213,ENSG00000124942,True,0.005079659023491699,0.007064414921884742
Enh213_EEF1G,Enh213,ENSG00000254772,False,0.0043364246969412,0.006290789740091886
Enh213_POLR2G,Enh213,ENSG00000168002,False,0.019463595631713685,0.020204604898701843
Enh213_UBXN1,Enh213,ENSG00000162191,False,0.011441890660577958,0.013083263755537478
Enh214_AHNAK,Enh214,ENSG00000124942,False,0.0014738678753258713,0.002547349690490676
Enh214_B3GAT3,Enh214,ENSG00000149541,False,0.0033763324380776394,0.005637643417906977
Enh214_EEF1G,Enh214,ENSG00000254772,False,0.001321981916150263,0.002235595331657566
Enh214_GANAB,Enh214,ENSG00000089597,False,0.0031203350612291555,0.004932297136469719
Enh214_HNRNPUL2,Enh214,ENSG00000214753,False,0.003930446495864284,0.006184691041004746
Enh214_POLR2G,Enh214,ENSG00000168002,False,0.004246459753596278,0.006372049949522956
Enh214_SLC3A2,Enh214,ENSG00000168003,False,0.004760672531857956,0.0065037402122054755
Enh214_TMEM179B,Enh214,ENSG00000185475,False,0.00488534458081013,0.0071265650173251895
Enh214_UBXN1,Enh214,ENSG00000162191,False,0.003187497493454975,0.004972266249186998
Enh214_UQCC3,Enh214,ENSG00000204922,False,0.003348108329175212,0.005315391809343126
Enh215_ATL3,Enh215,ENSG00000184743,False,0.006530606416503543,0.010137312221445012
Enh215_BAD,Enh215,ENSG00000002330,False,0.00376367451781779,0.006542837659404166
Enh215_COX8A,Enh215,ENSG00000176340,False,0.012427048895317833,0.014834710242309868
Enh215_OTUB1,Enh215,ENSG00000167770,False,0.017998839190287587,0.020733340391689163
Enh215_PLAAT3,Enh215,ENSG00000176485,False,0.004694577017665771,0.007864377562719651
Enh215_PPP1R14B,Enh215,ENSG00000173457,False,0.0023322077557632885,0.004388752339546854
Enh215_PPP1R14B-AS1,Enh215,ENSG00000256940,False,0.005329843000609612,0.008403023600072952
Enh215_PRDX5,Enh215,ENSG00000126432,False,0.0023558610324824016,0.004368546615661458
Enh215_RTN3,Enh215,ENSG00000133318,False,0.006112026780087393,0.009136751916838312
Enh215_STIP1,Enh215,ENSG00000168439,False,0.003984562722258813,0.006736378930156401
Enh215_TRMT112,Enh215,ENSG00000173113,False,0.002639831525897354,0.005110453140764779
Enh215_VEGFB,Enh215,ENSG00000173511,False,0.00405489994637466,0.00609598190162174
Enh216_BAD,Enh216,ENSG00000002330,False,0.06728709858557333,0.06103398562435826
Enh216_COX8A,Enh216,ENSG00000176340,False,0.02076947116538591,0.02227605602317216
Enh216_OTUB1,Enh216,ENSG00000167770,False,0.04511511261195878,0.045743726897033404
Enh216_PPP1R14B,Enh216,ENSG00000173457,False,0.056957973157907966,0.04886632486506501
Enh216_PRDX5,Enh216,ENSG00000126432,False,0.03269536143982351,0.031395489839279866
Enh216_STIP1,Enh216,ENSG00000168439,False,0.6679881700335686,0.6220730764002711
Enh216_TRMT112,Enh216,ENSG00000173113,False,0.03595679474289418,0.03560586607880046
Enh216_VEGFB,Enh216,ENSG00000173511,False,0.11800986017322466,0.0938741189679535
Enh217_ARL2,Enh217,ENSG00000213465,False,0.0376826497831113,0.022471302605964586
Enh217_DPF2,Enh217,ENSG00000133884,False,0.04335818174815822,0.02854111495163645
Enh217_EHD1,Enh217,ENSG00000110047,False,0.005808955545750909,0.004153763459504315
Enh217_FAM89B,Enh217,ENSG00000176973,False,0.014583720566989042,0.011027982323838979
Enh217_FAU,Enh217,ENSG00000149806,False,0.09697875761285504,0.055097272022867606
Enh217_MALAT1,Enh217,ENSG00000251562,False,0.002106375097789656,0.0020370566226834974
Enh217_NEAT1,Enh217,ENSG00000245532,False,0.005163915428634534,0.0042801510104001255
Enh217_SAC3D1,Enh217,ENSG00000168061,False,0.07231600267014462,0.043334704211379575
Enh217_SCYL1,Enh217,ENSG00000142186,False,0.019307883229972945,0.0136184958153689
Enh217_SF1,Enh217,ENSG00000168066,False,0.01563078346408685,0.011037284688900237
Enh217_ZNRD2,Enh217,ENSG00000173465,False,0.014477811372455416,0.010913087888356886
Enh218_ARL2,Enh218,ENSG00000213465,False,0.003095226801195324,0.0042297136766533214
Enh218_CCDC85B,Enh218,ENSG00000175602,False,0.002117555226517014,0.0031806091306841463
Enh218_CFL1,Enh218,ENSG00000172757,False,0.0012911093229403888,0.002107905935436856
Enh218_EFEMP2,Enh218,ENSG00000172638,False,0.003339262877707137,0.004696514898981092
Enh218_FAU,Enh218,ENSG00000149806,False,0.002157352646194172,0.0031868244288872673
Enh218_FIBP,Enh218,ENSG00000172500,False,0.0032718837721054436,0.004384094475104215
Enh218_MALAT1,Enh218,ENSG00000251562,False,0.0030463265385169353,0.003916525448603271
Enh218_NEAT1,Enh218,ENSG00000245532,True,0.04862212811987254,0.05130249457505205
Enh218_RELA,Enh218,ENSG00000173039,False,0.007075988019506111,0.008105443442653008
Enh218_RNASEH2C,Enh218,ENSG00000172922,False,0.004987293611866494,0.005981354776514235
Enh219_ARL2,Enh219,ENSG00000213465,False,0.013608798377384617,0.011612888374511993
Enh219_CCDC85B,Enh219,ENSG00000175602,False,0.008888910239802685,0.0069508774402168684
Enh219_CFL1,Enh219,ENSG00000172757,False,0.005008762942423765,0.0042790812424349026
Enh219_DPF2,Enh219,ENSG00000133884,False,0.1084713787511431,0.06839439018319295
Enh219_EFEMP2,Enh219,ENSG00000172638,False,0.016090647211256432,0.014292163422986549
Enh219_FAM89B,Enh219,ENSG00000176973,False,0.06247545166090869,0.03882955868509999
Enh219_FAU,Enh219,ENSG00000149806,False,0.00880946718777377,0.006733083081958041
Enh219_FIBP,Enh219,ENSG00000172500,False,0.015285660126364085,0.013174614160866667
Enh219_FOSL1,Enh219,ENSG00000175592,True,0.015497021280733176,0.012744039847646401
Enh219_MALAT1,Enh219,ENSG00000251562,False,0.01562589173771212,0.010058167786773216
Enh219_NEAT1,Enh219,ENSG00000245532,True,0.3983379433718846,0.24109533760613402
Enh219_RELA,Enh219,ENSG00000173039,False,0.040422897276402,0.02818875313498283
Enh219_RNASEH2C,Enh219,ENSG00000172922,False,0.025415746232211434,0.01954055673154586
Enh219_SAC3D1,Enh219,ENSG00000168061,False,0.025290036602134972,0.01983511974581258
Enh219_SCYL1,Enh219,ENSG00000142186,False,0.1095528017402795,0.06755373353796455
Enh219_ZNRD2,Enh219,ENSG00000173465,False,0.06231541955568815,0.039044970542351815
Enh220_ARL2,Enh220,ENSG00000213465,False,0.010142626631954272,0.012812663506951226
Enh220_CCDC85B,Enh220,ENSG00000175602,False,0.007636279171926499,0.009558899133774768
Enh220_CFL1,Enh220,ENSG00000172757,False,0.0053046973062670305,0.007300186345488338
Enh220_DRAP1,Enh220,ENSG00000175550,False,0.005689977251153913,0.007895248391770013
Enh220_EFEMP2,Enh220,ENSG00000172638,False,0.010082509472621235,0.012357835603427172
Enh220_FAU,Enh220,ENSG00000149806,False,0.008667044967428426,0.010269062835492027
Enh220_FIBP,Enh220,ENSG00000172500,False,0.010166483743978813,0.012973076917199207
Enh220_MALAT1,Enh220,ENSG00000251562,False,0.026469340239874708,0.02489021137631029
Enh220_NEAT1,Enh220,ENSG00000245532,True,0.5837872129384541,0.22989321702528911
Enh220_RELA,Enh220,ENSG00000173039,False,0.025001071141391426,0.026527894536698012
Enh220_RNASEH2C,Enh220,ENSG00000172922,False,0.015573334840045324,0.01752556185931094
Enh221_ARL2,Enh221,ENSG00000213465,False,0.006925545279504352,0.010319935300492977
Enh221_CCDC85B,Enh221,ENSG00000175602,False,0.005340809782677232,0.008362083957200735
Enh221_CFL1,Enh221,ENSG00000172757,False,0.0041550785076344835,0.006053177048993268
Enh221_DRAP1,Enh221,ENSG00000175550,False,0.0048133618982936915,0.0070276896623288326
Enh221_FAU,Enh221,ENSG00000149806,False,0.0054342264583144215,0.0074612755074131565
Enh221_FIBP,Enh221,ENSG00000172500,False,0.008381491553866234,0.012154507973720597
Enh221_MALAT1,Enh221,ENSG00000251562,False,0.05663291525902377,0.04840203016721314
Enh221_NEAT1,Enh221,ENSG00000245532,False,0.044298655084949665,0.031727536228161664
Enh221_RNASEH2C,Enh221,ENSG00000172922,False,0.016894794887674203,0.0213491100450899
Enh222_ARL2,Enh222,ENSG00000213465,False,0.016113276988612715,0.015462111565065113
Enh222_C11orf68,Enh222,ENSG00000175573,False,0.02289929117024391,0.020250846516317304
Enh222_CAPN1,Enh222,ENSG00000014216,False,0.042010131794430285,0.0333710271389763
Enh222_CCDC85B,Enh222,ENSG00000175602,False,0.01242935390267354,0.011357952724118917
Enh222_CFL1,Enh222,ENSG00000172757,False,0.008690128035163948,0.009319933595942928
Enh222_DPF2,Enh222,ENSG00000133884,False,0.08990510397445611,0.06356761138779621
Enh222_DRAP1,Enh222,ENSG00000175550,False,0.010638054397748327,0.010519888996657373
Enh222_EFEMP2,Enh222,ENSG00000172638,False,0.021528774607883737,0.01906248189217049
Enh222_FAM89B,Enh222,ENSG00000176973,False,0.10710015160837753,0.07844930967456731
Enh222_FAU,Enh222,ENSG00000149806,False,0.011420924692613564,0.01054624889211801
Enh222_FIBP,Enh222,ENSG00000172500,False,0.020279988865477737,0.01806943239604205
Enh222_FOSL1,Enh222,ENSG00000175592,False,0.020674408244612346,0.02012580040637349
Enh222_LTBP3,Enh222,ENSG00000168056,False,0.1355411109784198,0.0936719451172139
Enh222_MALAT1,Enh222,ENSG00000251562,False,0.08830534024550944,0.06368265160285445
Enh222_NEAT1,Enh222,ENSG00000245532,False,0.07510637769161381,0.06183911996623801
Enh222_RELA,Enh222,ENSG00000173039,False,0.056676636278562675,0.040047800215831805
Enh222_RNASEH2C,Enh222,ENSG00000172922,False,0.038684964805956935,0.030992520068703962
Enh222_SAC3D1,Enh222,ENSG00000168061,False,0.027076307034124072,0.023788447173741366
Enh222_SCYL1,Enh222,ENSG00000142186,False,0.20760721568516546,0.1406137707121277
Enh222_VPS51,Enh222,ENSG00000149823,False,0.03321854816970187,0.02764214371706176
Enh222_ZFPL1,Enh222,ENSG00000162300,False,0.030796505370338925,0.02422315443402518
Enh222_ZNRD2,Enh222,ENSG00000173465,False,0.10762877287569035,0.07696229221063033
Enh223_ARL2,Enh223,ENSG00000213465,False,0.010573567207440298,0.00812807180753398
Enh223_C11orf68,Enh223,ENSG00000175573,False,0.013186905186269063,0.009699705048195761
Enh223_CAPN1,Enh223,ENSG00000014216,False,0.023447854279395466,0.015605711118608074
Enh223_CCDC85B,Enh223,ENSG00000175602,False,0.009115661451952844,0.007526391198006233
Enh223_CFL1,Enh223,ENSG00000172757,False,0.006608324285070592,0.005588376368726578
Enh223_DPF2,Enh223,ENSG00000133884,False,0.051610380639513315,0.032024500648714295
Enh223_DRAP1,Enh223,ENSG00000175550,False,0.007265547314198528,0.006169619306052022
Enh223_EFEMP2,Enh223,ENSG00000172638,False,0.013823485066156011,0.009612571571912788
Enh223_EHBP1L1,Enh223,ENSG00000173442,False,0.07358422045793385,0.04082077837416495
Enh223_FAM89B,Enh223,ENSG00000176973,False,0.06425232450975352,0.033581713425032
Enh223_FAU,Enh223,ENSG00000149806,False,0.007692927537162876,0.006349245003195399
Enh223_FIBP,Enh223,ENSG00000172500,False,0.01210537173047978,0.009143687620813641
Enh223_FOSL1,Enh223,ENSG00000175592,False,0.012568786462136862,0.008907900646068114
Enh223_LTBP3,Enh223,ENSG00000168056,False,0.08827556799997383,0.04770195169432412
Enh223_MALAT1,Enh223,ENSG00000251562,False,0.10539612136479352,0.059950563022370944
Enh223_MUS81,Enh223,ENSG00000172732,False,0.015992540270506925,0.011731777682025376
Enh223_NEAT1,Enh223,ENSG00000245532,False,0.05607436731803851,0.032552138274743195
Enh223_RELA,Enh223,ENSG00000173039,False,0.034407147956999555,0.02060987520854724
Enh223_RNASEH2C,Enh223,ENSG00000172922,False,0.021493353892420162,0.015587188317667503
Enh223_SAC3D1,Enh223,ENSG00000168061,False,0.015076826415593254,0.011045532087327642
Enh223_SART1,Enh223,ENSG00000175467,False,0.013745698104644054,0.010391222918873429
Enh223_SCYL1,Enh223,ENSG00000142186,False,0.15068879542219632,0.07497611019743151
Enh223_VPS51,Enh223,ENSG00000149823,False,0.01729722844618398,0.012548999995395839
Enh223_ZFPL1,Enh223,ENSG00000162300,False,0.01715733077872074,0.011108470752129564
Enh223_ZNRD2,Enh223,ENSG00000173465,False,0.06485618279192627,0.034240563436607536
Enh224_ARL2,Enh224,ENSG00000213465,False,0.014642150005600214,0.024051126038452515
Enh224_CCDC85B,Enh224,ENSG00000175602,False,0.011917234771918219,0.01858518573948775
Enh224_CFL1,Enh224,ENSG00000172757,False,0.007640087595883357,0.013100623658000271
Enh224_DRAP1,Enh224,ENSG00000175550,False,0.009106759448114102,0.015872537185591572
Enh224_FAU,Enh224,ENSG00000149806,False,0.009047391238421127,0.014392102006088946
Enh224_FIBP,Enh224,ENSG00000172500,False,0.017326585166285054,0.026014875200700366
Enh224_MALAT1,Enh224,ENSG00000251562,False,0.10575822065609686,0.11378420184901795
Enh224_NEAT1,Enh224,ENSG00000245532,False,0.058362579201235616,0.07226623938710142
Enh224_RNASEH2C,Enh224,ENSG00000172922,False,0.030434239614219195,0.04012755857101752
Enh225_ARL2,Enh225,ENSG00000213465,False,0.010121808559979163,0.013874270791561755
Enh225_C11orf68,Enh225,ENSG00000175573,False,0.01265888945250159,0.016165689895403335
Enh225_CCDC85B,Enh225,ENSG00000175602,False,0.008338546154081382,0.010806501047623297
Enh225_CFL1,Enh225,ENSG00000172757,False,0.005821891038812746,0.0077848425208106205
Enh225_DPF2,Enh225,ENSG00000133884,False,0.054062153478388456,0.04950773219871577
Enh225_DRAP1,Enh225,ENSG00000175550,False,0.006509627835763196,0.008739269431319144
Enh225_EFEMP2,Enh225,ENSG00000172638,False,0.013390314651553888,0.01716733274417801
Enh225_EHBP1L1,Enh225,ENSG00000173442,True,0.07594847606867644,0.06903368555925614
Enh225_FAM89B,Enh225,ENSG00000176973,False,0.06407622814272061,0.06571205656892852
Enh225_FAU,Enh225,ENSG00000149806,False,0.0066900650940999095,0.00858066806815092
Enh225_FIBP,Enh225,ENSG00000172500,False,0.011277576326862023,0.01461684185136919
Enh225_MALAT1,Enh225,ENSG00000251562,False,0.10976045065347667,0.07594090755758996
Enh225_NEAT1,Enh225,ENSG00000245532,False,0.052528683796017835,0.039610780557483946
Enh225_RELA,Enh225,ENSG00000173039,False,0.03407117667703972,0.03508316831846275
Enh225_RNASEH2C,Enh225,ENSG00000172922,False,0.020316359203592777,0.022836725371775272
Enh225_SAC3D1,Enh225,ENSG00000168061,False,0.014754104850991231,0.019227092926686642
Enh225_SCYL1,Enh225,ENSG00000142186,False,0.16374609935212914,0.12672116923168172
Enh225_ZNRD2,Enh225,ENSG00000173465,False,0.06459900677378097,0.06494538782402254
Enh226_ARL2,Enh226,ENSG00000213465,False,0.010738737055061162,0.01295282107219443
Enh226_C11orf68,Enh226,ENSG00000175573,False,0.014749047305852196,0.016028188482031375
Enh226_CCDC85B,Enh226,ENSG00000175602,False,0.009287480095459827,0.01139551243796945
Enh226_CFL1,Enh226,ENSG00000172757,False,0.006421202339033656,0.007760189407446759
Enh226_DPF2,Enh226,ENSG00000133884,False,0.05428127285813664,0.04450432814892607
Enh226_DRAP1,Enh226,ENSG00000175550,False,0.0075922495562144735,0.00862246638761089
Enh226_EFEMP2,Enh226,ENSG00000172638,False,0.015036091630096489,0.016872848797242483
Enh226_FAM89B,Enh226,ENSG00000176973,False,0.07248251377331755,0.06582001719782685
Enh226_FAU,Enh226,ENSG00000149806,False,0.008108339375420453,0.008867855631290675
Enh226_FIBP,Enh226,ENSG00000172500,False,0.012694972185171486,0.014550254858424478
Enh226_MALAT1,Enh226,ENSG00000251562,False,0.12257545997176941,0.10048763732157041
Enh226_NEAT1,Enh226,ENSG00000245532,False,0.05051719417985973,0.042238265295503175
Enh226_RELA,Enh226,ENSG00000173039,False,0.03872493845036059,0.03615294082971834
Enh226_RNASEH2C,Enh226,ENSG00000172922,False,0.023826481597677293,0.025207004557517707
Enh226_SAC3D1,Enh226,ENSG00000168061,False,0.01736661318390892,0.020699094323859035
Enh226_SCYL1,Enh226,ENSG00000142186,False,0.18761564266987144,0.1374261099517842
Enh226_ZNRD2,Enh226,ENSG00000173465,False,0.07309736271391966,0.06590832377198835
Enh227_ARL2,Enh227,ENSG00000213465,False,0.016165227546092276,0.016438327918195977
Enh227_CCDC85B,Enh227,ENSG00000175602,False,0.016160236236553962,0.01591434096217289
Enh227_CFL1,Enh227,ENSG00000172757,False,0.011100863809595067,0.010917580722596682
Enh227_DRAP1,Enh227,ENSG00000175550,False,0.01236477076547101,0.012245007042217034
Enh227_EFEMP2,Enh227,ENSG00000172638,False,0.024464874360282843,0.022595914021889825
Enh227_FAU,Enh227,ENSG00000149806,False,0.013559701243234403,0.011855799052180867
Enh227_FIBP,Enh227,ENSG00000172500,False,0.021386950646992784,0.01958775897992722
Enh227_MALAT1,Enh227,ENSG00000251562,False,0.4474410836900588,0.2406559747663305
Enh227_NEAT1,Enh227,ENSG00000245532,False,0.07846583751568506,0.04668512637972359
Enh227_RELA,Enh227,ENSG00000173039,False,0.06657965140813442,0.050088852398598484
Enh227_RNASEH2C,Enh227,ENSG00000172922,False,0.04417742500347846,0.03558219214395756
Enh228_ARL2,Enh228,ENSG00000213465,False,0.012885097320550057,0.020554188115747565
Enh228_CCDC85B,Enh228,ENSG00000175602,False,0.013129521337675467,0.01938153263505582
Enh228_CFL1,Enh228,ENSG00000172757,False,0.009413906309610984,0.015106881078895207
Enh228_DRAP1,Enh228,ENSG00000175550,False,0.010301225350511511,0.016604004906840594
Enh228_EFEMP2,Enh228,ENSG00000172638,False,0.01911938043984896,0.027250666054588778
Enh228_FAM89B,Enh228,ENSG00000176973,True,0.10419403144024221,0.09867442337797644
Enh228_FAU,Enh228,ENSG00000149806,False,0.011081556041731472,0.016646802936346673
Enh228_FIBP,Enh228,ENSG00000172500,False,0.017179425255941076,0.02558673641065769
Enh228_MALAT1,Enh228,ENSG00000251562,False,0.41277739018995485,0.319652841137671
Enh228_NEAT1,Enh228,ENSG00000245532,False,0.06043817875408394,0.06810996101632981
Enh228_RELA,Enh228,ENSG00000173039,False,0.05111869887609349,0.05903086788412825
Enh228_RNASEH2C,Enh228,ENSG00000172922,False,0.03411618078095092,0.04356666528852019
Enh229_ARL2,Enh229,ENSG00000213465,False,0.006709819517984235,0.010599248411311943
Enh229_BANF1,Enh229,ENSG00000175334,False,0.006274227851591239,0.009188891565496446
Enh229_CCDC85B,Enh229,ENSG00000175602,False,0.006895847670271011,0.010608222002674512
Enh229_CFL1,Enh229,ENSG00000172757,False,0.004807844075264988,0.007328780059675762
Enh229_DRAP1,Enh229,ENSG00000175550,False,0.005537100787222363,0.00825993239507222
Enh229_FAU,Enh229,ENSG00000149806,False,0.005809472360955746,0.008644806968226108
Enh229_FIBP,Enh229,ENSG00000172500,False,0.00955945856843773,0.013770580817800434
Enh229_MALAT1,Enh229,ENSG00000251562,False,0.07928144764478501,0.09052461618385493
Enh229_NEAT1,Enh229,ENSG00000245532,False,0.025661399001437334,0.03336837078376395
Enh229_RNASEH2C,Enh229,ENSG00000172922,False,0.022124861604183234,0.026844450353670654
Enh22_PRRX1,Enh22,ENSG00000116132,False,0.050566483986547284,0.09666811314531013
Enh230_BANF1,Enh230,ENSG00000175334,False,0.021337334414721586,0.01737056306831828
Enh230_C11orf68,Enh230,ENSG00000175573,False,0.0555245693020862,0.042723290162589286
Enh230_CCDC85B,Enh230,ENSG00000175602,False,0.042555474346145865,0.034414184081573734
Enh230_CFL1,Enh230,ENSG00000172757,False,0.045438393999982896,0.0431648153203405
Enh230_DPF2,Enh230,ENSG00000133884,False,0.0099253068394268,0.01030811289291377
Enh230_DRAP1,Enh230,ENSG00000175550,False,0.025147098937255814,0.018441347683929382
Enh230_EFEMP2,Enh230,ENSG00000172638,False,0.0885484945154238,0.0642922220187421
Enh230_FAM89B,Enh230,ENSG00000176973,False,0.021809071452822546,0.0203161102704685
Enh230_FIBP,Enh230,ENSG00000172500,False,0.07046340664960081,0.05124955819603976
Enh230_MALAT1,Enh230,ENSG00000251562,False,0.0015743927101871838,0.0017204080720460415
Enh230_NEAT1,Enh230,ENSG00000245532,False,0.002270373065011243,0.0025486658814573744
Enh230_PACS1,Enh230,ENSG00000175115,False,0.021219425230089274,0.018497072481590885
Enh230_RAB1B,Enh230,ENSG00000174903,False,0.009784410802415685,0.010148550682331394
Enh230_RELA,Enh230,ENSG00000173039,False,0.044563406138170884,0.03398807640994257
Enh230_RNASEH2C,Enh230,ENSG00000172922,False,0.07369409892266353,0.04671521941467106
Enh230_SCYL1,Enh230,ENSG00000142186,False,0.01909827432227084,0.01882935416210855
Enh230_SF3B2,Enh230,ENSG00000087365,False,0.015816256326525162,0.013582043405565111
Enh230_YIF1A,Enh230,ENSG00000174851,False,0.006863798088835537,0.007604142450719848
Enh230_ZNRD2,Enh230,ENSG00000173465,False,0.02139798417713488,0.019897903951025298
Enh231_COA4,Enh231,ENSG00000181924,False,0.12801521196251808,0.12978944010696336
Enh232_COA4,Enh232,ENSG00000181924,False,0.08115198463379926,0.04871218603140243
Enh232_MRPL48,Enh232,ENSG00000175581,True,0.6412148846148759,0.43129828368726136
Enh232_PPME1,Enh232,ENSG00000214517,False,0.022069105943027263,0.01755326406015426
Enh232_RAB6A,Enh232,ENSG00000175582,True,0.4313054532618159,0.34465568346574077
Enh233_RNF169,Enh233,ENSG00000166439,False,0.17446240533768742,0.11068744797795714
Enh233_SPCS2,Enh233,ENSG00000118363,False,0.02217189029500349,0.012612105756534065
Enh234_SPCS2,Enh234,ENSG00000118363,False,0.003688511875449308,0.004836043289804795
Enh235_RPS3,Enh235,ENSG00000149273,False,0.0066489134182057714,0.009117257542482512
Enh235_SPCS2,Enh235,ENSG00000118363,False,0.058405246565010886,0.030043797875569767
Enh236_RPS3,Enh236,ENSG00000149273,False,0.035857483674214444,0.03306873675505315
Enh236_SERPINH1,Enh236,ENSG00000149257,False,0.6056788280721667,0.9874684219835103
Enh236_UVRAG,Enh236,ENSG00000198382,False,0.05753604019750597,0.04719551160059593
Enh237_RPS3,Enh237,ENSG00000149273,False,0.028690533121543637,0.024666120780627732
Enh237_SERPINH1,Enh237,ENSG00000149257,True,0.7706950454364971,0.8656608438544716
Enh238_THAP12,Enh238,ENSG00000137492,False,0.012592419501847005,0.015577656738621309
Enh23_RCC2,Enh23,ENSG00000179051,False,0.06095834714774243,0.039580893264723575
Enh23_SDHB,Enh23,ENSG00000117118,False,0.006642411391782318,0.006160201670078425
Enh241_FAT3,Enh241,ENSG00000165323,True,0.012973148204608946,0.9997344429695012
Enh244_AKIP1,Enh244,ENSG00000166452,False,0.01719208848541115,0.015607649274371244
Enh244_IPO7,Enh244,ENSG00000205339,True,0.34129160544184634,0.9874430112490986
Enh244_SWAP70,Enh244,ENSG00000133789,False,0.027230987928405448,0.018676674552689315
Enh244_TMEM9B,Enh244,ENSG00000175348,False,0.021052951511961734,0.01699868914490445
Enh245_CWC15,Enh245,ENSG00000150316,False,0.017821582813579727,0.019110919040186167
Enh246_CWC15,Enh246,ENSG00000150316,False,0.0033260175893993875,0.004764830520436309
Enh247_IPO7,Enh247,ENSG00000205339,False,0.04544441667574992,0.04556772621016375
Enh247_SWAP70,Enh247,ENSG00000133789,False,0.11535723430063773,0.0762976130814891
Enh247_WEE1,Enh247,ENSG00000166483,True,0.7924062620463326,0.37072328042395075
Enh248_IPO7,Enh248,ENSG00000205339,False,0.04594715647647022,0.038025541270405624
Enh248_WEE1,Enh248,ENSG00000166483,True,0.3069225422416561,0.8871055434027969
Enh249_IPO7,Enh249,ENSG00000205339,False,0.03550133659276482,0.03659451648579035
Enh249_SWAP70,Enh249,ENSG00000133789,False,0.2141027241427383,0.24599594926696344
Enh249_WEE1,Enh249,ENSG00000166483,True,0.251214813062589,0.21775827029405834
Enh250_IPO7,Enh250,ENSG00000205339,False,0.04045413208768043,0.03403063187961
Enh250_SWAP70,Enh250,ENSG00000133789,False,0.22578120084863343,0.11955772101782416
Enh251_CKAP4,Enh251,ENSG00000136026,False,0.00924236789534415,0.009867226945018454
Enh252_CKAP4,Enh252,ENSG00000136026,False,0.01530358289559998,0.01652044316263059
Enh252_NUAK1,Enh252,ENSG00000074590,True,0.08616800283562998,0.33396426661046263
Enh253_ARPC3,Enh253,ENSG00000111229,False,0.010967388467398984,0.014232901133863253
Enh253_GLTP,Enh253,ENSG00000139433,False,0.025542302511909292,0.023684272683730728
Enh253_VPS29,Enh253,ENSG00000111237,False,0.012247286728490929,0.014958832560190845
Enh254_ANAPC7,Enh254,ENSG00000196510,False,0.054774200788095265,0.03536336258684468
Enh254_ANKRD13A,Enh254,ENSG00000076513,False,0.030226115352541473,0.022172154508029614
Enh254_ARPC3,Enh254,ENSG00000111229,False,0.014270588199329016,0.011076533962909337
Enh254_ATP2A2,Enh254,ENSG00000174437,False,0.16571610945552406,0.05156633501908437
Enh254_GIT2,Enh254,ENSG00000139436,False,0.030752995017578423,0.024301866934400968
Enh254_GLTP,Enh254,ENSG00000139433,False,0.016680161883333846,0.013806323338478197
Enh254_GPN3,Enh254,ENSG00000111231,False,0.03052789407454692,0.02273527646078124
Enh254_VPS29,Enh254,ENSG00000111237,False,0.017854780162943343,0.014288345500984763
Enh255_ARPC3,Enh255,ENSG00000111229,False,0.017622412617613995,0.0203147567964218
Enh255_GLTP,Enh255,ENSG00000139433,False,0.013613188983813725,0.015301585045036705
Enh255_VPS29,Enh255,ENSG00000111237,False,0.017656100618718588,0.020219327752937388
Enh256_ATXN2,Enh256,ENSG00000204842,False,0.17954142646076088,0.17494598658619706
Enh256_ERP29,Enh256,ENSG00000089248,False,0.01181930514848728,0.012115364393621946
Enh257_ERP29,Enh257,ENSG00000089248,False,0.051385649174268695,0.0480736685960912
Enh257_PTPN11,Enh257,ENSG00000179295,False,0.02379873943077256,0.027138628710726913
Enh257_RPL6,Enh257,ENSG00000089009,False,0.008869351227316562,0.012343024133589597
Enh257_TRAFD1,Enh257,ENSG00000135148,True,0.5356767383014758,0.440657345621463
Enh258_ERP29,Enh258,ENSG00000089248,False,0.04387229453183247,0.044811019069185797
Enh258_PTPN11,Enh258,ENSG00000179295,False,0.01983517646918041,0.02434716464332629
Enh258_RPL6,Enh258,ENSG00000089009,False,0.008393260629100554,0.011098072813874234
Enh258_TRAFD1,Enh258,ENSG00000135148,True,0.5325431905132048,0.4362772391010765
Enh259_COX6A1,Enh259,ENSG00000111775,False,0.04878859428201949,0.031883543914540374
Enh259_DYNLL1,Enh259,ENSG00000088986,False,0.02838386490892268,0.020064233059092655
Enh259_MLEC,Enh259,ENSG00000110917,False,0.017930389159067084,0.014543788198069302
Enh259_POP5,Enh259,ENSG00000167272,False,0.034212061810318405,0.02407535165964076
Enh259_PXN,Enh259,ENSG00000089159,False,0.15710032503603855,0.09566235822888937
Enh259_RNF10,Enh259,ENSG00000022840,False,0.039268640507577036,0.028409885380762608
Enh259_RPLP0,Enh259,ENSG00000089157,False,0.03223222652604711,0.02457502292930547
Enh259_SRSF9,Enh259,ENSG00000111786,False,0.0513775141696921,0.033804461237344464
Enh259_TRIAP1,Enh259,ENSG00000170855,False,0.0754814445040755,0.04787472336634537
Enh25_ARPC5,Enh25,ENSG00000162704,False,0.11071449284235842,0.08898892994636139
Enh260_COX6A1,Enh260,ENSG00000111775,False,0.0050206462717222716,0.008722626549133104
Enh260_DYNLL1,Enh260,ENSG00000088986,False,0.004842212747269457,0.008465079163263263
Enh260_MLEC,Enh260,ENSG00000110917,False,0.01077129295262114,0.014421834542545447
Enh260_POP5,Enh260,ENSG00000167272,False,0.242475777741068,0.1628309853327373
Enh260_PXN,Enh260,ENSG00000089159,False,0.005452771304050559,0.009415057890375727
Enh260_RNF10,Enh260,ENSG00000022840,False,0.02387741548844738,0.034114433507322316
Enh260_RPLP0,Enh260,ENSG00000089157,False,0.0016542058263966971,0.0037094173509137516
Enh260_SRSF9,Enh260,ENSG00000111786,False,0.009958459058396216,0.014960678212388763
Enh261_COX6A1,Enh261,ENSG00000111775,False,0.004919245086353458,0.006852202650233078
Enh261_DYNLL1,Enh261,ENSG00000088986,False,0.004742705171134238,0.006940231043787981
Enh261_MLEC,Enh261,ENSG00000110917,False,0.010587908315338389,0.012440781525620451
Enh261_POP5,Enh261,ENSG00000167272,False,0.2284140751820892,0.17735114411098848
Enh261_PXN,Enh261,ENSG00000089159,False,0.005346412589843644,0.007677215240547468
Enh261_RNF10,Enh261,ENSG00000022840,False,0.023348944764814587,0.02640624567701548
Enh261_RPLP0,Enh261,ENSG00000089157,False,0.0016219813244461284,0.002773436832367655
Enh261_SRSF9,Enh261,ENSG00000111786,False,0.00975485730593833,0.011312893193126124
Enh262_ANAPC5,Enh262,ENSG00000089053,False,0.004289137758119923,0.008264719346371992
Enh262_MLEC,Enh262,ENSG00000110917,False,0.002152650608789527,0.004726911684454144
Enh263_ARL6IP4,Enh263,ENSG00000182196,False,0.09936080286527381,0.08905972872302594
Enh263_CDK2AP1,Enh263,ENSG00000111328,False,0.024044853161795422,0.030322143941069597
Enh263_DENR,Enh263,ENSG00000139726,False,0.0680871830087794,0.06835501372929387
Enh263_RSRC2,Enh263,ENSG00000111011,False,0.01955974502377625,0.024113290148669413
Enh264_NCOR2,Enh264,ENSG00000196498,False,0.08015231813009897,0.08418355036484862
Enh264_UBC,Enh264,ENSG00000150991,False,0.00793344442113722,0.01163477861300288
Enh265_NCOR2,Enh265,ENSG00000196498,False,0.07890313957465796,0.08232662013887135
Enh265_UBC,Enh265,ENSG00000150991,False,0.007979414977031554,0.011476279851342183
Enh266_DHX37,Enh266,ENSG00000150990,False,0.022800742145883908,0.017680586162422445
Enh266_NCOR2,Enh266,ENSG00000196498,False,0.07674425505396092,0.06587682140100172
Enh266_UBC,Enh266,ENSG00000150991,False,0.007666473610009502,0.006172981746131077
Enh267_NCOR2,Enh267,ENSG00000196498,False,0.04620528240257094,0.03853474816014185
Enh267_UBC,Enh267,ENSG00000150991,False,0.005919456745267497,0.007063787243404822
Enh268_NCOR2,Enh268,ENSG00000196498,False,0.04357938921650267,0.03495407803945064
Enh268_UBC,Enh268,ENSG00000150991,False,0.007106187217484816,0.007739007996012399
Enh269_UBC,Enh269,ENSG00000150991,False,0.009866864626073384,0.012549454713259836
Enh270_UBC,Enh270,ENSG00000150991,False,0.012619215080860884,0.014155448459746547
Enh271_AACS,Enh271,ENSG00000081760,False,0.023741925367105073,0.017537644381541772
Enh271_DHX37,Enh271,ENSG00000150990,False,0.022240221955868007,0.016924307892852444
Enh271_NCOR2,Enh271,ENSG00000196498,False,0.04572632459035139,0.02860928021778689
Enh271_UBC,Enh271,ENSG00000150991,False,0.008088897343912072,0.005499225727358805
Enh272_NCOR2,Enh272,ENSG00000196498,False,0.044883026416920845,0.04295738856232451
Enh272_UBC,Enh272,ENSG00000150991,False,0.008196053273144425,0.008751840442893762
Enh273_NCOR2,Enh273,ENSG00000196498,False,0.05822390337576583,0.039964307522536685
Enh273_UBC,Enh273,ENSG00000150991,False,0.013478163776288406,0.011155479023412917
Enh274_DHX37,Enh274,ENSG00000150990,False,0.03376049681738345,0.020190748332753257
Enh274_NCOR2,Enh274,ENSG00000196498,False,0.046132920766442854,0.024557294460956898
Enh274_UBC,Enh274,ENSG00000150991,False,0.010886795143175402,0.00627823402378543
Enh275_DHX37,Enh275,ENSG00000150990,False,0.02659302240959784,0.024526030130901485
Enh275_NCOR2,Enh275,ENSG00000196498,False,0.03706815022419607,0.03483148289983388
Enh275_UBC,Enh275,ENSG00000150991,False,0.012156203980665643,0.010625971337208127
Enh276_NCOR2,Enh276,ENSG00000196498,False,0.028301996636027983,0.024914159948552367
Enh276_UBC,Enh276,ENSG00000150991,False,0.00980942595763723,0.009211685951964088
Enh277_NCOR2,Enh277,ENSG00000196498,False,0.005863400188078154,0.009746677293236507
Enh277_UBC,Enh277,ENSG00000150991,False,0.003944999658842296,0.0056147452342026755
Enh278_UBC,Enh278,ENSG00000150991,False,0.008724517483457222,0.012470234581596625
Enh27_LMOD1,Enh27,ENSG00000163431,True,0.008445518642868667,0.008722179739098014
Enh27_NAV1,Enh27,ENSG00000134369,False,0.0022083005439960126,0.0029974535939323375
Enh27_TIMM17A,Enh27,ENSG00000134375,False,0.007583891733339717,0.008083903616301047
Enh281_PFKM,Enh281,ENSG00000152556,False,0.001913283307558998,0.003576249661101502
Enh281_RPAP3,Enh281,ENSG00000005175,False,0.07653279768518209,0.06314280219011854
Enh281_TMEM106C,Enh281,ENSG00000134291,False,0.018304960811951248,0.021903679152155877
Enh286_ARGLU1,Enh286,ENSG00000134884,False,0.017293847092497403,0.013393962255111472
Enh286_EFNB2,Enh286,ENSG00000125266,False,0.02036830000791832,0.013220255509605622
Enh287_MPHOSPH8,Enh287,ENSG00000196199,False,0.014867683612255107,0.016024640626476072
Enh288_MRPL57,Enh288,ENSG00000173141,False,0.016967271766201084,0.018025293471503657
Enh288_SAP18,Enh288,ENSG00000150459,False,0.012074366901810083,0.013533200895468247
Enh28_TMEM183A,Enh28,ENSG00000163444,False,0.02988239001502035,0.02698487147857233
Enh290_GTF3A,Enh290,ENSG00000122034,False,0.0032092965381667186,0.0061534918065014954
Enh290_MTIF3,Enh290,ENSG00000122033,False,0.002927912507974324,0.005870239113120865
Enh290_RPL21,Enh290,ENSG00000122026,False,0.0021177400963634458,0.0037412110066556985
Enh291_GTF3A,Enh291,ENSG00000122034,False,0.011758714923102985,0.0071073328309190905
Enh291_MTIF3,Enh291,ENSG00000122033,False,0.009788396502986574,0.006690065502066724
Enh291_RPL21,Enh291,ENSG00000122026,False,0.007141169955660729,0.003993110084719561
Enh291_USP12,Enh291,ENSG00000152484,False,0.05747552793510249,0.03432797538955058
Enh292_GTF3A,Enh292,ENSG00000122034,False,0.02517775590128364,0.02290418155923713
Enh292_MTIF3,Enh292,ENSG00000122033,False,0.019112085399204386,0.023230761090290528
Enh292_POLR1D,Enh292,ENSG00000186184,False,0.010449628741003487,0.012305500145743798
Enh292_RPL21,Enh292,ENSG00000122026,False,0.18256128788887538,0.11389735304612188
Enh293_GTF3A,Enh293,ENSG00000122034,False,0.013142753218634017,0.01223672249377089
Enh293_MTIF3,Enh293,ENSG00000122033,False,0.010737553846142257,0.009371086321130222
Enh293_POLR1D,Enh293,ENSG00000186184,False,0.00576567308947716,0.006361734929596214
Enh293_RPL21,Enh293,ENSG00000122026,False,0.013769424901880205,0.01022666539548632
Enh296_HMGB1,Enh296,ENSG00000189403,False,0.023995957954587442,0.02092563026537035
Enh297_HMGB1,Enh297,ENSG00000189403,False,0.033934160029386956,0.012431706477979433
Enh297_HSPH1,Enh297,ENSG00000120694,False,0.008910588238869525,0.005595607645732723
Enh297_KATNAL1,Enh297,ENSG00000102781,False,0.01694415573929513,0.009561327356307145
Enh298_HMGB1,Enh298,ENSG00000189403,False,0.018343157244960134,0.02240371051719817
Enh299_HMGB1,Enh299,ENSG00000189403,False,0.023478687686918933,0.019990121441956492
Enh299_HSPH1,Enh299,ENSG00000120694,False,0.03033579705973308,0.021576775567531643
Enh29_ADIPOR1,Enh29,ENSG00000159346,False,0.020771406205855644,0.023815600770650668
Enh29_ATP2B4,Enh29,ENSG00000058668,False,0.01737444145999462,0.021161191716687195
Enh29_TMEM183A,Enh29,ENSG00000163444,False,0.023497726089696747,0.02543246906725393
Enh2_CAPZA1,Enh2,ENSG00000116489,False,0.019593840187628338,0.01818518396048583
Enh2_CTTNBP2NL,Enh2,ENSG00000143079,False,0.5705286294624962,0.5299507725255556
Enh2_RHOC,Enh2,ENSG00000155366,True,0.011883879036683816,0.011299144822621789
Enh300_HMGB1,Enh300,ENSG00000189403,False,0.01481214496650685,0.009646090519094664
Enh300_HSPH1,Enh300,ENSG00000120694,False,0.022395216495293892,0.014382498663072799
Enh301_HMGB1,Enh301,ENSG00000189403,False,0.014077783295078769,0.01649112646634944
Enh301_HSPH1,Enh301,ENSG00000120694,False,0.021059411811881278,0.021790689960933893
Enh302_HMGB1,Enh302,ENSG00000189403,False,0.0069692439458004735,0.007864753562009628
Enh303_WBP4,Enh303,ENSG00000120688,False,0.009272522476251956,0.010342203100829983
Enh304_TSC22D1,Enh304,ENSG00000102804,True,0.034370985257544534,0.031474268534306585
Enh306_TSC22D1,Enh306,ENSG00000102804,False,0.020535466789202664,0.012244568796428126
Enh307_GPALPP1,Enh307,ENSG00000133114,False,0.08271672779955466,0.07920240885270419
Enh307_GTF2F2,Enh307,ENSG00000188342,False,0.02400630257190224,0.0280900974662481
Enh307_TPT1,Enh307,ENSG00000133112,False,0.004773724348108678,0.008195584983576273
Enh307_TSC22D1,Enh307,ENSG00000102804,False,0.019708954370044104,0.02515277260571497
Enh308_GPALPP1,Enh308,ENSG00000133114,False,0.16246581399464896,0.05256918480183861
Enh308_GTF2F2,Enh308,ENSG00000188342,False,0.04727417804851725,0.026825731177184287
Enh308_NUFIP1,Enh308,ENSG00000083635,False,0.17481492635739718,0.03568881076618673
Enh308_TPT1,Enh308,ENSG00000133112,False,0.009479525912124585,0.006917921003616026
Enh308_TPT1-AS1,Enh308,ENSG00000170919,False,0.02843597954381138,0.017415718664374833
Enh308_TSC22D1,Enh308,ENSG00000102804,True,0.034489135480185486,0.01962347080005486
Enh309_SPRY2,Enh309,ENSG00000136158,True,0.026573223353203633,0.16625669327578937
Enh30_ATP2B4,Enh30,ENSG00000058668,True,0.017289072446312385,0.021077357479234556
Enh30_SNRPE,Enh30,ENSG00000182004,False,0.009640571547852288,0.014981438189080013
Enh30_TMEM183A,Enh30,ENSG00000163444,False,0.015385270903364761,0.021583378076749732
Enh316_EML1,Enh316,ENSG00000066629,False,0.017787438492706545,0.015982779323539024
Enh316_YY1,Enh316,ENSG00000100811,False,0.15056324482994293,0.08830623641615036
Enh317_MEG3,Enh317,ENSG00000214548,False,0.004818575908746456,0.005308265834188976
Enh317_YY1,Enh317,ENSG00000100811,False,0.0032760740290338395,0.003928007494033632
Enh318_DYNC1H1,Enh318,ENSG00000197102,False,0.015726260287728833,0.021402313689392747
Enh318_HSP90AA1,Enh318,ENSG00000080824,False,0.016106997059087007,0.020463084516170852
Enh319_CINP,Enh319,ENSG00000100865,False,0.00839304928732724,0.006854030449680351
Enh319_HSP90AA1,Enh319,ENSG00000080824,False,0.0016640376689110049,0.002014245584401019
Enh31_ATP2B4,Enh31,ENSG00000058668,True,0.053939570493236576,0.0868014423974299
Enh31_SNRPE,Enh31,ENSG00000182004,False,0.015372156083068255,0.014305162222792094
Enh320_CINP,Enh320,ENSG00000100865,False,0.061595541809019376,0.04228705843445395
Enh320_HSP90AA1,Enh320,ENSG00000080824,False,0.006258838218892442,0.005448366391516236
Enh321_AHNAK2,Enh321,ENSG00000185567,False,0.05885789055586301,0.03685296499684319
Enh321_CRIP2,Enh321,ENSG00000182809,False,0.01501926163559477,0.013734343137191728
Enh321_INF2,Enh321,ENSG00000203485,False,0.017612128395581517,0.015872376901553808
Enh321_NUDT14,Enh321,ENSG00000183828,False,0.007180424413815692,0.007931488152125913
Enh321_SIVA1,Enh321,ENSG00000184990,False,0.01505941808304586,0.01382699041673629
Enh322_AHNAK2,Enh322,ENSG00000185567,True,0.04400679358915714,0.0347888622723275
Enh322_BTBD6,Enh322,ENSG00000184887,True,0.05264513519622276,0.04664416754071579
Enh322_SIVA1,Enh322,ENSG00000184990,False,0.012632824199971587,0.012880343457521017
Enh323_AHNAK2,Enh323,ENSG00000185567,False,0.004403269013582922,0.00647845144913083
Enh323_CRIP2,Enh323,ENSG00000182809,False,0.004767422646818181,0.006725143405991003
Enh323_SIVA1,Enh323,ENSG00000184990,False,0.002974846899383379,0.004956396343595074
Enh324_ACIN1,Enh324,ENSG00000100813,False,0.00661066024469837,0.008342368497783848
Enh324_C14orf119,Enh324,ENSG00000179933,False,0.006916592190595983,0.008833624363737804
Enh324_PABPN1,Enh324,ENSG00000100836,False,0.004430241126313236,0.00614275224686634
Enh325_ARHGAP5,Enh325,ENSG00000100852,False,0.031467363771872925,0.02869342550176828
Enh327_FAM177A1,Enh327,ENSG00000151327,False,0.012705210137718567,0.010827327056904012
Enh327_PPP2R3C,Enh327,ENSG00000092020,False,0.025304888722348148,0.0203364588431006
Enh327_PSMA6,Enh327,ENSG00000100902,False,0.09009863772466525,0.062275007292491934
Enh327_SRP54,Enh327,ENSG00000100883,False,0.013527196454783858,0.012512617134030938
Enh328_FAM177A1,Enh328,ENSG00000151327,False,0.01219109320812741,0.011979620542058478
Enh328_PPP2R3C,Enh328,ENSG00000092020,False,0.030310386793536467,0.028890198998667845
Enh328_PSMA6,Enh328,ENSG00000100902,False,0.0915350135819992,0.07023348434409114
Enh328_SRP54,Enh328,ENSG00000100883,False,0.015615805648037395,0.016612320169822028
Enh329_FAM177A1,Enh329,ENSG00000151327,False,0.015249662701602952,0.01727031620337492
Enh329_PPP2R3C,Enh329,ENSG00000092020,False,0.035380162497176765,0.037724902269868646
Enh329_PSMA6,Enh329,ENSG00000100902,False,0.08052331505403548,0.08119702910796267
Enh329_SRP54,Enh329,ENSG00000100883,False,0.0192962426156874,0.022504673030501472
Enh32_ATP2B4,Enh32,ENSG00000058668,True,0.06151894556864797,0.045269270068635716
Enh32_SNRPE,Enh32,ENSG00000182004,False,0.016463032168681682,0.015863732843642293
Enh330_FAM177A1,Enh330,ENSG00000151327,False,0.019428683693570547,0.019183115485901653
Enh330_PPP2R3C,Enh330,ENSG00000092020,False,0.03830627139291765,0.03413531356339895
Enh330_PSMA6,Enh330,ENSG00000100902,False,0.105786727614513,0.07232114900870963
Enh330_SRP54,Enh330,ENSG00000100883,False,0.020659587555143386,0.020884463842677295
Enh331_PSMC6,Enh331,ENSG00000100519,False,0.020760708025731798,0.025251589811875644
Enh332_KTN1,Enh332,ENSG00000126777,False,0.013745215214846925,0.014949532528907758
Enh332_LGALS3,Enh332,ENSG00000131981,True,0.2769660015423127,0.5405941999967783
Enh332_MAPK1IP1L,Enh332,ENSG00000168175,False,0.22320924998476638,0.20115424741399585
Enh332_SOCS4,Enh332,ENSG00000180008,False,0.15598584861985665,0.1313335845571624
Enh333_KTN1,Enh333,ENSG00000126777,False,0.009092281489631024,0.010481485404221388
Enh333_LGALS3,Enh333,ENSG00000131981,True,0.2211511126978576,0.33020551954908983
Enh333_MAPK1IP1L,Enh333,ENSG00000168175,False,0.1443070788262715,0.10740374375432972
Enh333_SOCS4,Enh333,ENSG00000180008,False,0.09671079039639074,0.06445930161305498
Enh334_KTN1,Enh334,ENSG00000126777,False,0.009701969006933318,0.007572584450394765
Enh334_LGALS3,Enh334,ENSG00000131981,True,0.3157400302126487,0.9835079954719271
Enh334_MAPK1IP1L,Enh334,ENSG00000168175,False,0.1729269824043313,0.16530899303312352
Enh334_SOCS4,Enh334,ENSG00000180008,False,0.12197372850085299,0.08235382406594989
Enh335_CHURC1,Enh335,ENSG00000258289,False,0.01112972181825717,0.01112772403864932
Enh336_CHURC1,Enh336,ENSG00000258289,False,0.020274298742338756,0.01913525776327328
Enh337_CHURC1,Enh337,ENSG00000258289,False,0.00674834898109506,0.007018112814112998
Enh337_MAX,Enh337,ENSG00000125952,False,0.020470521671451393,0.018569932273749017
Enh338_RBM25,Enh338,ENSG00000119707,False,0.013048877598918217,0.009762469382798046
Enh339_RBM25,Enh339,ENSG00000119707,False,0.007873673867188779,0.010459292956852936
Enh33_ATP2B4,Enh33,ENSG00000058668,True,0.1029313594144936,0.12744286303512967
Enh33_SNRPE,Enh33,ENSG00000182004,False,0.021769677566239116,0.018122202626856165
Enh340_ZC3H14,Enh340,ENSG00000100722,False,0.01642135020497888,0.013765266553020242
Enh342_CALM1,Enh342,ENSG00000198668,False,0.005932291425257762,0.0039189481170286925
Enh342_PSMC1,Enh342,ENSG00000100764,False,0.003339566749430368,0.003927096323250967
Enh343_DICER1,Enh343,ENSG00000100697,False,0.03264365380018702,0.028908083944979436
Enh343_GLRX5,Enh343,ENSG00000182512,True,0.1274558391373536,0.1168319966082108
Enh344_GLRX5,Enh344,ENSG00000182512,False,0.03553852160566993,0.02604080364033307
Enh346_SYNE3,Enh346,ENSG00000176438,True,0.06798039319321131,0.0037831363002289262
Enh347_PAPOLA,Enh347,ENSG00000090060,False,0.022015786792160614,0.025425407004186343
Enh348_PAPOLA,Enh348,ENSG00000090060,False,0.019681431389806107,0.020949439802866444
Enh349_SELENOS,Enh349,ENSG00000131871,False,0.005744280472559663,0.007046053224947428
Enh34_CAMK2N1,Enh34,ENSG00000162545,True,0.665160768164544,0.4634340821097103
Enh34_DDOST,Enh34,ENSG00000244038,False,0.05005465688228047,0.04351979605120818
Enh34_HP1BP3,Enh34,ENSG00000127483,False,0.017483501504417485,0.018543984381605736
Enh34_PINK1,Enh34,ENSG00000158828,False,0.07369119623669988,0.061659821892676235
Enh350_SELENOS,Enh350,ENSG00000131871,False,0.03721562375921852,0.03462824242403669
Enh351_ALDH1A3,Enh351,ENSG00000184254,True,0.033220062175121516,0.03079923413007016
Enh351_SELENOS,Enh351,ENSG00000131871,False,0.04705116774818524,0.04572174125289013
Enh352_SELENOS,Enh352,ENSG00000131871,False,0.07064252092150179,0.05394174484825412
Enh352_SNRPA1,Enh352,ENSG00000131876,False,0.07482712628601935,0.055250398964855583
Enh353_ALDH1A3,Enh353,ENSG00000184254,False,0.024188568568693555,0.017737161260569168
Enh353_CHSY1,Enh353,ENSG00000131873,True,0.10807714869063868,0.11771940828304747
Enh353_SELENOS,Enh353,ENSG00000131871,False,0.04313527557615645,0.031435964828893555
Enh353_SNRPA1,Enh353,ENSG00000131876,False,0.05096662448352708,0.040427245407954795
Enh354_ALDH1A3,Enh354,ENSG00000184254,True,0.036946623443654146,0.04966897554556346
Enh354_SELENOS,Enh354,ENSG00000131871,False,0.061282223318133884,0.08004362619118632
Enh355_UBE3A,Enh355,ENSG00000114062,False,0.022812061842815912,0.023644820154196885
Enh359_CHAC1,Enh359,ENSG00000128965,True,0.516246970652171,0.9193224031961648
Enh359_CHP1,Enh359,ENSG00000187446,False,0.020748966174124625,0.019229946612728404
Enh359_OIP5-AS1,Enh359,ENSG00000247556,False,0.013876119089767457,0.013079516344816394
Enh359_RMDN3,Enh359,ENSG00000137824,False,0.029015464046691423,0.02327725345606609
Enh359_RTF1,Enh359,ENSG00000137815,False,0.007498869842463954,0.0075384397269371295
Enh35_CAMK2N1,Enh35,ENSG00000162545,True,0.6356502248888695,0.9332381491774853
Enh35_DDOST,Enh35,ENSG00000244038,False,0.04197956521634342,0.04773275246445845
Enh35_HP1BP3,Enh35,ENSG00000127483,False,0.012526614666462606,0.017344536919207273
Enh35_PINK1,Enh35,ENSG00000158828,False,0.0640943639830885,0.06838017420794715
Enh360_COPS2,Enh360,ENSG00000166200,False,0.0354892575218154,0.024934779309819743
Enh360_EID1,Enh360,ENSG00000255302,False,0.056404741139486576,0.039907689658534085
Enh360_SECISBP2L,Enh360,ENSG00000138593,False,0.12344805160417993,0.04253988042490591
Enh361_OAZ2,Enh361,ENSG00000180304,False,0.06079887796820665,0.0497004210018271
Enh361_PCLAF,Enh361,ENSG00000166803,True,0.01775195587264998,0.020516331060749137
Enh361_PDCD7,Enh361,ENSG00000090470,False,0.024337474425419434,0.02466364561724068
Enh361_SPG21,Enh361,ENSG00000090487,False,0.048767445647287896,0.043372935804807694
Enh362_AAGAB,Enh362,ENSG00000103591,False,0.02440529331480571,0.022457249355322836
Enh362_RPL4,Enh362,ENSG00000174444,False,0.011408814198025584,0.009185350397600666
Enh362_SMAD3,Enh362,ENSG00000166949,False,0.026947588059152733,0.02206299450692352
Enh362_SMAD6,Enh362,ENSG00000137834,True,0.0982923243736865,0.06020574525069836
Enh362_SNAPC5,Enh362,ENSG00000174446,False,0.027986520685060842,0.02222175610198995
Enh363_AAGAB,Enh363,ENSG00000103591,False,0.03644397254488214,0.029086349577483246
Enh363_RPL4,Enh363,ENSG00000174444,False,0.013985419813566023,0.011152494604579821
Enh363_SMAD3,Enh363,ENSG00000166949,False,0.046263242516365204,0.03126109221616485
Enh363_SNAPC5,Enh363,ENSG00000174446,False,0.030772281415729935,0.023206508905974733
Enh364_RPL4,Enh364,ENSG00000174444,False,0.002115402966986941,0.0033131122687596348
Enh365_RPL4,Enh365,ENSG00000174444,False,0.001957275935696668,0.0026580240399287215
Enh365_SMAD3,Enh365,ENSG00000166949,False,0.007549171114122855,0.00807699460939161
Enh365_SNAPC5,Enh365,ENSG00000174446,False,0.0035567255214378384,0.004315340758581062
Enh369_ANP32A,Enh369,ENSG00000140350,False,0.004560160088887897,0.005859093474185114
Enh36_SERTAD4-AS1,Enh36,ENSG00000203706,False,0.016343071553014222,0.012981758500457068
Enh36_UTP25,Enh36,ENSG00000117597,False,0.11525493885178044,0.06442469592413202
Enh370_ANP32A,Enh370,ENSG00000140350,False,0.029841494153107294,0.020687524351793187
Enh371_ANP32A,Enh371,ENSG00000140350,False,0.07288330371691357,0.06545793553029622
Enh372_LARP6,Enh372,ENSG00000166173,False,0.03096807897525064,0.03121291651293851
Enh373_LARP6,Enh373,ENSG00000166173,False,0.024268653567850445,0.02821007669265297
Enh374_CD276,Enh374,ENSG00000103855,False,0.07609212333614539,0.04479256020411562
Enh374_LOXL1,Enh374,ENSG00000129038,False,0.06877493187986121,0.0365095089975378
Enh374_NPTN,Enh374,ENSG00000156642,False,0.043406991520182736,0.027097765063533997
Enh374_PML,Enh374,ENSG00000140464,False,0.04554236355095561,0.02614602202328526
Enh375_CLK3,Enh375,ENSG00000179335,False,0.00686761134517524,0.007717083144452871
Enh375_COX5A,Enh375,ENSG00000178741,False,0.004002958157512223,0.0048197877724597835
Enh375_CSK,Enh375,ENSG00000103653,False,0.08500076038406475,0.05294684990978379
Enh375_FAM219B,Enh375,ENSG00000178761,False,0.007907355501353023,0.008769068840145736
Enh375_SCAMP2,Enh375,ENSG00000140497,False,0.009934691744899223,0.011372986679073674
Enh376_COMMD4,Enh376,ENSG00000140365,False,0.038372158203896174,0.03327473885373945
Enh376_FBXO22,Enh376,ENSG00000167196,False,0.04354370403357069,0.03282851362884398
Enh376_IMP3,Enh376,ENSG00000177971,False,0.38325816678709757,0.39870543449559154
Enh376_SNUPN,Enh376,ENSG00000169371,False,0.26488662194971674,0.195297922264809
Enh376_UBE2Q2,Enh376,ENSG00000140367,False,0.06182894885474819,0.046581688263532504
Enh377_PEAK1,Enh377,ENSG00000173517,False,0.1298505646852474,0.30062041035935816
Enh377_TSPAN3,Enh377,ENSG00000140391,False,0.020741615509404975,0.02048562242688663
Enh378_TSPAN3,Enh378,ENSG00000140391,False,0.029525439408089594,0.030363501309292242
Enh37_SYT14,Enh37,ENSG00000143469,True,0.3608860694531829,0.5061355677344612
Enh37_UTP25,Enh37,ENSG00000117597,False,0.125703418966256,0.0757638772475266
Enh380_TSPAN3,Enh380,ENSG00000140391,False,0.001879075409470549,0.0034076741685193836
Enh381_TSPAN3,Enh381,ENSG00000140391,False,0.002818657827505322,0.004351971849338882
Enh382_TSPAN3,Enh382,ENSG00000140391,False,0.016656659973410957,0.020520146790714764
Enh383_SEC11A,Enh383,ENSG00000140612,False,0.01817283610425441,0.020667437951993124
Enh384_MFGE8,Enh384,ENSG00000140545,False,0.006446829549829784,0.007226230796195512
Enh385_MFGE8,Enh385,ENSG00000140545,False,0.0008321688096191847,0.0016873570820323102
Enh386_CHD2,Enh386,ENSG00000173575,False,0.02215297193170937,0.02928648499409838
Enh387_MEF2A,Enh387,ENSG00000068305,False,0.05277471366159252,0.041418268036104926
Enh389_MEF2A,Enh389,ENSG00000068305,True,0.038566024765837245,0.011177017102357472
Enh389_SYNM,Enh389,ENSG00000182253,True,0.011734577407075463,0.007001017652996911
Enh38_UTP25,Enh38,ENSG00000117597,False,0.16021286517545355,0.11368651671720585
Enh390_MEF2A,Enh390,ENSG00000068305,True,0.010864539504770659,0.013629457892574626
Enh391_MEF2A,Enh391,ENSG00000068305,True,0.17409492547336128,0.338790037346219
Enh393_TUFM,Enh393,ENSG00000178952,False,0.08678734970965363,0.06312051915421023
Enh394_BCL7C,Enh394,ENSG00000099385,False,0.02476004458888414,0.0212441483818045
Enh394_CD2BP2,Enh394,ENSG00000169217,False,0.026484596529272156,0.022507893045363006
Enh394_RNF40,Enh394,ENSG00000103549,False,0.057539408041173634,0.04396851804895967
Enh394_SEPHS2,Enh394,ENSG00000179918,False,0.05427007264049471,0.0437188054070357
Enh394_STX4,Enh394,ENSG00000103496,False,0.01538705258461641,0.014699998032061803
Enh394_VKORC1,Enh394,ENSG00000167397,False,0.008811217542489301,0.009375831993715267
Enh395_ELOB,Enh395,ENSG00000103363,False,0.007188672250065872,0.00881938221898393
Enh395_SRRM2,Enh395,ENSG00000167978,False,0.00816823717980322,0.010893773445347518
Enh395_TNFRSF12A,Enh395,ENSG00000006327,False,0.023905227741347977,0.023610753527958894
Enh396_ELOB,Enh396,ENSG00000103363,False,0.009591960158364296,0.010588703210000237
Enh396_HCFC1R1,Enh396,ENSG00000103145,False,0.04420451424411641,0.037284074020704945
Enh396_SRRM2,Enh396,ENSG00000167978,False,0.009184770453955226,0.010522843702803559
Enh396_TNFRSF12A,Enh396,ENSG00000006327,False,0.029878348035494936,0.026026200664773756
Enh397_DNAJA2,Enh397,ENSG00000069345,False,0.03444219737053356,0.028548063785476852
Enh397_VPS35,Enh397,ENSG00000069329,False,0.021292160451954086,0.019997500046862383
Enh398_DNAJA2,Enh398,ENSG00000069345,False,0.03800671887595549,0.03582563101276024
Enh398_VPS35,Enh398,ENSG00000069329,False,0.021889039474147363,0.02399165867381257
Enh3_RHOC,Enh3,ENSG00000155366,False,0.0023402740359886333,0.003627812088177441
Enh400_OGFOD1,Enh400,ENSG00000087263,False,0.049040352065994906,0.053992700521603786
Enh401_OGFOD1,Enh401,ENSG00000087263,False,0.05145948880329022,0.049158798193130446
Enh402_HERPUD1,Enh402,ENSG00000051108,False,0.012363765779089979,0.015319966427385362
Enh402_OGFOD1,Enh402,ENSG00000087263,False,0.026462105497362293,0.026782939310515924
Enh403_ARL2BP,Enh403,ENSG00000102931,False,0.023058033428893013,0.023394763128475642
Enh404_ARL2BP,Enh404,ENSG00000102931,False,0.24460427861309134,0.20765168563835573
Enh405_ARL2BP,Enh405,ENSG00000102931,False,0.21599395336278215,0.10657433426369971
Enh406_ARL2BP,Enh406,ENSG00000102931,True,0.19532718436236085,0.13547599513826677
Enh406_CIAPIN1,Enh406,ENSG00000005194,False,0.11841378137808692,0.056790101752575
Enh406_FAM192A,Enh406,ENSG00000172775,False,0.0968752754396909,0.05872870855599136
Enh406_HERPUD1,Enh406,ENSG00000051108,False,0.03135962729049283,0.02479703820403013
Enh406_POLR2C,Enh406,ENSG00000102978,False,0.11016382289078994,0.07094414862628953
Enh406_RSPRY1,Enh406,ENSG00000159579,False,0.10472328074045688,0.05881275906349853
Enh407_ARL2BP,Enh407,ENSG00000102931,False,0.11887309278953938,0.08577534124330234
Enh407_CIAPIN1,Enh407,ENSG00000005194,False,0.06839507624903489,0.0603445881924325
Enh407_COQ9,Enh407,ENSG00000088682,False,0.07191489684505344,0.06500944660309842
Enh407_FAM192A,Enh407,ENSG00000172775,False,0.05607884769330149,0.050385917102565604
Enh407_HERPUD1,Enh407,ENSG00000051108,False,0.017385880069696557,0.020701813072186225
Enh407_POLR2C,Enh407,ENSG00000102978,False,0.06280491633773373,0.05695551457208774
Enh407_RSPRY1,Enh407,ENSG00000159579,False,0.05973071357373569,0.05360486725665763
Enh408_CKLF,Enh408,ENSG00000217555,False,0.021713271941871178,0.02371111459962641
Enh408_TK2,Enh408,ENSG00000166548,False,0.021571011087717536,0.021576180623276587
Enh409_ATP6V0D1,Enh409,ENSG00000159720,False,0.011581552220664225,0.012953442025216847
Enh409_CES2,Enh409,ENSG00000172831,False,0.10632407575660814,0.08479855235463025
Enh409_CIAO2B,Enh409,ENSG00000166595,False,0.0730538064760721,0.057853037744429923
Enh409_DYNC1LI2,Enh409,ENSG00000135720,False,0.02043583211423057,0.020546052514489672
Enh409_TK2,Enh409,ENSG00000166548,False,0.013856619322448362,0.016502740146872506
Enh409_TMEM208,Enh409,ENSG00000168701,False,0.03238600575278428,0.029294395870231808
Enh40_SERTAD4-AS1,Enh40,ENSG00000203706,False,0.26804670542536424,0.03469466413573951
Enh40_SYT14,Enh40,ENSG00000143469,False,0.016955853436430673,0.012208399870101527
Enh40_UTP25,Enh40,ENSG00000117597,False,0.012314350048708641,0.010067983363883478
Enh410_CYB5B,Enh410,ENSG00000103018,False,0.17754940100049665,0.06469587888606088
Enh410_NFAT5,Enh410,ENSG00000102908,False,0.011295114601429337,0.007764918684026503
Enh410_NIP7,Enh410,ENSG00000132603,False,0.025171433078649552,0.015478708831722225
Enh410_NOB1,Enh410,ENSG00000141101,False,0.006524428730042725,0.005729775093191776
Enh410_NQO1,Enh410,ENSG00000181019,False,0.002520231332680502,0.0021025165010816827
Enh410_SNTB2,Enh410,ENSG00000168807,False,0.00906075214701292,0.006629262544345536
Enh410_TERF2,Enh410,ENSG00000132604,False,0.1583767793000956,0.06920976312902857
Enh410_UTP4,Enh410,ENSG00000141076,False,0.008748383169490222,0.007287473946738068
Enh410_VPS4A,Enh410,ENSG00000132612,False,0.014716206521130197,0.009974162313082794
Enh411_NFAT5,Enh411,ENSG00000102908,False,0.11114395515161407,0.08269672955339208
Enh411_SNTB2,Enh411,ENSG00000168807,False,0.022113774589995167,0.02769217812042841
Enh411_TERF2,Enh411,ENSG00000132604,False,0.11760902971830675,0.0954693390625131
Enh411_VPS4A,Enh411,ENSG00000132612,False,0.03683406054406968,0.038876818605923985
Enh412_CYB5B,Enh412,ENSG00000103018,False,0.10576526502883736,0.06029399748714185
Enh412_NFAT5,Enh412,ENSG00000102908,False,0.09131543986021427,0.0647128232023053
Enh412_NIP7,Enh412,ENSG00000132603,False,0.039642223148688795,0.029800288817844585
Enh412_NOB1,Enh412,ENSG00000141101,False,0.02641004195497064,0.020602757064125732
Enh412_NQO1,Enh412,ENSG00000181019,False,0.01063702069779076,0.00795810963873875
Enh412_SNTB2,Enh412,ENSG00000168807,False,0.017715788611001194,0.015736131884451377
Enh412_TERF2,Enh412,ENSG00000132604,False,0.0956497339954376,0.062070405062385585
Enh412_VPS4A,Enh412,ENSG00000132612,False,0.029562192067140867,0.021784198454438
Enh413_AP1G1,Enh413,ENSG00000166747,False,0.00850549971142454,0.010214088305565201
Enh413_IST1,Enh413,ENSG00000182149,False,0.007813717364744496,0.009697419927890145
Enh414_CMIP,Enh414,ENSG00000153815,False,0.004840855830758963,0.002715139954046498
Enh414_MPHOSPH6,Enh414,ENSG00000135698,False,0.014405041273982216,0.0129200462796717
Enh414_PLCG2,Enh414,ENSG00000197943,False,0.08733336058598065,0.03673248565763073
Enh415_CARHSP1,Enh415,ENSG00000153048,False,0.06027666839631069,0.040802744250901156
Enh415_USP7,Enh415,ENSG00000187555,False,0.1195963242135356,0.07723756030937876
Enh416_CARHSP1,Enh416,ENSG00000153048,False,0.00863817774860564,0.009010336960043833
Enh416_USP7,Enh416,ENSG00000187555,False,0.1566941383534765,0.19497474003527784
Enh418_PAFAH1B1,Enh418,ENSG00000007168,False,0.06715858912271701,0.04666333173317022
Enh418_TSR1,Enh418,ENSG00000167721,False,0.006806965215459667,0.008115824876015313
Enh419_FLOT2,Enh419,ENSG00000132589,False,0.005487565290191051,0.006476867643571171
Enh419_NUFIP2,Enh419,ENSG00000108256,False,0.013218285396450834,0.014968389138113613
Enh419_RAB34,Enh419,ENSG00000109113,False,0.0027623293628222,0.003632887789000195
Enh419_RPL23A,Enh419,ENSG00000198242,False,0.001177426013469398,0.001959687373356046
Enh419_TAOK1,Enh419,ENSG00000160551,False,0.0074631193159607045,0.008750880894418299
Enh41_UTP25,Enh41,ENSG00000117597,False,0.014338203030382074,0.019138052602844968
Enh420_NUFIP2,Enh420,ENSG00000108256,False,0.16554305690160956,0.3644074926438096
Enh420_TAOK1,Enh420,ENSG00000160551,False,0.06255425493398528,0.05612007629861887
Enh421_BLMH,Enh421,ENSG00000108578,True,0.18498044839070696,0.14444605524951598
Enh421_GOSR1,Enh421,ENSG00000108587,False,0.06840572681912929,0.04858820825949623
Enh421_NSRP1,Enh421,ENSG00000126653,False,0.02963413615048296,0.022958958522460174
Enh421_SSH2,Enh421,ENSG00000141298,False,0.018670775695348113,0.01567226771338531
Enh422_PAFAH1B1,Enh422,ENSG00000007168,False,0.018712860264692568,0.01825712180980149
Enh423_COPRS,Enh423,ENSG00000172301,False,0.03125711628174865,0.016828057125997012
Enh423_NF1,Enh423,ENSG00000196712,False,0.019692896157684724,0.013294282538831356
Enh423_SUZ12,Enh423,ENSG00000178691,False,0.025178894168305068,0.01584010139952693
Enh423_UTP6,Enh423,ENSG00000108651,False,0.03393779073450273,0.02106765658989288
Enh424_COPRS,Enh424,ENSG00000172301,False,0.05147949288877209,0.038505958423543554
Enh424_SUZ12,Enh424,ENSG00000178691,False,0.03705887384599964,0.03045156434022804
Enh425_COPRS,Enh425,ENSG00000172301,False,0.39119526789538694,0.09379923182082027
Enh427_CCL2,Enh427,ENSG00000108691,True,0.8913629944084164,0.9999968363093824
Enh428_PSMB3,Enh428,ENSG00000277791,False,0.056108863011934546,0.06966535924296785
Enh428_RPL19,Enh428,ENSG00000108298,False,0.011050094950963017,0.018805440640677563
Enh428_RPL23,Enh428,ENSG00000125691,False,0.2580320022075653,0.2136898476398814
Enh429_CDK12,Enh429,ENSG00000167258,False,0.06964999849690043,0.041806697244479774
Enh429_MED1,Enh429,ENSG00000125686,False,0.06945164304147236,0.048663082928406404
Enh429_MIEN1,Enh429,ENSG00000141741,False,0.04287921132723012,0.030259704861592816
Enh429_PSMD3,Enh429,ENSG00000108344,False,0.019931283930857812,0.016103447717249895
Enh429_RPL19,Enh429,ENSG00000108298,False,0.0054001703549205,0.004533389306384637
Enh42_UTP25,Enh42,ENSG00000117597,False,0.022389020899357775,0.017015363799289862
Enh430_CASC3,Enh430,ENSG00000108349,False,0.012863215207622784,0.010814904579829242
Enh430_CDK12,Enh430,ENSG00000167258,False,0.0219029304566115,0.017311766834325712
Enh430_MED1,Enh430,ENSG00000125686,False,0.02281090121734583,0.016866421730517816
Enh430_MIEN1,Enh430,ENSG00000141741,False,0.28089044919191164,0.18198278674023086
Enh430_MSL1,Enh430,ENSG00000188895,False,0.015520540510139519,0.012948817295754941
Enh430_PSMD3,Enh430,ENSG00000108344,False,0.03154584627625455,0.02276370214474761
Enh430_WIPF2,Enh430,ENSG00000171475,False,0.012163881073168997,0.010550132198185513
Enh431_KPNB1,Enh431,ENSG00000108424,False,0.009698685479519081,0.010517493304400691
Enh431_NPEPPS,Enh431,ENSG00000141279,False,0.005416403391528074,0.007432671126504867
Enh432_CBX1,Enh432,ENSG00000108468,False,0.005386850396142998,0.008307492223413272
Enh432_COPZ2,Enh432,ENSG00000005243,False,0.007571934756810434,0.011306286952383029
Enh432_KPNB1,Enh432,ENSG00000108424,False,0.05271880147541348,0.05534168037404935
Enh432_NFE2L1,Enh432,ENSG00000082641,False,0.004124915375355446,0.006684567963951966
Enh432_NPEPPS,Enh432,ENSG00000141279,False,0.004731773021546863,0.007953458493863495
Enh433_CBX1,Enh433,ENSG00000108468,False,0.04189655289343147,0.03259901626592979
Enh433_COPZ2,Enh433,ENSG00000005243,False,0.11501129425944333,0.08944079795687972
Enh433_KPNB1,Enh433,ENSG00000108424,False,0.005872549045133401,0.0067265848195995044
Enh433_NFE2L1,Enh433,ENSG00000082641,False,0.05999562508249366,0.04604836271043874
Enh433_NPEPPS,Enh433,ENSG00000141279,False,0.002325413341791785,0.002949005759356213
Enh434_CBX1,Enh434,ENSG00000108468,False,0.01154473087187013,0.015471152872723761
Enh434_COPZ2,Enh434,ENSG00000005243,False,0.0376238818724184,0.04728234446485685
Enh434_KPNB1,Enh434,ENSG00000108424,False,0.002697264489582497,0.004705115784501254
Enh434_NFE2L1,Enh434,ENSG00000082641,False,0.021810858474702367,0.024837671760164087
Enh434_NPEPPS,Enh434,ENSG00000141279,False,0.0028749963703888445,0.004955205440301929
Enh435_CBX1,Enh435,ENSG00000108468,False,0.007719346486385109,0.010752313677534762
Enh435_COPZ2,Enh435,ENSG00000005243,False,0.03561383703559885,0.05438056931363024
Enh435_KPNB1,Enh435,ENSG00000108424,False,0.0016055106856123112,0.0032308172753725065
Enh435_NFE2L1,Enh435,ENSG00000082641,False,0.017063977891113226,0.020753700415068122
Enh436_CBX1,Enh436,ENSG00000108468,False,0.01414459437840583,0.013512558861991139
Enh436_COPZ2,Enh436,ENSG00000005243,False,0.07068529406837862,0.04103976516300524
Enh436_KPNB1,Enh436,ENSG00000108424,False,0.0025692487888483192,0.0032729922585223157
Enh436_NFE2L1,Enh436,ENSG00000082641,False,0.029591026440278275,0.023627889986689847
Enh437_ATP5MC1,Enh437,ENSG00000159199,False,0.020967407634313828,0.02155699916028766
Enh437_CALCOCO2,Enh437,ENSG00000136436,False,0.030005072786055773,0.029462298115368914
Enh437_IGF2BP1,Enh437,ENSG00000159217,False,0.0677055907894166,0.06276693319965988
Enh437_PHB,Enh437,ENSG00000167085,False,0.050723448924863336,0.04291701951975196
Enh437_SNF8,Enh437,ENSG00000159210,False,0.04214182549532724,0.03614437780495516
Enh437_UBE2Z,Enh437,ENSG00000159202,False,0.033778606604695824,0.03165657519994922
Enh438_ATP5MC1,Enh438,ENSG00000159199,False,0.023601944913755234,0.019417058018630837
Enh438_CALCOCO2,Enh438,ENSG00000136436,False,0.033747491189411775,0.028154195270752573
Enh438_IGF2BP1,Enh438,ENSG00000159217,False,0.07568127825931067,0.05722766045353986
Enh438_PHB,Enh438,ENSG00000167085,False,0.057138592892764836,0.03921199926235714
Enh438_SNF8,Enh438,ENSG00000159210,False,0.04728889809866629,0.034802303892545246
Enh438_UBE2Z,Enh438,ENSG00000159202,False,0.037956318830757556,0.02856315645976608
Enh439_COL1A1,Enh439,ENSG00000108821,False,0.008349023787273225,0.00979052605304361
Enh439_ITGA3,Enh439,ENSG00000005884,True,0.15640501941292603,0.20611551385265442
Enh439_LRRC59,Enh439,ENSG00000108829,False,0.009943686680036886,0.012630354193058668
Enh439_MRPL27,Enh439,ENSG00000108826,False,0.011764989774844704,0.014760616168130734
Enh439_SLC35B1,Enh439,ENSG00000121073,False,0.015737769763709615,0.019279063391435015
Enh43_CDC42,Enh43,ENSG00000070831,False,0.046118299105946184,0.034168520695784396
Enh43_HSPG2,Enh43,ENSG00000142798,False,0.033329792353923075,0.025688304496958556
Enh43_USP48,Enh43,ENSG00000090686,False,0.019749998864869448,0.020041876259692493
Enh441_MRC2,Enh441,ENSG00000011028,False,0.012424037907375259,0.012934634612590576
Enh442_DDX5,Enh442,ENSG00000108654,False,0.003087552766426709,0.004489218104980507
Enh442_SMURF2,Enh442,ENSG00000108854,False,0.007586808786324837,0.009443859728569697
Enh443_C17orf49,Enh443,ENSG00000258315,False,0.05990257828778485,0.057183967636913725
Enh443_CTDNEP1,Enh443,ENSG00000175826,False,0.014972220740206583,0.016532530868236493
Enh443_GABARAP,Enh443,ENSG00000170296,False,0.006618051395734948,0.0076914992592130955
Enh443_MED31,Enh443,ENSG00000108590,False,0.14934109259661132,0.13577679556119718
Enh443_PHF23,Enh443,ENSG00000040633,False,0.012903088099137022,0.015716556119008473
Enh443_RNASEK,Enh443,ENSG00000219200,False,0.026982478749724037,0.02444909889607656
Enh443_TXNDC17,Enh443,ENSG00000129235,False,0.08584556838796525,0.06669646674941143
Enh444_RPL38,Enh444,ENSG00000172809,False,0.013095708890661339,0.015101505655263078
Enh445_MXRA7,Enh445,ENSG00000182534,False,0.037168597047362646,0.03791817351999704
Enh445_SEC14L1,Enh445,ENSG00000129657,False,0.012600177750885275,0.01718865742750422
Enh445_SEPTIN9,Enh445,ENSG00000184640,False,0.008851205996160877,0.01261422357818921
Enh445_SNHG16,Enh445,ENSG00000163597,False,0.017824537019190925,0.02304190910438957
Enh445_SRSF2,Enh445,ENSG00000161547,False,0.08421906883802657,0.07573041370778867
Enh446_SEPTIN9,Enh446,ENSG00000184640,False,0.011516862203194462,0.014305607613430325
Enh446_SYNGR2,Enh446,ENSG00000108639,False,0.004364682481673354,0.005199928142267492
Enh447_SYNGR2,Enh447,ENSG00000108639,False,0.0046100342524376045,0.005938361746591134
Enh448_SOCS3,Enh448,ENSG00000184557,True,0.658884021294533,0.6267907439618775
Enh448_SYNGR2,Enh448,ENSG00000108639,False,0.0029053840433500744,0.002853075298296217
Enh448_USP36,Enh448,ENSG00000055483,False,0.01388764396352231,0.012162759289800859
Enh449_TIMP2,Enh449,ENSG00000035862,True,0.5929402443400954,0.7449798975313281
Enh44_CDC42,Enh44,ENSG00000070831,False,0.05755912300013996,0.057924690246028664
Enh44_HSPG2,Enh44,ENSG00000142798,False,0.03449491563117149,0.03284227579243948
Enh44_USP48,Enh44,ENSG00000090686,False,0.021290672758047045,0.025578412692946525
Enh450_CANT1,Enh450,ENSG00000171302,False,0.15388256570876183,0.08653099868256946
Enh450_LGALS3BP,Enh450,ENSG00000108679,False,0.23781708876803961,0.12826142297512538
Enh450_TIMP2,Enh450,ENSG00000035862,True,0.5806835174082888,0.31720161422219656
Enh450_USP36,Enh450,ENSG00000055483,False,0.11906958889166915,0.06668049214859526
Enh451_VAPA,Enh451,ENSG00000101558,False,0.04329198789320593,0.04540772034060935
Enh452_NAPG,Enh452,ENSG00000134265,False,0.1285938203435256,0.12436969296749495
Enh455_AFG3L2,Enh455,ENSG00000141385,False,0.015567967721700434,0.019168806049571004
Enh455_IMPA2,Enh455,ENSG00000141401,True,0.31322343795853747,0.19362300120243675
Enh455_TUBB6,Enh455,ENSG00000176014,False,0.0159627672376129,0.020004780938234736
Enh456_AFG3L2,Enh456,ENSG00000141385,False,0.013541055756676893,0.011985429535780993
Enh456_CHMP1B,Enh456,ENSG00000255112,False,0.06293131326808994,0.040118667926888105
Enh456_TUBB6,Enh456,ENSG00000176014,False,0.012763423489689823,0.010662857397767287
Enh45_PARP1,Enh45,ENSG00000143799,False,0.026644704704027144,0.022847367261181886
Enh463_KDSR,Enh463,ENSG00000119537,False,0.004817751314269218,0.0064786413969814
Enh463_VPS4B,Enh463,ENSG00000119541,False,0.0044294814593236085,0.006381703510818845
Enh464_CARM1,Enh464,ENSG00000142453,False,0.005637414117490806,0.005600227763552489
Enh464_CDC37,Enh464,ENSG00000105401,False,0.0052783273202198205,0.005318759462128038
Enh464_DNMT1,Enh464,ENSG00000130816,False,0.004184779660325714,0.004516352863969534
Enh464_EIF3G,Enh464,ENSG00000130811,False,0.0025462232642686797,0.002965031103724034
Enh464_FDX2,Enh464,ENSG00000267673,False,0.005259459501143085,0.005528196897256688
Enh464_ILF3,Enh464,ENSG00000129351,False,0.017940999699523834,0.014386955279351904
Enh464_SLC44A2,Enh464,ENSG00000129353,False,0.10640819715247053,0.029652316083207907
Enh464_SMARCA4,Enh464,ENSG00000127616,False,0.004096662905563755,0.004353329158147757
Enh464_YIPF2,Enh464,ENSG00000130733,False,0.005314496173426513,0.005528368917927633
Enh465_CNN1,Enh465,ENSG00000130176,True,0.8191418168572088,0.9251948559766838
Enh465_PRKCSH,Enh465,ENSG00000130175,False,0.06323721515510447,0.04807250284902857
Enh466_CALR,Enh466,ENSG00000179218,False,0.056954876562788574,0.04162270585684221
Enh466_FARSA,Enh466,ENSG00000179115,False,0.11298262915227225,0.08884477543011861
Enh466_GADD45GIP1,Enh466,ENSG00000179271,False,0.13337923503865357,0.10031610325293408
Enh466_GET3,Enh466,ENSG00000198356,False,0.013504478850503878,0.015278188013265906
Enh466_IER2,Enh466,ENSG00000160888,True,0.02917266281981662,0.02704215688997307
Enh466_NACC1,Enh466,ENSG00000160877,False,0.06508801514682373,0.05094950184703912
Enh466_NFIX,Enh466,ENSG00000008441,False,0.39253755227474646,0.2637119486200396
Enh466_PRDX2,Enh466,ENSG00000167815,False,0.016326297014633926,0.01698985026408517
Enh466_RAD23A,Enh466,ENSG00000179262,False,0.10952512592021914,0.08798123751662247
Enh466_TRIR,Enh466,ENSG00000123144,False,0.0030542484847916355,0.00442701490434195
Enh466_WDR83OS,Enh466,ENSG00000105583,False,0.00732400164770207,0.00826083675676943
Enh466_ZNF791,Enh466,ENSG00000173875,False,0.012992133719341659,0.014772410254394798
Enh467_CALR,Enh467,ENSG00000179218,False,0.05776551411296507,0.05020319737513774
Enh467_DHPS,Enh467,ENSG00000095059,False,0.020395400767552266,0.02316895181112002
Enh467_DNASE2,Enh467,ENSG00000105612,False,0.06354350897141212,0.06390231737579576
Enh467_FARSA,Enh467,ENSG00000179115,False,0.10502812336997366,0.08749529235003917
Enh467_GADD45GIP1,Enh467,ENSG00000179271,False,0.12866942887908178,0.10212545780441526
Enh467_GET3,Enh467,ENSG00000198356,False,0.014497411091462268,0.017434423334517772
Enh467_IER2,Enh467,ENSG00000160888,False,0.03091145466261476,0.03363434366695599
Enh467_NACC1,Enh467,ENSG00000160877,False,0.06912819420814008,0.06228493389226147
Enh467_NFIX,Enh467,ENSG00000008441,False,0.4375553866973069,0.30475704214969185
Enh467_PRDX2,Enh467,ENSG00000167815,False,0.018663227710660903,0.02312454181391798
Enh467_RAD23A,Enh467,ENSG00000179262,False,0.10579163359121377,0.08719443302130929
Enh467_STX10,Enh467,ENSG00000104915,False,0.0437226695876984,0.04287924690369415
Enh467_TRIR,Enh467,ENSG00000123144,False,0.0033121021117176446,0.004458210036853666
Enh467_WDR83OS,Enh467,ENSG00000105583,False,0.009492822377101707,0.011942475573810427
Enh467_ZNF791,Enh467,ENSG00000173875,False,0.014221147305222058,0.017042258438341323
Enh468_CALR,Enh468,ENSG00000179218,False,0.01496375409205968,0.011753199371566471
Enh468_FARSA,Enh468,ENSG00000179115,False,0.03564035400101461,0.027441658010816487
Enh468_GADD45GIP1,Enh468,ENSG00000179271,False,0.020853645072992557,0.01514204063631213
Enh468_GET3,Enh468,ENSG00000198356,False,0.01233705858114572,0.010717216413517548
Enh468_IER2,Enh468,ENSG00000160888,False,0.38655174407361753,0.051431098579879715
Enh468_NACC1,Enh468,ENSG00000160877,False,0.21083977642519786,0.11564954928514552
Enh468_NFIX,Enh468,ENSG00000008441,False,0.04196180817495752,0.028869264355102463
Enh468_PRDX2,Enh468,ENSG00000167815,False,0.011356538909309575,0.009741000917728585
Enh468_RAD23A,Enh468,ENSG00000179262,False,0.025433389811886167,0.02042330118134974
Enh468_STX10,Enh468,ENSG00000104915,False,0.4971270756315823,0.24568361583550838
Enh468_TRIR,Enh468,ENSG00000123144,False,0.00245730530702859,0.002524643556959775
Enh468_WDR83OS,Enh468,ENSG00000105583,False,0.006452196976506123,0.005660368160184797
Enh469_CALR,Enh469,ENSG00000179218,False,0.01579313429973949,0.014451949625668762
Enh469_DNASE2,Enh469,ENSG00000105612,False,0.023123204237924633,0.020864083308632573
Enh469_FARSA,Enh469,ENSG00000179115,False,0.026435454030947818,0.021789547813497383
Enh469_GADD45GIP1,Enh469,ENSG00000179271,False,0.02146697868347157,0.019450782035295763
Enh469_GET3,Enh469,ENSG00000198356,False,0.009545755030752024,0.01009286741311848
Enh469_IER2,Enh469,ENSG00000160888,False,0.35623785292749094,0.4653430811402276
Enh469_NACC1,Enh469,ENSG00000160877,False,0.16332404441433754,0.10755709601835213
Enh469_NFIX,Enh469,ENSG00000008441,False,0.0344315700727732,0.02626523439620272
Enh469_PRDX2,Enh469,ENSG00000167815,False,0.011159055044611435,0.011546517524639768
Enh469_RAD23A,Enh469,ENSG00000179262,False,0.02260979265952074,0.018133267534554045
Enh469_STX10,Enh469,ENSG00000104915,False,0.42174704648003253,0.24923407961205402
Enh469_TRIR,Enh469,ENSG00000123144,False,0.002117984963309608,0.0027153512197725617
Enh469_WDR83OS,Enh469,ENSG00000105583,False,0.00626038059426254,0.006919446005098166
Enh46_CDC42BPA,Enh46,ENSG00000143776,False,0.025979629882864667,0.017211118057347315
Enh470_C19orf53,Enh470,ENSG00000104979,False,0.03906649022529187,0.0390725972350215
Enh471_AC020916.1,Enh471,ENSG00000267519,True,0.8233876683888125,0.928639474781018
Enh471_C19orf53,Enh471,ENSG00000104979,False,0.0710029703430874,0.05156392143508178
Enh471_PRKACA,Enh471,ENSG00000072062,False,0.03289491711082547,0.034326377087108347
Enh472_AC020916.1,Enh472,ENSG00000267519,True,0.7281402355475247,0.6600051111420617
Enh472_C19orf53,Enh472,ENSG00000104979,False,0.06964808023306149,0.0798077764981379
Enh473_AC020916.1,Enh473,ENSG00000267519,True,0.7759327746009113,0.7792127452149422
Enh473_C19orf53,Enh473,ENSG00000104979,False,0.06525727287657714,0.04893558182181737
Enh473_PRKACA,Enh473,ENSG00000072062,False,0.03985046592259128,0.04203794603848222
Enh474_AC020916.1,Enh474,ENSG00000267519,True,0.6988131677098258,0.5642885923672274
Enh474_C19orf53,Enh474,ENSG00000104979,False,0.09609207171480279,0.0983527992977527
Enh475_AC020916.1,Enh475,ENSG00000267519,True,0.6415483505272574,0.9941781750349155
Enh475_C19orf53,Enh475,ENSG00000104979,False,0.07526486127666146,0.045976588246474125
Enh475_PRKACA,Enh475,ENSG00000072062,False,0.03994330110209536,0.027675710942324207
Enh475_RFX1,Enh475,ENSG00000132005,False,0.06188513569281999,0.042612431857413216
Enh476_AP1M1,Enh476,ENSG00000072958,False,0.0677618370431134,0.06291478201371851
Enh476_FAM32A,Enh476,ENSG00000105058,False,0.03550160344877405,0.032017588160951446
Enh476_RAB8A,Enh476,ENSG00000167461,False,0.027201497774221157,0.02712819069717938
Enh476_SMIM7,Enh476,ENSG00000214046,False,0.008895319284297558,0.011447848419200907
Enh476_TPM4,Enh476,ENSG00000167460,False,0.006438022924664763,0.007326883132800651
Enh477_BABAM1,Enh477,ENSG00000105393,False,0.012579436950626363,0.012488413072708265
Enh477_DDA1,Enh477,ENSG00000130311,False,0.008758091032879634,0.009299691225072683
Enh477_MRPL34,Enh477,ENSG00000130312,False,0.010716063950637728,0.011287633100071635
Enh477_MYO9B,Enh477,ENSG00000099331,False,0.025797446260381336,0.023344964922403958
Enh477_NR2F6,Enh477,ENSG00000160113,False,0.003690453735579751,0.004378228775278728
Enh477_SIN3B,Enh477,ENSG00000127511,False,0.805603718498259,0.6441902627653747
Enh477_SLC35E1,Enh477,ENSG00000127526,False,0.02930485181588101,0.024204433304600547
Enh477_SMIM7,Enh477,ENSG00000214046,False,0.04111355652968234,0.03193152975721373
Enh477_USE1,Enh477,ENSG00000053501,False,0.02000409962532282,0.01817835007833836
Enh478_CCDC124,Enh478,ENSG00000007080,False,0.12200717102790552,0.15435895660452328
Enh478_LSM4,Enh478,ENSG00000130520,False,0.016037760540924147,0.014940755308299787
Enh478_PGLS,Enh478,ENSG00000130313,False,0.01706771098027354,0.016564408547901675
Enh478_PIK3R2,Enh478,ENSG00000105647,False,0.04824017699292462,0.0404232574001047
Enh478_RPL18A,Enh478,ENSG00000105640,False,0.02998829966189229,0.018360021745244624
Enh479_AP3D1,Enh479,ENSG00000065000,False,0.0039050342205692984,0.00451905156305099
Enh479_LSM7,Enh479,ENSG00000130332,False,0.006032932448286199,0.006659002347013203
Enh479_OAZ1,Enh479,ENSG00000104904,False,0.002748099378405255,0.0033941590538357417
Enh479_TIMM13,Enh479,ENSG00000099800,False,0.013619240576764438,0.013223523052898176
Enh47_RAB4A,Enh47,ENSG00000168118,False,0.021068135225136345,0.02112971825986929
Enh47_RNF187,Enh47,ENSG00000168159,False,0.014131485272222376,0.014174084382832401
Enh480_AP3D1,Enh480,ENSG00000065000,False,0.013672413621958732,0.014709511605350339
Enh480_LSM7,Enh480,ENSG00000130332,False,0.02649846742623742,0.025851757153544794
Enh480_OAZ1,Enh480,ENSG00000104904,False,0.011082568867397984,0.010689045022038985
Enh480_PLEKHJ1,Enh480,ENSG00000104886,False,0.02725774630808202,0.02636140086484316
Enh480_TIMM13,Enh480,ENSG00000099800,False,0.06928978820468759,0.054337646188077134
Enh481_AP3D1,Enh481,ENSG00000065000,False,0.013782465768183025,0.015528806016597556
Enh481_LSM7,Enh481,ENSG00000130332,False,0.026669917224334812,0.026126203483779444
Enh481_OAZ1,Enh481,ENSG00000104904,False,0.011164170097672942,0.011981984065405165
Enh481_TIMM13,Enh481,ENSG00000099800,False,0.06943130201073246,0.05424046496536737
Enh482_KIAA0355,Enh482,ENSG00000166398,False,0.011095975670984927,0.010582151470242532
Enh482_LSM14A,Enh482,ENSG00000257103,False,0.017844108738306108,0.015695215368786798
Enh482_PEPD,Enh482,ENSG00000124299,False,0.024573627948523677,0.01978851667900935
Enh483_GPI,Enh483,ENSG00000105220,False,0.034082107204537575,0.03066851469346529
Enh483_KIAA0355,Enh483,ENSG00000166398,False,0.055168449272270104,0.045348857817848996
Enh483_LSM14A,Enh483,ENSG00000257103,False,0.19763998225317048,0.09977388650440287
Enh484_GPI,Enh484,ENSG00000105220,False,0.02938449052939753,0.03462335968288429
Enh484_KIAA0355,Enh484,ENSG00000166398,False,0.04672399386899583,0.047435605187431264
Enh484_LSM14A,Enh484,ENSG00000257103,False,0.17648918457168208,0.14354162696890352
Enh485_GPI,Enh485,ENSG00000105220,False,0.057451775868624114,0.04128979537557899
Enh485_KIAA0355,Enh485,ENSG00000166398,False,0.02307164289265188,0.01757146350397528
Enh485_LSM14A,Enh485,ENSG00000257103,False,0.020032325754579524,0.01735581833885323
Enh485_UBA2,Enh485,ENSG00000126261,False,0.17732883225723395,0.12171355429203891
Enh486_ACTN4,Enh486,ENSG00000130402,False,0.0019487846527896178,0.002263517566409109
Enh486_EIF3K,Enh486,ENSG00000178982,False,0.0028675632511722645,0.0032831097546914844
Enh486_HNRNPL,Enh486,ENSG00000104824,False,0.009040956206050495,0.008929405256953371
Enh486_MED29,Enh486,ENSG00000063322,False,0.006194160581509941,0.006783127880256754
Enh486_MRPS12,Enh486,ENSG00000128626,False,0.012034420514837238,0.010754756291071083
Enh486_PAF1,Enh486,ENSG00000006712,False,0.005766262712052704,0.006223152406645956
Enh486_RPS16,Enh486,ENSG00000105193,False,0.0014150312616388865,0.0016249527949660884
Enh486_SAMD4B,Enh486,ENSG00000179134,False,0.006874624141733407,0.0069903178661112
Enh486_SUPT5H,Enh486,ENSG00000196235,False,0.003089417787390469,0.0034751417965141274
Enh486_TIMM50,Enh486,ENSG00000105197,False,0.004773622430485115,0.00536383992374516
Enh487_ACTN4,Enh487,ENSG00000130402,False,0.006612319810925544,0.004763690234944576
Enh487_ECH1,Enh487,ENSG00000104823,False,0.02456949492475424,0.018420847116006115
Enh487_EID2,Enh487,ENSG00000176396,False,0.020106245982818658,0.016140012155347074
Enh487_EIF3K,Enh487,ENSG00000178982,False,0.010497797521847574,0.008038062863354508
Enh487_FBXO17,Enh487,ENSG00000269190,True,0.1173997985650061,0.15510388485385979
Enh487_HNRNPL,Enh487,ENSG00000104824,False,0.026668540775597337,0.017842920242246114
Enh487_MED29,Enh487,ENSG00000063322,False,0.023467636248339467,0.018061730515857747
Enh487_MRPS12,Enh487,ENSG00000128626,False,0.041101202425090196,0.02658593274743966
Enh487_PAF1,Enh487,ENSG00000006712,False,0.02212411473363192,0.016347658866232146
Enh487_RPS16,Enh487,ENSG00000105193,False,0.0064026441169072554,0.005089278267852
Enh487_SAMD4B,Enh487,ENSG00000179134,False,0.03164854496628987,0.02107787343479647
Enh487_SIRT2,Enh487,ENSG00000068903,False,0.04112580662982227,0.026879423169705718
Enh487_SUPT5H,Enh487,ENSG00000196235,False,0.012865096800091515,0.009924546925970626
Enh487_TIMM50,Enh487,ENSG00000105197,False,0.018186158581322633,0.013449863844849884
Enh487_ZFP36,Enh487,ENSG00000128016,True,0.024497297353655,0.017396407558587648
Enh488_EEF2,Enh488,ENSG00000167658,False,0.7266928558862458,0.6034851484508973
Enh488_MAP2K2,Enh488,ENSG00000126934,False,0.057774646632756055,0.05760519996660664
Enh489_PSMC4,Enh489,ENSG00000013275,False,0.012115599276789938,0.016717111937159912
Enh489_SERTAD1,Enh489,ENSG00000197019,True,0.7142031128937969,0.6050200397719556
Enh48_RAB4A,Enh48,ENSG00000168118,False,0.021780480150890145,0.01708780507717004
Enh48_RNF187,Enh48,ENSG00000168159,False,0.012767819652055796,0.010945468682419841
Enh490_BLVRB,Enh490,ENSG00000090013,False,0.19125435562529153,0.2585462578184558
Enh490_PLD3,Enh490,ENSG00000105223,False,0.08832845535648617,0.061134837000922225
Enh490_PSMC4,Enh490,ENSG00000013275,False,0.010723308788136189,0.010743497089712834
Enh490_SNRPA,Enh490,ENSG00000077312,False,0.018732229766152946,0.01827899518063969
Enh491_BLVRB,Enh491,ENSG00000090013,False,0.030244558253155616,0.02986132196267131
Enh491_PLD3,Enh491,ENSG00000105223,False,0.017140264617163038,0.019742734742576748
Enh492_AKT2,Enh492,ENSG00000105221,False,0.026773341857993314,0.017998299480582347
Enh492_BLVRB,Enh492,ENSG00000090013,False,0.030396760486457095,0.014957452160160862
Enh492_EGLN2,Enh492,ENSG00000269858,False,0.08819964035752433,0.04292751198038541
Enh492_PLD3,Enh492,ENSG00000105223,False,0.020600550920920474,0.01306440448270294
Enh492_SERTAD1,Enh492,ENSG00000197019,False,0.037011305992174004,0.02064277344631388
Enh492_SNRPA,Enh492,ENSG00000077312,False,0.12032665792175469,0.0512461172347481
Enh493_AP2S1,Enh493,ENSG00000042753,False,0.0041354373169925265,0.005399112700720531
Enh494_AP2S1,Enh494,ENSG00000042753,False,0.49887841139018,0.4271687676463442
Enh494_ARHGAP35,Enh494,ENSG00000160007,False,0.26818724462562826,0.1309259956900828
Enh494_CALM3,Enh494,ENSG00000160014,False,0.023984907841771135,0.026373249871393997
Enh494_TMEM160,Enh494,ENSG00000130748,False,0.04463751343511,0.04754281282335595
Enh495_AP2S1,Enh495,ENSG00000042753,False,0.005099497683121099,0.006397850016403174
Enh495_C5AR2,Enh495,ENSG00000134830,True,0.01508772748178365,0.014646911044631733
Enh495_EHD2,Enh495,ENSG00000024422,False,0.004079438750447455,0.005183799218219531
Enh495_NAPA,Enh495,ENSG00000105402,False,0.009418088176057682,0.00983044586102209
Enh495_SAE1,Enh495,ENSG00000142230,False,0.03635859189003157,0.03209845039291396
Enh495_TMEM160,Enh495,ENSG00000130748,False,0.01745574650181808,0.01833111629485031
Enh496_AP2S1,Enh496,ENSG00000042753,False,0.0056873904448254495,0.007937208824421157
Enh496_ARHGAP35,Enh496,ENSG00000160007,False,0.002707108888821003,0.005058670329957157
Enh496_EHD2,Enh496,ENSG00000024422,False,0.0046540564551939174,0.007263897020582649
Enh496_NAPA,Enh496,ENSG00000105402,False,0.012555731093288952,0.01582161355317501
Enh496_SAE1,Enh496,ENSG00000142230,False,0.05416150580616093,0.061571518199521925
Enh496_TMEM160,Enh496,ENSG00000130748,False,0.024070542011320632,0.028811683858314403
Enh497_AP2S1,Enh497,ENSG00000042753,False,0.009655150726634877,0.011211336223221896
Enh497_EHD2,Enh497,ENSG00000024422,False,0.007983134497764112,0.00946461581943292
Enh497_NAPA,Enh497,ENSG00000105402,False,0.020017575326485664,0.02001239591748882
Enh497_SAE1,Enh497,ENSG00000142230,False,0.07936253939513037,0.07410331687531915
Enh497_TMEM160,Enh497,ENSG00000130748,False,0.03688951767422749,0.0362184714333588
Enh498_AP2S1,Enh498,ENSG00000042753,False,0.009787573399907244,0.009623526913149995
Enh498_ARHGAP35,Enh498,ENSG00000160007,False,0.003529940958841374,0.0037076054209425613
Enh498_EHD2,Enh498,ENSG00000024422,False,0.007968342939889279,0.007808947846133268
Enh498_NAPA,Enh498,ENSG00000105402,False,0.018529257319067377,0.015468378698793599
Enh498_SAE1,Enh498,ENSG00000142230,False,0.06860679183515711,0.08261003782744451
Enh498_SLC1A5,Enh498,ENSG00000105281,False,0.015198371630850612,0.013254088130336612
Enh498_STRN4,Enh498,ENSG00000090372,False,0.01757626802968351,0.015075743257525347
Enh498_TMEM160,Enh498,ENSG00000130748,False,0.033151738166483764,0.02543871025592339
Enh499_EHD2,Enh499,ENSG00000024422,False,0.04893939648019522,0.031616757959543065
Enh499_NAPA,Enh499,ENSG00000105402,False,0.10247827945752581,0.0633940323023175
Enh499_SAE1,Enh499,ENSG00000142230,False,0.014876044632860136,0.014424710198256226
Enh499_SELENOW,Enh499,ENSG00000178980,False,0.035460905659841765,0.026405870157167406
Enh49_GALNT2,Enh49,ENSG00000143641,False,0.013563018761317876,0.012353219696887987
Enh4_CSDE1,Enh4,ENSG00000009307,False,0.009828676612438938,0.015097250086112957
Enh500_ALKBH7,Enh500,ENSG00000125652,False,0.008881215821710307,0.01457227531934089
Enh500_CLPP,Enh500,ENSG00000125656,False,0.008457357579189749,0.013803414128879074
Enh500_GTF2F1,Enh500,ENSG00000125651,False,0.008108439228284576,0.012097091711213655
Enh500_KHSRP,Enh500,ENSG00000088247,False,0.014221648239067639,0.019395772386604223
Enh501_ALKBH7,Enh501,ENSG00000125652,False,0.03498505627291994,0.03467457651902215
Enh501_CLPP,Enh501,ENSG00000125656,False,0.03738012905322466,0.03497952624086083
Enh501_GPR108,Enh501,ENSG00000125734,False,0.040558940920455366,0.04307401791733428
Enh501_GTF2F1,Enh501,ENSG00000125651,False,0.03770858545716251,0.03361241298704428
Enh501_KHSRP,Enh501,ENSG00000088247,False,0.059359893529433626,0.05156488273669374
Enh501_SLC25A23,Enh501,ENSG00000125648,False,0.12552528601510143,0.10500328708009382
Enh501_TRIP10,Enh501,ENSG00000125733,False,0.03953602161198971,0.04006177027937024
Enh502_ALKBH7,Enh502,ENSG00000125652,False,0.043767248243075034,0.04056791950804715
Enh502_CLPP,Enh502,ENSG00000125656,False,0.04550070075319197,0.04092603092847505
Enh502_GTF2F1,Enh502,ENSG00000125651,False,0.04390001111724251,0.03681951007138159
Enh502_KHSRP,Enh502,ENSG00000088247,False,0.07300620963287986,0.05617367540197855
Enh502_SLC25A23,Enh502,ENSG00000125648,False,0.14821045772484925,0.05923555550893553
Enh503_ARHGEF18,Enh503,ENSG00000104880,False,0.030666281753131814,0.022075005797550135
Enh503_GPR108,Enh503,ENSG00000125734,False,0.014117033862421087,0.012340324539968967
Enh503_MCOLN1,Enh503,ENSG00000090674,False,0.021857335054728512,0.017155933803632253
Enh503_PNPLA6,Enh503,ENSG00000032444,False,0.01978499606508794,0.016917725360530374
Enh503_TRIP10,Enh503,ENSG00000125733,False,0.01378059072148474,0.010465123246926656
Enh503_ZNF358,Enh503,ENSG00000198816,False,0.01858461550365512,0.01483703271556832
Enh504_CTXN1,Enh504,ENSG00000178531,False,0.024968981405584168,0.027102341619599048
Enh504_ELAVL1,Enh504,ENSG00000066044,False,0.05266657490195883,0.051749626077676913
Enh504_HNRNPM,Enh504,ENSG00000099783,False,0.008911416395347174,0.011167335328246212
Enh504_NDUFA7,Enh504,ENSG00000267855,False,0.03256415034113673,0.03495924882700603
Enh504_RAB11B,Enh504,ENSG00000185236,False,0.015758961730664683,0.01881140745551181
Enh504_RPS28,Enh504,ENSG00000233927,False,0.013010716032467022,0.014457595546231694
Enh504_TIMM44,Enh504,ENSG00000104980,False,0.02851346352339621,0.03035367433065178
Enh504_TRAPPC5,Enh504,ENSG00000181029,False,0.008363292853248877,0.010630526001780934
Enh505_CD320,Enh505,ENSG00000167775,False,0.043101834629398296,0.026645821096419654
Enh505_HNRNPM,Enh505,ENSG00000099783,False,0.05218456738390129,0.02458528125045995
Enh505_NDUFA7,Enh505,ENSG00000267855,False,0.0383065907533199,0.023899381345800427
Enh505_RAB11B,Enh505,ENSG00000185236,False,0.05714339672088448,0.034204693636290466
Enh505_RPS28,Enh505,ENSG00000233927,False,0.01001303618019151,0.0067183006324670076
Enh506_CDC37,Enh506,ENSG00000105401,False,0.014075147820397964,0.012295161401451211
Enh506_DNMT1,Enh506,ENSG00000130816,False,0.04075148214196604,0.031629040385588725
Enh506_EIF3G,Enh506,ENSG00000130811,False,0.053386477908098876,0.03855453123322859
Enh506_FDX2,Enh506,ENSG00000267673,False,0.030364364400743176,0.02530122753848923
Enh506_PIN1,Enh506,ENSG00000127445,False,0.07935462247850415,0.04862206891617559
Enh506_UBL5,Enh506,ENSG00000198258,False,0.03915443484665684,0.02778393175680699
Enh507_ADAM17,Enh507,ENSG00000151694,False,0.01553226993790336,0.013260635188406764
Enh507_ODC1,Enh507,ENSG00000115758,False,0.015394516793594501,0.013851759140276698
Enh507_YWHAQ,Enh507,ENSG00000134308,False,0.008295464131662779,0.007560623426949835
Enh508_HPCAL1,Enh508,ENSG00000115756,True,0.4036194592166736,0.9907783319224421
Enh508_ODC1,Enh508,ENSG00000115758,False,0.040154441302117094,0.0326892219761447
Enh50_NTPCR,Enh50,ENSG00000135778,False,0.04165307358705801,0.02562678667909441
Enh50_SIPA1L2,Enh50,ENSG00000116991,True,0.00924188294641832,0.9986276191571649
Enh511_WDR33,Enh511,ENSG00000136709,False,0.0141066177150499,0.015268294448381138
Enh520_MZT2B,Enh520,ENSG00000152082,False,0.02646802527198206,0.018147583230557204
Enh521_RIF1,Enh521,ENSG00000080345,False,0.013712108288493877,0.013112498271261581
Enh524_GORASP2,Enh524,ENSG00000115806,False,0.12026548080281474,0.07578237451733066
Enh524_METTL8,Enh524,ENSG00000123600,False,0.021728475748870598,0.017974540492181584
Enh524_TLK1,Enh524,ENSG00000198586,False,0.03689371983844946,0.024643130870721192
Enh525_DNAJC10,Enh525,ENSG00000077232,False,0.04639473136500053,0.05048261995300748
Enh525_NCKAP1,Enh525,ENSG00000061676,False,0.010761937843643307,0.014987927734411306
Enh529_AGFG1,Enh529,ENSG00000173744,False,0.19355443098885958,0.0980466537101274
Enh529_MFF,Enh529,ENSG00000168958,False,0.12530451645291454,0.06465195809730834
Enh52_HNRNPR,Enh52,ENSG00000125944,False,0.019316393767983202,0.019392832384074424
Enh52_LUZP1,Enh52,ENSG00000169641,False,0.015442249679546107,0.016907320275434973
Enh52_RPL11,Enh52,ENSG00000142676,False,0.01804461072873693,0.0202080833590355
Enh52_SRSF10,Enh52,ENSG00000188529,False,0.010726695324356238,0.012466448082383058
Enh530_AGFG1,Enh530,ENSG00000173744,False,0.10648575367205663,0.1627029829291375
Enh530_MFF,Enh530,ENSG00000168958,False,0.05687743688156684,0.050730437458180934
Enh531_NCL,Enh531,ENSG00000115053,False,0.01755343851070775,0.01752574962591258
Enh531_PTMA,Enh531,ENSG00000187514,False,0.015605154884354258,0.01623522119766471
Enh532_NCL,Enh532,ENSG00000115053,False,0.01886193702976566,0.022968679489072157
Enh532_PTMA,Enh532,ENSG00000187514,False,0.020091021480566594,0.02607854754936188
Enh533_NCL,Enh533,ENSG00000115053,False,0.034807595380709475,0.024244175879552635
Enh533_PTMA,Enh533,ENSG00000187514,False,0.037986260784693596,0.02551550604947849
Enh534_NCL,Enh534,ENSG00000115053,False,0.025486523735272472,0.019175211609993806
Enh534_PTMA,Enh534,ENSG00000187514,True,0.040434085352252847,0.026662024673142434
Enh535_NCL,Enh535,ENSG00000115053,False,0.02430014207263266,0.020596455530052335
Enh535_PTMA,Enh535,ENSG00000187514,True,0.03897237125176759,0.0455025846695438
Enh536_NCL,Enh536,ENSG00000115053,False,0.0228159020208,0.014767357631968202
Enh536_PTMA,Enh536,ENSG00000187514,False,0.03484856635267405,0.027813814129077588
Enh537_NCL,Enh537,ENSG00000115053,False,0.017657228580131,0.013268819774416896
Enh537_PTMA,Enh537,ENSG00000187514,True,0.07418713782881105,0.059427248472733514
Enh538_NCL,Enh538,ENSG00000115053,False,0.016929919365534056,0.01504227919852295
Enh538_PTMA,Enh538,ENSG00000187514,True,0.08690972127525125,0.05857479400992928
Enh539_NCL,Enh539,ENSG00000115053,False,0.014965092546391183,0.01634490126788485
Enh539_PTMA,Enh539,ENSG00000187514,True,0.07918201297971683,0.06864961174242104
Enh53_ELOA,Enh53,ENSG00000011007,False,0.06456706078852152,0.040922290696247206
Enh53_HMGCL,Enh53,ENSG00000117305,False,0.03345907487311915,0.023289389730426147
Enh53_HNRNPR,Enh53,ENSG00000125944,False,0.022891583159854016,0.01592865753489467
Enh53_ID3,Enh53,ENSG00000117318,True,0.6868244269400141,0.4166306178806986
Enh53_LUZP1,Enh53,ENSG00000169641,False,0.020199639179651032,0.015338051083512787
Enh53_LYPLA2,Enh53,ENSG00000011009,False,0.03535493412947098,0.02500727759303087
Enh53_PITHD1,Enh53,ENSG00000057757,False,0.040274474586626224,0.026160167214526783
Enh53_PNRC2,Enh53,ENSG00000189266,False,0.01648398942785894,0.012975606654597786
Enh53_RPL11,Enh53,ENSG00000142676,False,0.03099426890053676,0.019066049342546965
Enh53_SRSF10,Enh53,ENSG00000188529,False,0.014277196502000829,0.011434403621548236
Enh53_TCEA3,Enh53,ENSG00000204219,False,0.07730943629309295,0.03838123034723994
Enh540_NCL,Enh540,ENSG00000115053,False,0.0072237130309707335,0.00776569808081886
Enh540_PTMA,Enh540,ENSG00000187514,False,0.04865486851203136,0.025359410353903114
Enh541_NCL,Enh541,ENSG00000115053,False,0.014024705056217125,0.014026801993044022
Enh541_PTMA,Enh541,ENSG00000187514,False,0.1328083777539177,0.11253135004069367
Enh542_NCL,Enh542,ENSG00000115053,False,0.0024249475952001867,0.0037594410802119747
Enh542_PTMA,Enh542,ENSG00000187514,False,0.021488427522178655,0.018825440509057045
Enh545_LRRFIP1,Enh545,ENSG00000124831,False,0.016714973886943114,0.019121403826665
Enh546_LRRFIP1,Enh546,ENSG00000124831,False,0.04381823147864591,0.028056740908871704
Enh547_COPS9,Enh547,ENSG00000172428,False,0.020396161421427136,0.019158178224812385
Enh547_GPC1,Enh547,ENSG00000063660,True,0.16541089279706453,0.8032541021177779
Enh547_NDUFA10,Enh547,ENSG00000130414,False,0.022713372198205586,0.023095378106416063
Enh548_GPC1,Enh548,ENSG00000063660,False,0.016821822936945074,0.01399064334809318
Enh548_HDLBP,Enh548,ENSG00000115677,False,0.006529162854948076,0.005743372658005771
Enh548_PPP1R7,Enh548,ENSG00000115685,False,0.015135600846312486,0.012664078562035407
Enh548_SEPTIN2,Enh548,ENSG00000168385,False,0.005794678756145712,0.005399000035885657
Enh549_DTYMK,Enh549,ENSG00000168393,False,0.04255861802433254,0.03509965454897978
Enh549_HDLBP,Enh549,ENSG00000115677,False,0.01719811972261993,0.01497297586114752
Enh549_PPP1R7,Enh549,ENSG00000115685,False,0.01417637164003492,0.013550548627374318
Enh549_SEPTIN2,Enh549,ENSG00000168385,False,0.01441290798075189,0.013029234411227249
Enh54_ELOA,Enh54,ENSG00000011007,False,0.05714063624714097,0.04684706402415951
Enh54_HNRNPR,Enh54,ENSG00000125944,False,0.023142235681261024,0.021548559255167816
Enh54_ID3,Enh54,ENSG00000117318,True,0.7126900145402203,0.966673133728469
Enh54_LUZP1,Enh54,ENSG00000169641,False,0.020594788933412034,0.02033687506463324
Enh54_PITHD1,Enh54,ENSG00000057757,False,0.039354964159860305,0.03533021976178481
Enh54_PNRC2,Enh54,ENSG00000189266,False,0.018305524736973486,0.018712034617902575
Enh54_RPL11,Enh54,ENSG00000142676,False,0.03097925288638594,0.026271882891095368
Enh54_SRSF10,Enh54,ENSG00000188529,False,0.01593380927967352,0.016743384644731036
Enh550_PTRHD1,Enh550,ENSG00000184924,False,0.011954417542016956,0.012647944049991087
Enh551_HADHA,Enh551,ENSG00000084754,False,0.018713461243181045,0.0259924194150666
Enh551_HADHB,Enh551,ENSG00000138029,False,0.025283575690922985,0.03431855765866207
Enh551_RAB10,Enh551,ENSG00000084733,False,0.15128158055999402,0.13619455893440463
Enh552_HADHA,Enh552,ENSG00000084754,False,0.02314690019057506,0.02148474272920047
Enh552_HADHB,Enh552,ENSG00000138029,False,0.032297827996369634,0.029333237535912278
Enh552_RAB10,Enh552,ENSG00000084733,False,0.3236696098584203,0.23511155632322042
Enh553_EIF2B4,Enh553,ENSG00000115211,False,0.015587791833518437,0.01681794645476642
Enh553_MPV17,Enh553,ENSG00000115204,False,0.017401492078528417,0.018656645807054503
Enh553_MRPL33,Enh553,ENSG00000243147,False,0.09882461441963103,0.07476825570494738
Enh553_NRBP1,Enh553,ENSG00000115216,False,0.01928170493064589,0.019990026999987216
Enh553_PPM1G,Enh553,ENSG00000115241,False,0.016722345292107418,0.016592373644598334
Enh553_SLC4A1AP,Enh553,ENSG00000163798,False,0.14753908940007604,0.10991274808305239
Enh553_SNX17,Enh553,ENSG00000115234,False,0.017621678620634344,0.018314089689293718
Enh554_EIF2B4,Enh554,ENSG00000115211,False,0.008423833456106368,0.011431746777350562
Enh554_MPV17,Enh554,ENSG00000115204,False,0.008974028808219939,0.012762084518044055
Enh554_MRPL33,Enh554,ENSG00000243147,False,0.07471397983930317,0.058647109530965316
Enh554_NRBP1,Enh554,ENSG00000115216,False,0.010864941391923316,0.013882177594616754
Enh554_PPM1G,Enh554,ENSG00000115241,False,0.00954792352679982,0.012082515714964392
Enh554_SNX17,Enh554,ENSG00000115234,False,0.009344826509620274,0.012567990810817078
Enh555_EIF2B4,Enh555,ENSG00000115211,False,0.009392876601284841,0.013321181037807566
Enh555_MPV17,Enh555,ENSG00000115204,False,0.01048609724092698,0.014620193620814133
Enh555_MRPL33,Enh555,ENSG00000243147,False,0.07900450033294967,0.08053452837454218
Enh555_NRBP1,Enh555,ENSG00000115216,False,0.012106094243661263,0.01606754762381288
Enh555_PPM1G,Enh555,ENSG00000115241,False,0.010697575540312487,0.013863656485232394
Enh555_SNX17,Enh555,ENSG00000115234,False,0.010362386934343652,0.013666580334517037
Enh556_EIF2B4,Enh556,ENSG00000115211,False,0.009004511977393931,0.012173785582841448
Enh556_MPV17,Enh556,ENSG00000115204,False,0.010440924549239988,0.014114312301140358
Enh556_MRPL33,Enh556,ENSG00000243147,False,0.12611534741046013,0.10435864379228274
Enh556_NRBP1,Enh556,ENSG00000115216,False,0.013507443147888498,0.01599333267045237
Enh556_PPM1G,Enh556,ENSG00000115241,False,0.011715742971792557,0.014005765100741554
Enh556_SNX17,Enh556,ENSG00000115234,False,0.00980011073574316,0.01277705807018139
Enh557_PPP1CB,Enh557,ENSG00000213639,False,0.013231393665639544,0.012100933137984568
Enh558_YPEL5,Enh558,ENSG00000119801,False,0.0890511678767892,0.07887618663382565
Enh55_ELOA,Enh55,ENSG00000011007,False,0.04387738007384285,0.03488607439072193
Enh55_ID3,Enh55,ENSG00000117318,False,0.008418669685126782,0.007780482086295309
Enh55_LYPLA2,Enh55,ENSG00000011009,False,0.05063175376531722,0.039075396337903225
Enh55_NIPAL3,Enh55,ENSG00000001461,False,0.02086832805416565,0.01736014843725098
Enh55_PITHD1,Enh55,ENSG00000057757,False,0.043249116772697965,0.03364257373288816
Enh55_PNRC2,Enh55,ENSG00000189266,False,0.1670020557064742,0.19228588724986861
Enh55_RPL11,Enh55,ENSG00000142676,False,0.007383809083145759,0.006312817946900097
Enh55_SRSF10,Enh55,ENSG00000188529,False,0.2222937598057417,0.5539533269565348
Enh560_YPEL5,Enh560,ENSG00000119801,False,0.016841426354256468,0.014133824476331042
Enh561_EML4,Enh561,ENSG00000143924,False,0.0301674818785018,0.017755753398335322
Enh562_COX7A2L,Enh562,ENSG00000115944,False,0.02173447135224238,0.021563186569312293
Enh563_LRPPRC,Enh563,ENSG00000138095,False,0.048428185249558796,0.039045311491048666
Enh563_PREPL,Enh563,ENSG00000138078,False,0.00315107148359175,0.004361189209852177
Enh564_LRPPRC,Enh564,ENSG00000138095,False,0.06736148853374052,0.043945422826735324
Enh564_PREPL,Enh564,ENSG00000138078,False,0.005384449655640809,0.004961118978902339
Enh566_RPS27A,Enh566,ENSG00000143947,False,0.004753778262103635,0.005003520860303593
Enh566_RTN4,Enh566,ENSG00000115310,False,0.05762275829436528,0.035646959154978404
Enh567_PPP4R3B,Enh567,ENSG00000275052,True,0.006911372926695549,0.008880532876322744
Enh567_RPS27A,Enh567,ENSG00000143947,False,0.014272332470232348,0.015388042449377798
Enh567_RTN4,Enh567,ENSG00000115310,False,0.17026382139871024,0.13572845852732437
Enh568_CCDC88A,Enh568,ENSG00000115355,False,0.02031082967104529,0.018825144609924422
Enh568_CFAP36,Enh568,ENSG00000163001,False,0.017028731745386015,0.01636433354044059
Enh568_MTIF2,Enh568,ENSG00000085760,False,0.053967950627377914,0.044119812700014194
Enh568_RPS27A,Enh568,ENSG00000143947,False,0.029453682205524072,0.02566692846724972
Enh568_RTN4,Enh568,ENSG00000115310,False,0.1338071115582902,0.101022367116911
Enh569_CCDC88A,Enh569,ENSG00000115355,False,0.022089362798221508,0.016583183394531274
Enh569_CFAP36,Enh569,ENSG00000163001,False,0.016978620626252917,0.013299875468796478
Enh569_MTIF2,Enh569,ENSG00000085760,False,0.05797389622439325,0.03595981642813745
Enh569_PPP4R3B,Enh569,ENSG00000275052,False,0.013039400458179612,0.01023299804271676
Enh569_RPS27A,Enh569,ENSG00000143947,False,0.03537497278792932,0.02271263638625827
Enh569_RTN4,Enh569,ENSG00000115310,False,0.06952665344157667,0.0566982673209719
Enh56_CLIC4,Enh56,ENSG00000169504,False,0.008254793866287928,0.008514600444543967
Enh56_LYPLA2,Enh56,ENSG00000011009,False,0.012635826231447307,0.011643677835904991
Enh56_NIPAL3,Enh56,ENSG00000001461,False,0.0469968334357483,0.033472790778329764
Enh56_PNRC2,Enh56,ENSG00000189266,False,0.016416633509016194,0.016738116192561547
Enh56_SRRM1,Enh56,ENSG00000133226,False,0.009800380001340302,0.009081820499644552
Enh56_SRSF10,Enh56,ENSG00000188529,False,0.015601955077049394,0.014210800876075567
Enh570_CCDC88A,Enh570,ENSG00000115355,False,0.021210409992200013,0.022075135836611276
Enh570_CFAP36,Enh570,ENSG00000163001,False,0.01603648497505032,0.017606225902123525
Enh570_MTIF2,Enh570,ENSG00000085760,False,0.06393721744152188,0.05727616767458178
Enh570_RPS27A,Enh570,ENSG00000143947,False,0.021180173485360037,0.017365124097351907
Enh570_RTN4,Enh570,ENSG00000115310,False,0.034194622837199096,0.031350970938916964
Enh571_CFAP36,Enh571,ENSG00000163001,False,0.004611420145464804,0.007448491604525449
Enh571_RPS27A,Enh571,ENSG00000143947,False,0.006678337644572313,0.008872342002658611
Enh571_RTN4,Enh571,ENSG00000115310,False,0.009545198896263091,0.012600895456072675
Enh572_CCDC88A,Enh572,ENSG00000115355,False,0.01773115129822013,0.01710504104051499
Enh572_CFAP36,Enh572,ENSG00000163001,False,0.014463092010813895,0.014901185023908341
Enh572_MTIF2,Enh572,ENSG00000085760,False,0.057226803202916995,0.046148200357258945
Enh572_RPS27A,Enh572,ENSG00000143947,False,0.034239070619342026,0.029874455487613485
Enh572_RTN4,Enh572,ENSG00000115310,False,0.050519048595222125,0.04309558775929873
Enh573_CCDC88A,Enh573,ENSG00000115355,False,0.023239795188837887,0.01217975305753105
Enh573_CFAP36,Enh573,ENSG00000163001,False,0.019388011647579997,0.013576350942353762
Enh573_RPS27A,Enh573,ENSG00000143947,False,0.034827199417501696,0.020380024325992303
Enh573_RTN4,Enh573,ENSG00000115310,False,0.04878681815426596,0.03385930073449572
Enh574_CCT4,Enh574,ENSG00000115484,False,0.019211041903019626,0.02057094033185493
Enh574_COMMD1,Enh574,ENSG00000173163,False,0.024793769784964434,0.025266298390949158
Enh574_USP34,Enh574,ENSG00000115464,False,0.02387843520622006,0.02394869572748164
Enh574_XPO1,Enh574,ENSG00000082898,False,0.03445422410269122,0.03203516132827555
Enh575_CCT4,Enh575,ENSG00000115484,False,0.022989548053299717,0.01879578508076431
Enh575_COMMD1,Enh575,ENSG00000173163,False,0.030512908055049533,0.024421317039313804
Enh575_USP34,Enh575,ENSG00000115464,False,0.0215153214206389,0.016877063049257995
Enh575_XPO1,Enh575,ENSG00000082898,False,0.028961688171708026,0.0220006482385813
Enh576_CCT4,Enh576,ENSG00000115484,False,0.09633192292638845,0.09592473280693803
Enh576_COMMD1,Enh576,ENSG00000173163,False,0.12997833539891893,0.12431794502348836
Enh576_USP34,Enh576,ENSG00000115464,False,0.051218745607380496,0.05440555024555796
Enh576_XPO1,Enh576,ENSG00000082898,False,0.0633326237373626,0.06992290038414807
Enh577_CCT4,Enh577,ENSG00000115484,False,0.08122351767268621,0.06718211033813436
Enh577_COMMD1,Enh577,ENSG00000173163,False,0.11023650073244988,0.07811951099804894
Enh577_USP34,Enh577,ENSG00000115464,False,0.04262758432641499,0.03625498941750135
Enh577_XPO1,Enh577,ENSG00000082898,False,0.05279835518756347,0.04092884820570689
Enh57_ADSS,Enh57,ENSG00000035687,False,0.07881689924723051,0.058370001022948065
Enh580_MDH1,Enh580,ENSG00000014641,False,0.012551570627014808,0.016330850462490058
Enh581_MDH1,Enh581,ENSG00000014641,False,0.010705596836732993,0.01108297900136704
Enh582_SERTAD2,Enh582,ENSG00000179833,False,0.017249411663800222,0.019163421621505323
Enh583_SERTAD2,Enh583,ENSG00000179833,False,0.013846709515100274,0.013339625179320882
Enh585_ACTR2,Enh585,ENSG00000138071,False,0.009577990314323605,0.007967162721333434
Enh585_RAB1A,Enh585,ENSG00000138069,False,0.015787965158165867,0.012609662100231725
Enh585_SERTAD2,Enh585,ENSG00000179833,False,0.3904622695034447,0.12562237676581156
Enh586_ACTR2,Enh586,ENSG00000138071,False,0.00956031034758723,0.009988147751593469
Enh586_RAB1A,Enh586,ENSG00000138069,False,0.013103682176154962,0.01404344888526591
Enh587_ACTR2,Enh587,ENSG00000138071,False,0.006465514638874076,0.009088734547282857
Enh587_RAB1A,Enh587,ENSG00000138069,False,0.008875079407486646,0.012096426328993267
Enh587_SERTAD2,Enh587,ENSG00000179833,False,0.08064011696073087,0.04542633551173942
Enh588_ACTR2,Enh588,ENSG00000138071,False,0.06726706471227521,0.04286735126667151
Enh588_RAB1A,Enh588,ENSG00000138069,False,0.027142588618233668,0.015235537190278646
Enh589_IAH1,Enh589,ENSG00000134330,False,0.020025406624140325,0.021317684404735623
Enh589_ITGB1BP1,Enh589,ENSG00000119185,False,0.020756822922443924,0.022554469043103237
Enh589_KIDINS220,Enh589,ENSG00000134313,False,0.01959343357208751,0.022062350065926585
Enh589_YWHAQ,Enh589,ENSG00000134308,False,0.006094539756366319,0.008186424303729572
Enh58_ADSS,Enh58,ENSG00000035687,False,0.058940426600573664,0.050874484484825906
Enh58_AKT3,Enh58,ENSG00000117020,False,0.044877783017752075,0.04440417028259309
Enh58_DESI2,Enh58,ENSG00000121644,False,0.024340446398328684,0.022349746927482067
Enh590_XRN2,Enh590,ENSG00000088930,False,0.006303200910111524,0.006763246854560252
Enh591_XRN2,Enh591,ENSG00000088930,False,0.007964904867510317,0.009111463267468893
Enh592_CST2,Enh592,ENSG00000170369,True,0.009072919845081389,0.005538173611584337
Enh592_CST3,Enh592,ENSG00000101439,True,0.26960954233977313,0.9476495147185018
Enh593_BCL2L1,Enh593,ENSG00000171552,False,0.11358193278798755,0.11880718709041987
Enh593_HM13,Enh593,ENSG00000101294,False,0.034350932774210516,0.0345489188627926
Enh593_ID1,Enh593,ENSG00000125968,False,0.0658781500459694,0.050716662272197795
Enh594_BCL2L1,Enh594,ENSG00000171552,False,0.11771917155276891,0.15134560637772465
Enh594_HM13,Enh594,ENSG00000101294,False,0.03674010570933622,0.04054073125330171
Enh594_ID1,Enh594,ENSG00000125968,False,0.06499785503259035,0.061672060373165256
Enh594_TM9SF4,Enh594,ENSG00000101337,False,0.0174345582844652,0.023632487106612
Enh594_TPX2,Enh594,ENSG00000088325,False,0.10587650706662223,0.10142629559498455
Enh595_BCL2L1,Enh595,ENSG00000171552,False,0.04106432901860219,0.035901012321740366
Enh595_HM13,Enh595,ENSG00000101294,False,0.015563991190146122,0.016190839583571818
Enh595_KIF3B,Enh595,ENSG00000101350,False,0.018246766168560854,0.02025430471302738
Enh596_ASXL1,Enh596,ENSG00000171456,False,0.002628079595997851,0.004657008098009718
Enh596_COMMD7,Enh596,ENSG00000149600,False,0.004683994395584243,0.0074427681083045
Enh596_MAPRE1,Enh596,ENSG00000101367,False,0.0036557410156899768,0.005825194297105777
Enh597_COMMD7,Enh597,ENSG00000149600,False,0.002416013830755157,0.004093496429231506
Enh597_MAPRE1,Enh597,ENSG00000101367,False,0.004184857263105729,0.00667600120426536
Enh598_MAPRE1,Enh598,ENSG00000101367,False,0.015394427621335742,0.01938070923002198
Enh599_CHMP4B,Enh599,ENSG00000101421,False,0.030495646532017886,0.03217066948889654
Enh599_EIF2S2,Enh599,ENSG00000125977,False,0.01672404231550797,0.0181976555006968
Enh599_ITCH,Enh599,ENSG00000078747,False,0.009628553343131433,0.012938991973474506
Enh599_RALY,Enh599,ENSG00000125970,False,0.08560927698389077,0.0806234898427269
Enh59_ADSS,Enh59,ENSG00000035687,False,0.06944869933245794,0.07779976167412019
Enh59_DESI2,Enh59,ENSG00000121644,False,0.03160657421705937,0.03590903235691881
Enh5_BCAS2,Enh5,ENSG00000116752,False,0.036427737458362704,0.03590453825031355
Enh5_CSDE1,Enh5,ENSG00000009307,False,0.011278329781327201,0.013022969671126735
Enh5_TRIM33,Enh5,ENSG00000197323,False,0.05873912510373876,0.022471957900385663
Enh600_BLCAP,Enh600,ENSG00000166619,False,0.033612168401080354,0.030183935976434352
Enh600_CTNNBL1,Enh600,ENSG00000132792,False,0.010224812366055384,0.011906527121015939
Enh600_MANBAL,Enh600,ENSG00000101363,False,0.2291596853208043,0.13617098050749438
Enh600_RPN2,Enh600,ENSG00000118705,False,0.036445409383272,0.03478422314514701
Enh603_C20orf27,Enh603,ENSG00000101220,False,0.016174666070270568,0.014477398803477098
Enh603_RNF24,Enh603,ENSG00000101236,True,0.10444615776950744,0.0645449963184547
Enh607_TMEM230,Enh607,ENSG00000089063,False,0.012641683446663913,0.01423349121897258
Enh612_APP,Enh612,ENSG00000142192,False,0.003193352200208653,0.004494296520513333
Enh612_ATP5PF,Enh612,ENSG00000154723,False,0.013310966936754477,0.014060503445737923
Enh614_TTC3,Enh614,ENSG00000182670,False,0.016695618334822793,0.018974152081844487
Enh615_TTC3,Enh615,ENSG00000182670,False,0.012895052391239748,0.012574153656416587
Enh616_CHCHD10,Enh616,ENSG00000250479,False,0.028167908353201793,0.022449127664057416
Enh616_DDT,Enh616,ENSG00000099977,False,0.0016368084277458132,0.002340258948187942
Enh616_MIF,Enh616,ENSG00000240972,False,0.00985574870715448,0.008521777290982774
Enh616_SMARCB1,Enh616,ENSG00000099956,False,0.034697547733373864,0.02958414088333373
Enh617_CHCHD10,Enh617,ENSG00000250479,False,0.02400650424689943,0.02670647048673194
Enh617_DDT,Enh617,ENSG00000099977,False,0.00845619635886179,0.010041877450005947
Enh617_MIF,Enh617,ENSG00000240972,False,0.014566328892913094,0.01516075675351884
Enh617_SNRPD3,Enh617,ENSG00000100028,False,0.03236317790564448,0.0353535102683209
Enh619_PITPNB,Enh619,ENSG00000180957,False,0.003552063468475191,0.00535860481880961
Enh61_ADSS,Enh61,ENSG00000035687,False,0.044495073651295354,0.029990658944342316
Enh61_COX20,Enh61,ENSG00000203667,False,0.004611587230650254,0.0048460812137580325
Enh61_DESI2,Enh61,ENSG00000121644,False,0.016218826539465346,0.014996334742134486
Enh620_AP1B1,Enh620,ENSG00000100280,False,0.022181382869396027,0.02157588347443419
Enh620_ASCC2,Enh620,ENSG00000100325,False,0.15534982046593868,0.13614793772546974
Enh620_NF2,Enh620,ENSG00000186575,False,0.042902816136494056,0.03688054214622374
Enh620_NIPSNAP1,Enh620,ENSG00000184117,False,0.051803162574758616,0.04110574384388539
Enh620_UQCR10,Enh620,ENSG00000184076,True,0.22420557019814782,0.13061198978456778
Enh621_HMGXB4,Enh621,ENSG00000100281,False,0.0859526837807165,0.03258910349664283
Enh622_HMGXB4,Enh622,ENSG00000100281,False,0.09721120617311096,0.10673527974218895
Enh623_HMGXB4,Enh623,ENSG00000100281,False,0.006509798236045071,0.008248988478441514
Enh624_RBFOX2,Enh624,ENSG00000100320,False,0.0022439902372382026,0.003498736650247066
Enh625_EIF3D,Enh625,ENSG00000100353,False,0.0114319135713054,0.010503817653205749
Enh625_MYH9,Enh625,ENSG00000100345,False,0.010021238451656886,0.00891196537649602
Enh625_RBFOX2,Enh625,ENSG00000100320,False,0.047830591978531845,0.03567651122685586
Enh625_TXN2,Enh625,ENSG00000100348,False,0.01588345465111118,0.014068706214161203
Enh626_EIF3D,Enh626,ENSG00000100353,False,0.09753651905905338,0.07025294920830402
Enh626_MYH9,Enh626,ENSG00000100345,False,0.07844951593514371,0.06372556550373809
Enh626_RBFOX2,Enh626,ENSG00000100320,False,0.012109693929670111,0.0116704879951618
Enh626_TXN2,Enh626,ENSG00000100348,False,0.3318426426798242,0.15021122055225314
Enh627_EIF3D,Enh627,ENSG00000100353,False,0.001578532694950002,0.0029890884140272318
Enh627_MPST,Enh627,ENSG00000128309,False,0.015616123938299217,0.0200793171539561
Enh627_TXN2,Enh627,ENSG00000100348,False,0.0014978754507318634,0.0027634759363594696
Enh628_CSNK1E,Enh628,ENSG00000213923,False,0.011222780274911859,0.012065606971044814
Enh628_EIF3L,Enh628,ENSG00000100129,False,0.09766016676071139,0.08203961357538415
Enh628_LGALS1,Enh628,ENSG00000100097,False,0.00607297374135666,0.007356598427864311
Enh628_POLR2F,Enh628,ENSG00000100142,False,0.09966254623698288,0.08007620699508472
Enh628_TRIOBP,Enh628,ENSG00000100106,False,0.02262727899662768,0.021123230731289713
Enh629_CSNK1E,Enh629,ENSG00000213923,False,0.016808719613219905,0.01777438983467167
Enh629_DDX17,Enh629,ENSG00000100201,False,0.007984207142980886,0.01016296354552158
Enh629_EIF3L,Enh629,ENSG00000100129,False,0.01496859381660052,0.016633463499340657
Enh629_LGALS1,Enh629,ENSG00000100097,False,0.0028867128569537467,0.004228689572223965
Enh629_POLR2F,Enh629,ENSG00000100142,False,0.03357693697758415,0.037931758075305744
Enh629_TRIOBP,Enh629,ENSG00000100106,False,0.008029950087515747,0.010175682192421117
Enh62_CLIC4,Enh62,ENSG00000169504,False,0.26335636358521114,0.2409981355920479
Enh62_SRRM1,Enh62,ENSG00000133226,False,0.0517250279378449,0.05299723129438054
Enh630_CBX6,Enh630,ENSG00000183741,False,0.014711029570091464,0.015541347813392115
Enh630_CSNK1E,Enh630,ENSG00000213923,False,0.044065777085823696,0.036797179963725925
Enh630_DDX17,Enh630,ENSG00000100201,False,0.10259611738060323,0.0663071398723259
Enh630_JOSD1,Enh630,ENSG00000100221,False,0.028132654262619072,0.028514863607839218
Enh630_TOMM22,Enh630,ENSG00000100216,False,0.029273210342865997,0.02626128311189044
Enh631_APOBEC3C,Enh631,ENSG00000244509,False,0.011703891907728069,0.009629923041489474
Enh631_CBX6,Enh631,ENSG00000183741,False,0.09088532300492183,0.05743153590028144
Enh631_DDX17,Enh631,ENSG00000100201,False,0.003125683823940666,0.004032274570034816
Enh631_RPL3,Enh631,ENSG00000100316,False,0.0016017627832127467,0.0023058191989686876
Enh631_TOMM22,Enh631,ENSG00000100216,False,0.0070010438141558315,0.007711135245698422
Enh632_APOBEC3C,Enh632,ENSG00000244509,False,0.050864893751687436,0.057602275500609576
Enh632_ATF4,Enh632,ENSG00000128272,False,0.016747478904531002,0.018023311882030373
Enh632_CBX6,Enh632,ENSG00000183741,False,0.023364714680261894,0.02470281031120775
Enh632_MIEF1,Enh632,ENSG00000100335,False,0.024294124113381554,0.02605757458922446
Enh632_RPL3,Enh632,ENSG00000100316,False,0.029494755334297677,0.03926291092253753
Enh632_RPS19BP1,Enh632,ENSG00000187051,False,0.01428688591671058,0.01405908850431241
Enh632_TOMM22,Enh632,ENSG00000100216,False,0.010339864536920438,0.012267653536368495
Enh633_APOBEC3C,Enh633,ENSG00000244509,False,0.003193532979505721,0.005806625533553062
Enh633_ATF4,Enh633,ENSG00000128272,False,0.04254521968271673,0.03969583195777491
Enh633_MIEF1,Enh633,ENSG00000100335,False,0.28704295976353517,0.197320356147774
Enh633_RPL3,Enh633,ENSG00000100316,False,0.003975992332857286,0.006394116183348009
Enh633_RPS19BP1,Enh633,ENSG00000187051,False,0.026313186256533425,0.027824127998194437
Enh634_ADSL,Enh634,ENSG00000239900,False,0.05887363653527972,0.04386475064850999
Enh634_EP300,Enh634,ENSG00000100393,False,0.026927846539661557,0.0234727262291032
Enh634_RBX1,Enh634,ENSG00000100387,False,0.023798156370184804,0.020727796556456353
Enh634_ST13,Enh634,ENSG00000100380,False,0.0409654653497309,0.032510978563400614
Enh635_ADSL,Enh635,ENSG00000239900,False,0.031028255069132715,0.02883424950146683
Enh635_EP300,Enh635,ENSG00000100393,False,0.016283055539254968,0.017228077779380246
Enh635_RBX1,Enh635,ENSG00000100387,False,0.011751010209729509,0.011748847336464818
Enh635_ST13,Enh635,ENSG00000100380,False,0.015675616683326586,0.014035858627952862
Enh636_ACO2,Enh636,ENSG00000100412,False,0.005061093008860125,0.0039317116247352575
Enh636_EP300,Enh636,ENSG00000100393,False,0.02595744675416297,0.023504809525667966
Enh636_L3MBTL2,Enh636,ENSG00000100395,False,0.013189856664762217,0.00902517065798815
Enh636_PHF5A,Enh636,ENSG00000100410,False,0.0051318612744458226,0.004133199275479555
Enh636_RANGAP1,Enh636,ENSG00000100401,False,0.005147139333569986,0.0034759165358075766
Enh636_RBX1,Enh636,ENSG00000100387,False,0.013089572022438139,0.008339368820756924
Enh636_SLC25A17,Enh636,ENSG00000100372,False,0.011245684893505775,0.006895941345597825
Enh636_ST13,Enh636,ENSG00000100380,False,0.004264840981704363,0.0028484668263894413
Enh636_TOB2,Enh636,ENSG00000183864,False,0.005350424245932631,0.0037206076586108784
Enh636_ZC3H7B,Enh636,ENSG00000100403,False,0.006714879801807026,0.004544829622953906
Enh637_EP300,Enh637,ENSG00000100393,False,0.13510833098679678,0.09401917005531024
Enh637_RANGAP1,Enh637,ENSG00000100401,False,0.019344205566944907,0.018643867999728312
Enh637_RBX1,Enh637,ENSG00000100387,False,0.07973505446685257,0.058291814654001566
Enh637_ST13,Enh637,ENSG00000100380,False,0.023004536932447795,0.02008012759666813
Enh637_ZC3H7B,Enh637,ENSG00000100403,False,0.02599022216883921,0.023740092260474303
Enh638_ACO2,Enh638,ENSG00000100412,False,0.0979386887490288,0.06292718111572168
Enh638_EP300,Enh638,ENSG00000100393,False,0.015894013256847268,0.015326417444995832
Enh638_PHF5A,Enh638,ENSG00000100410,False,0.09946542561135638,0.06748114400070937
Enh638_PMM1,Enh638,ENSG00000100417,False,0.030941001932098793,0.026621533094591688
Enh638_RANGAP1,Enh638,ENSG00000100401,False,0.03425352620464148,0.025828581740539786
Enh638_RBX1,Enh638,ENSG00000100387,False,0.006139166440100865,0.0065929651987231596
Enh638_SNU13,Enh638,ENSG00000100138,False,0.01013831783981829,0.00968880108771197
Enh638_XRCC6,Enh638,ENSG00000196419,False,0.014473479527530819,0.01292216793306664
Enh638_ZC3H7B,Enh638,ENSG00000100403,False,0.057929811458660045,0.044119092660767946
Enh639_EP300,Enh639,ENSG00000100393,False,0.02263668436166338,0.020122085781507065
Enh639_RANGAP1,Enh639,ENSG00000100401,False,0.04210153949268321,0.03255647083767855
Enh639_RBX1,Enh639,ENSG00000100387,False,0.008004395826519049,0.008483980318811762
Enh639_SNU13,Enh639,ENSG00000100138,False,0.01283687098952847,0.012135404793471178
Enh639_XRCC6,Enh639,ENSG00000196419,False,0.017699142264304215,0.01547644200140659
Enh639_ZC3H7B,Enh639,ENSG00000100403,False,0.07182298690794345,0.06519062052705037
Enh63_CLIC4,Enh63,ENSG00000169504,False,0.36210980494656436,0.24389844609410238
Enh63_NIPAL3,Enh63,ENSG00000001461,False,0.016671381323401454,0.015967429573259913
Enh63_SRRM1,Enh63,ENSG00000133226,False,0.03192273752380119,0.024081780577191587
Enh63_SYF2,Enh63,ENSG00000117614,False,0.007441890623452489,0.007939580685365119
Enh640_ACO2,Enh640,ENSG00000100412,False,0.12612165640281556,0.12495063992856464
Enh640_DESI1,Enh640,ENSG00000100418,False,0.03211201501086645,0.0258496490577131
Enh640_EP300,Enh640,ENSG00000100393,False,0.01668553589867837,0.014806516348185932
Enh640_PHF5A,Enh640,ENSG00000100410,False,0.1278809118864052,0.0977716422905257
Enh640_PMM1,Enh640,ENSG00000100417,False,0.03305842868521449,0.027330473987618828
Enh640_POLR3H,Enh640,ENSG00000100413,False,0.06332670532952046,0.048340571661601155
Enh640_RANGAP1,Enh640,ENSG00000100401,False,0.03403592215761916,0.027012172047479077
Enh640_RBX1,Enh640,ENSG00000100387,False,0.006823241080399978,0.007113584805465239
Enh640_SNU13,Enh640,ENSG00000100138,False,0.013027889990998421,0.01108466233654768
Enh640_TOB2,Enh640,ENSG00000183864,False,0.19728504643835199,0.3457271415573976
Enh640_XRCC6,Enh640,ENSG00000196419,False,0.018927017028051586,0.015201526419964844
Enh640_ZC3H7B,Enh640,ENSG00000100403,False,0.0550321398627008,0.041943510062870254
Enh641_RANGAP1,Enh641,ENSG00000100401,False,0.009347534152400524,0.008375609974366451
Enh641_RBX1,Enh641,ENSG00000100387,False,0.002435233248355861,0.0029502371261817717
Enh641_SNU13,Enh641,ENSG00000100138,False,0.0038560202755468713,0.0044116345574387395
Enh641_XRCC6,Enh641,ENSG00000196419,False,0.004911360388883516,0.0052121416952102245
Enh642_ATXN10,Enh642,ENSG00000130638,False,0.0036597818492403273,0.006334946345093477
Enh643_ATXN10,Enh643,ENSG00000130638,False,0.004230362715812405,0.00747015687608116
Enh644_ATXN10,Enh644,ENSG00000130638,False,0.003967695445143482,0.0035776285581859317
Enh644_FBLN1,Enh644,ENSG00000077942,False,0.006642320474568179,0.004695013138019615
Enh644_NUP50,Enh644,ENSG00000093000,False,0.01362066624207856,0.012558533197277918
Enh646_ATXN10,Enh646,ENSG00000130638,False,0.020458472306389964,0.01847503836735862
Enh646_FBLN1,Enh646,ENSG00000077942,False,0.4788088182997428,0.48158975030140067
Enh646_NUP50,Enh646,ENSG00000093000,False,0.01341493162595291,0.013657457723872956
Enh647_ATXN10,Enh647,ENSG00000130638,False,0.024447646943327645,0.01725700441351397
Enh647_FBLN1,Enh647,ENSG00000077942,False,0.015227267090210694,0.010597742412103416
Enh647_PRR34-AS1,Enh647,ENSG00000241990,False,0.11624318216946766,0.08255418505302026
Enh648_ATXN10,Enh648,ENSG00000130638,False,0.004482089913642545,0.004390133973507463
Enh648_PRR34-AS1,Enh648,ENSG00000241990,False,0.04064921001729973,0.03583034867115349
Enh649_ATXN10,Enh649,ENSG00000130638,False,0.025325368056659366,0.020752198480550293
Enh649_PRR34-AS1,Enh649,ENSG00000241990,False,0.3957992318119691,0.5661584160446085
Enh64_CLIC4,Enh64,ENSG00000169504,False,0.03684021739067843,0.06748425181325089
Enh64_NIPAL3,Enh64,ENSG00000001461,False,0.009022248985211033,0.0064228513072737145
Enh64_RSRP1,Enh64,ENSG00000117616,False,0.01047235855026933,0.007164074105194111
Enh64_SRRM1,Enh64,ENSG00000133226,False,0.01592331146868656,0.009754149911159636
Enh64_SYF2,Enh64,ENSG00000117614,False,0.009604584403604125,0.0076570765264909945
Enh64_TMEM50A,Enh64,ENSG00000183726,False,0.007232480768513217,0.005503128951445622
Enh650_ATXN10,Enh650,ENSG00000130638,False,0.01461318288037395,0.01615866367736989
Enh650_PRR34-AS1,Enh650,ENSG00000241990,False,0.09860227971936433,0.07779265179642819
Enh652_ATG3,Enh652,ENSG00000144848,False,0.055210402687326326,0.04511000119333726
Enh652_CCDC80,Enh652,ENSG00000091986,False,0.010456090050036447,0.007605908204643433
Enh653_FSTL1,Enh653,ENSG00000163430,False,0.04700329058386755,0.0380779185438716
Enh653_GSK3B,Enh653,ENSG00000082701,False,0.009732730567186319,0.012387206556463365
Enh653_LRRC58,Enh653,ENSG00000163428,False,0.03424714761704936,0.03446802569321874
Enh653_NDUFB4,Enh653,ENSG00000065518,False,0.11566418782524417,0.07861614370265378
Enh654_FSTL1,Enh654,ENSG00000163430,False,0.05209558930223344,0.060094896213973
Enh654_GSK3B,Enh654,ENSG00000082701,False,0.010386819621386024,0.012252382629669455
Enh654_NDUFB4,Enh654,ENSG00000065518,False,0.12571291405939844,0.09957393100422013
Enh655_NDUFB4,Enh655,ENSG00000065518,False,0.1724852332990114,0.08187827696542851
Enh656_NDUFB4,Enh656,ENSG00000065518,False,0.15705927982051615,0.11821158704844398
Enh657_KALRN,Enh657,ENSG00000160145,True,0.1355191281976748,0.999999999975435
Enh657_MYLK,Enh657,ENSG00000065534,False,0.035047099855437074,0.023864105839034026
Enh658_KALRN,Enh658,ENSG00000160145,True,0.1529643658768976,0.049231257246732225
Enh65_CLIC4,Enh65,ENSG00000169504,False,0.007854166696713029,0.007294202514585474
Enh65_RSRP1,Enh65,ENSG00000117616,False,0.042859917071871374,0.029087826467483435
Enh65_SYF2,Enh65,ENSG00000117614,False,0.08964539496457075,0.046450453700584454
Enh65_TMEM50A,Enh65,ENSG00000183726,False,0.023050576154423186,0.017035443327974898
Enh665_RPL32,Enh665,ENSG00000144713,False,0.008508001272108344,0.010499375923500595
Enh666_AMOTL2,Enh666,ENSG00000114019,False,0.11237796372751814,0.1367662944948897
Enh666_ANAPC13,Enh666,ENSG00000129055,False,0.04310865349580492,0.051776820706563136
Enh666_CEP63,Enh666,ENSG00000182923,False,0.05362458802962304,0.06331740014621516
Enh666_RYK,Enh666,ENSG00000163785,False,0.14697916485797805,0.00016514644966792268
Enh667_ANAPC13,Enh667,ENSG00000129055,False,0.04159834420877698,0.04265788877655906
Enh669_ANAPC13,Enh669,ENSG00000129055,False,0.030757160949880662,0.028647472032173528
Enh66_SH3BGRL3,Enh66,ENSG00000142669,False,0.00458836928176503,0.006107378051343282
Enh66_ZNF593,Enh66,ENSG00000142684,False,0.019818166109218934,0.019489271652431896
Enh670_ANAPC13,Enh670,ENSG00000129055,False,0.02294831809041951,0.025289597249424894
Enh671_AMOTL2,Enh671,ENSG00000114019,False,0.10005134205052714,0.10576664416111212
Enh671_ANAPC13,Enh671,ENSG00000129055,False,0.24432123876495637,0.12511918907417843
Enh671_CEP63,Enh671,ENSG00000182923,False,0.30187516317049473,0.17369489276909414
Enh671_RYK,Enh671,ENSG00000163785,False,0.05838362596444363,0.03975368124194518
Enh676_COPB2,Enh676,ENSG00000184432,False,0.011481046882852883,0.00910441924195261
Enh677_COPB2,Enh677,ENSG00000184432,False,0.0094901508714226,0.010586167875413614
Enh678_LSM3,Enh678,ENSG00000170860,False,0.018648434685764503,0.01954092314892262
Enh678_XPC,Enh678,ENSG00000154767,False,0.021724211702169944,0.022324596738273382
Enh67_ARID1A,Enh67,ENSG00000117713,False,0.024330873316658563,0.02233406545723108
Enh67_DHDDS,Enh67,ENSG00000117682,False,0.09762593591334479,0.07744311443055063
Enh67_HMGN2,Enh67,ENSG00000198830,True,0.15625931777930063,0.08187555109357945
Enh67_NUDC,Enh67,ENSG00000090273,False,0.011184606471038581,0.01209341841615125
Enh67_SH3BGRL3,Enh67,ENSG00000142669,False,0.00811063513989365,0.008222543874789788
Enh67_ZNF593,Enh67,ENSG00000142684,False,0.01733448917679522,0.0165287446393783
Enh680_MBNL1,Enh680,ENSG00000152601,False,0.002900296954218267,0.002997357700346559
Enh681_SSR3,Enh681,ENSG00000114850,False,0.0586076411102701,0.04261079443905023
Enh681_TIPARP,Enh681,ENSG00000163659,False,0.09260447803528205,0.07553365753831716
Enh682_TIPARP,Enh682,ENSG00000163659,False,0.01780719672454959,0.016100682119495887
Enh683_TIPARP,Enh683,ENSG00000163659,False,0.002562038299619833,0.00407858132219936
Enh684_TIPARP,Enh684,ENSG00000163659,False,0.013729963389522926,0.01694909008824759
Enh685_TBL1XR1,Enh685,ENSG00000177565,False,0.13064904628683982,0.10232962313495676
Enh686_TBL1XR1,Enh686,ENSG00000177565,False,0.12774071468091,0.12281923678658076
Enh68_ARID1A,Enh68,ENSG00000117713,False,0.035342616518510686,0.02282903116525793
Enh68_DHDDS,Enh68,ENSG00000117682,False,0.12203472977617727,0.06948719226339191
Enh68_HMGN2,Enh68,ENSG00000198830,False,0.1408253947823479,0.08231098351073637
Enh68_NUDC,Enh68,ENSG00000090273,False,0.012255914869308672,0.009922307120515598
Enh68_SH3BGRL3,Enh68,ENSG00000142669,False,0.006913396910044512,0.00457073602854394
Enh68_ZNF593,Enh68,ENSG00000142684,False,0.02184567366968436,0.015813848900125053
Enh691_IGF2BP2,Enh691,ENSG00000073792,False,0.05815414112308884,0.04118608478648067
Enh691_TRA2B,Enh691,ENSG00000136527,False,0.6072801459435114,0.31647507632123806
Enh692_EIF4A2,Enh692,ENSG00000156976,False,0.013623716916518877,0.017821984231261002
Enh693_EIF4A2,Enh693,ENSG00000156976,False,0.003221136025553149,0.005817181536219225
Enh694_EIF4A2,Enh694,ENSG00000156976,False,0.0030902847746296013,0.004685868887688496
Enh694_TRA2B,Enh694,ENSG00000136527,False,0.0032974344412459457,0.004986787340230687
Enh695_EIF4A2,Enh695,ENSG00000156976,False,0.013684503531564389,0.013043544647994638
Enh695_TRA2B,Enh695,ENSG00000136527,False,0.012422654429192423,0.012481894989732465
Enh696_LPP,Enh696,ENSG00000145012,False,0.00825979759374024,0.010260271066586654
Enh697_LPP,Enh697,ENSG00000145012,False,0.008940313076451224,0.012669223305344314
Enh698_LPP,Enh698,ENSG00000145012,False,0.046760914845479847,0.05906539092767665
Enh699_PCYT1A,Enh699,ENSG00000161217,False,0.06749612930022916,0.047170319991256454
Enh699_RNF168,Enh699,ENSG00000163961,False,0.03144433019509261,0.026494337263439825
Enh699_TFRC,Enh699,ENSG00000072274,False,0.11047731064381325,0.09305705388335672
Enh699_UBXN7,Enh699,ENSG00000163960,False,0.03753829038491823,0.0292129231979606
Enh69_ARID1A,Enh69,ENSG00000117713,False,0.15672799297677292,0.07471828773259263
Enh69_DHDDS,Enh69,ENSG00000117682,False,0.05784000759529451,0.03987669194100339
Enh69_HMGN2,Enh69,ENSG00000198830,False,0.0362232979260416,0.023084807085403267
Enh69_NUDC,Enh69,ENSG00000090273,False,0.02276201482558009,0.016352078878964494
Enh69_SH3BGRL3,Enh69,ENSG00000142669,False,0.005433079059619406,0.004091649817068301
Enh69_ZNF593,Enh69,ENSG00000142684,False,0.018332526304968618,0.013891306767728331
Enh6_ATP1A1,Enh6,ENSG00000163399,False,0.032113742045261365,0.023532263019483805
Enh700_EIF1B,Enh700,ENSG00000114784,False,0.0031189527036622326,0.005289779042007989
Enh700_RPL14,Enh700,ENSG00000188846,False,0.00235302150767767,0.0034458816285808905
Enh702_ANO10,Enh702,ENSG00000160746,False,0.08479468332870771,0.045348649973336326
Enh703_ANO10,Enh703,ENSG00000160746,False,0.06250148108487238,0.06588601322969408
Enh704_AC006058.1,Enh704,ENSG00000261786,True,0.003761706765343605,0.5288472496384076
Enh704_ANO10,Enh704,ENSG00000160746,False,0.020380906029163683,0.024764790094771633
Enh705_DHX30,Enh705,ENSG00000132153,False,0.03286837161826354,0.02733923427746082
Enh705_MAP4,Enh705,ENSG00000047849,False,0.15055546681687415,0.1979563804991756
Enh705_SHISA5,Enh705,ENSG00000164054,False,0.021769685247862484,0.018514179463108904
Enh705_SMARCC1,Enh705,ENSG00000173473,False,0.028824871835321876,0.02375683222486971
Enh705_TMA7,Enh705,ENSG00000232112,False,0.009802321146504232,0.00837155708158715
Enh705_UQCRC1,Enh705,ENSG00000010256,False,0.015731597651939315,0.01378859728192547
Enh706_MAP4,Enh706,ENSG00000047849,False,0.07916073402882219,0.0787854999337051
Enh706_TMA7,Enh706,ENSG00000232112,False,0.00902913060074928,0.009734984654829509
Enh706_UQCRC1,Enh706,ENSG00000010256,False,0.01336415391009638,0.01361656557587728
Enh707_DAG1,Enh707,ENSG00000173402,False,0.1152131450399048,0.5164034399033914
Enh707_LAMB2,Enh707,ENSG00000172037,False,0.019838003351797927,0.01363068993464792
Enh707_RBM6,Enh707,ENSG00000004534,False,0.02281514567804903,0.016237925309771563
Enh707_RHOA,Enh707,ENSG00000067560,False,0.026329095956506836,0.017037462982991684
Enh707_TCTA,Enh707,ENSG00000145022,False,0.05459292819620343,0.03709133764107939
Enh708_ARF4,Enh708,ENSG00000168374,False,0.012217172531609635,0.013087873781081071
Enh708_FLNB,Enh708,ENSG00000136068,True,0.129796012413139,0.16027153818948917
Enh708_PDHB,Enh708,ENSG00000168291,False,0.013087890235980589,0.01427037297524498
Enh708_SLMAP,Enh708,ENSG00000163681,False,0.06028234371056917,0.08368399762226648
Enh70_ARID1A,Enh70,ENSG00000117713,False,0.14858822470812239,0.09441803596578056
Enh70_DHDDS,Enh70,ENSG00000117682,False,0.053731259741296694,0.03004609632070515
Enh70_GPN2,Enh70,ENSG00000142751,False,0.05612836134354826,0.03349062081914366
Enh70_HMGN2,Enh70,ENSG00000198830,False,0.03355857848319814,0.016810303834694992
Enh70_NUDC,Enh70,ENSG00000090273,False,0.021234642802293147,0.012415878823721036
Enh70_SH3BGRL3,Enh70,ENSG00000142669,False,0.0050366365875952595,0.002740139924543147
Enh70_TRNP1,Enh70,ENSG00000253368,False,0.033529300157888055,0.018707314299057313
Enh70_ZNF593,Enh70,ENSG00000142684,False,0.017020406251020817,0.010241628135080397
Enh714_FGF2,Enh714,ENSG00000138685,False,0.024351099045162736,0.02086813943759306
Enh714_KIAA1109,Enh714,ENSG00000138688,False,0.0032021826192167933,0.0047968521584515434
Enh715_BOD1L1,Enh715,ENSG00000038219,False,0.32256377568583994,0.2166261211336722
Enh716_NAA15,Enh716,ENSG00000164134,False,0.015299792429230073,0.022085062128064433
Enh716_NDUFC1,Enh716,ENSG00000109390,False,0.009870705116238667,0.013613152404437664
Enh717_SCOC,Enh717,ENSG00000153130,False,0.28548857464047445,0.20667779890706486
Enh718_SCOC,Enh718,ENSG00000153130,False,0.2600315786383976,0.16763042583563048
Enh719_SCOC,Enh719,ENSG00000153130,False,0.47475998801980124,0.20739707481399158
Enh71_ARID1A,Enh71,ENSG00000117713,False,0.009397959828058971,0.009312063005272814
Enh71_NUDC,Enh71,ENSG00000090273,False,0.024645902420509392,0.020362225777349505
Enh71_WASF2,Enh71,ENSG00000158195,False,0.007869092987203946,0.00810222065506779
Enh720_SCOC,Enh720,ENSG00000153130,False,0.4504427728539805,0.24078634732292917
Enh723_CFAP97,Enh723,ENSG00000164323,False,0.025615017373622234,0.02526895873564086
Enh725_DHX15,Enh725,ENSG00000109606,False,0.07254048779536061,0.04863954109001415
Enh726_DHX15,Enh726,ENSG00000109606,False,0.08922026712232262,0.11643448099801379
Enh727_DHX15,Enh727,ENSG00000109606,False,0.0668797587657021,0.04749692639657048
Enh728_DHX15,Enh728,ENSG00000109606,False,0.0921075132206095,0.05346463595908185
Enh72_ARID1A,Enh72,ENSG00000117713,False,0.0032507886784458127,0.004376879930771766
Enh72_NUDC,Enh72,ENSG00000090273,False,0.00488039464029664,0.0056826718812736255
Enh72_WASF2,Enh72,ENSG00000158195,False,0.0026055257318233116,0.0033139575969011645
Enh733_FAM114A1,Enh733,ENSG00000197712,False,0.05710748154730288,0.061450992991272456
Enh733_KLHL5,Enh733,ENSG00000109790,False,0.06387486962107952,0.3448524653459632
Enh733_RFC1,Enh733,ENSG00000035928,False,0.011735919459614113,0.012408038469544545
Enh734_FAM114A1,Enh734,ENSG00000197712,False,0.0206417565718375,0.022012360119697483
Enh734_RFC1,Enh734,ENSG00000035928,False,0.011349183256790124,0.013503315234661861
Enh734_RPL9,Enh734,ENSG00000163682,False,0.004398188597494777,0.006341029458052026
Enh735_MRFAP1,Enh735,ENSG00000179010,False,0.014153729190998185,0.014719893225199239
Enh735_MRFAP1L1,Enh735,ENSG00000178988,False,0.12176266663320227,0.04505466648024405
Enh736_BLOC1S4,Enh736,ENSG00000186222,False,0.5865786059899736,0.38810198060563766
Enh736_GRPEL1,Enh736,ENSG00000109519,False,0.027574773233793717,0.02719135963046224
Enh736_KIAA0232,Enh736,ENSG00000170871,False,0.14611779183345025,0.11740563714968218
Enh736_MRFAP1,Enh736,ENSG00000179010,False,0.054164420561661056,0.0407527767116505
Enh736_MRFAP1L1,Enh736,ENSG00000178988,False,0.30037162687858715,0.2023682101360253
Enh736_WFS1,Enh736,ENSG00000109501,False,0.016214427114220366,0.015653370905576808
Enh737_BLOC1S4,Enh737,ENSG00000186222,False,0.38114029726369153,0.3500353478478467
Enh737_GRPEL1,Enh737,ENSG00000109519,False,0.024627292974149697,0.024663087879884034
Enh737_KIAA0232,Enh737,ENSG00000170871,True,0.16947234022625468,0.48774749703092185
Enh737_MAN2B2,Enh737,ENSG00000013288,False,0.048365841896793875,0.038202146024976
Enh737_MRFAP1,Enh737,ENSG00000179010,False,0.05249230870486283,0.04349153295058186
Enh737_MRFAP1L1,Enh737,ENSG00000178988,False,0.23078570855735972,0.18493025244032715
Enh738_GRSF1,Enh738,ENSG00000132463,False,0.10530118548311611,0.08702937045959964
Enh739_CCNI,Enh739,ENSG00000118816,False,0.1238625565694275,0.07013712433039579
Enh739_SEPTIN11,Enh739,ENSG00000138758,False,0.05066077984560585,0.06110508690931548
Enh742_APC,Enh742,ENSG00000134982,False,0.008276004154074628,0.012850882164466188
Enh742_REEP5,Enh742,ENSG00000129625,False,0.0028473576297206086,0.005254498850654102
Enh742_SRP19,Enh742,ENSG00000153037,False,0.0036630217582344494,0.006793786406757577
Enh743_APC,Enh743,ENSG00000134982,False,0.007637209427131489,0.011630380114368108
Enh743_REEP5,Enh743,ENSG00000129625,False,0.002595965497197657,0.004313743714090759
Enh743_SRP19,Enh743,ENSG00000153037,False,0.003345416901203099,0.005441186952833472
Enh745_CSNK1G3,Enh745,ENSG00000151292,False,0.00844418366949118,0.00700268946089829
Enh748_BRD8,Enh748,ENSG00000112983,False,0.005744273332980465,0.0084257771066501
Enh748_CTNNA1,Enh748,ENSG00000044115,False,0.006487062210637869,0.009207502879958349
Enh748_ETF1,Enh748,ENSG00000120705,False,0.013914942437995653,0.016295743764053648
Enh748_HSPA9,Enh748,ENSG00000113013,False,0.009567691447508062,0.011817082576202745
Enh749_CTNNA1,Enh749,ENSG00000044115,False,0.0029228711711241167,0.005018646783971958
Enh749_ETF1,Enh749,ENSG00000120705,False,0.00637992394266215,0.010031191372077974
Enh749_HSPA9,Enh749,ENSG00000113013,False,0.004363559156494663,0.007295941874553945
Enh74_C1orf122,Enh74,ENSG00000197982,False,0.005897162550671521,0.008914007554379245
Enh74_SF3A3,Enh74,ENSG00000183431,False,0.04170146197400261,0.045255366766556254
Enh74_UTP11,Enh74,ENSG00000183520,False,0.059714403419835416,0.06517446149620136
Enh750_CTNNA1,Enh750,ENSG00000044115,False,0.024251315905353284,0.02321099136784864
Enh750_ETF1,Enh750,ENSG00000120705,False,0.07303157346807118,0.056409101125654185
Enh750_HSPA9,Enh750,ENSG00000113013,False,0.04129455503930696,0.0348651576074965
Enh751_BRD8,Enh751,ENSG00000112983,False,0.022934067850064816,0.022843736143747163
Enh751_CTNNA1,Enh751,ENSG00000044115,False,0.028319382060639522,0.023324908546436717
Enh751_ETF1,Enh751,ENSG00000120705,False,0.11320877895229672,0.18690038457997443
Enh751_HSPA9,Enh751,ENSG00000113013,False,0.059462011791679016,0.05153399154526369
Enh752_CTNNA1,Enh752,ENSG00000044115,False,0.011442729638107352,0.012688536297356516
Enh752_ETF1,Enh752,ENSG00000120705,False,0.043384775739124776,0.04656624928603979
Enh752_HSPA9,Enh752,ENSG00000113013,False,0.02142528359158094,0.02141935861643345
Enh753_CTNNA1,Enh753,ENSG00000044115,False,0.11245899729036521,0.09398355699695884
Enh753_ETF1,Enh753,ENSG00000120705,False,0.15553424672977187,0.11738660867317405
Enh753_HSPA9,Enh753,ENSG00000113013,False,0.6928063240580348,0.4363563282837589
Enh754_CXXC5,Enh754,ENSG00000171604,False,0.008679101898761822,0.009199091107918368
Enh754_PAIP2,Enh754,ENSG00000120727,False,0.030084476241748877,0.023542114151268535
Enh754_SIL1,Enh754,ENSG00000120725,False,0.02014104786940752,0.017052860119786854
Enh754_UBE2D2,Enh754,ENSG00000131508,False,0.4571888710400006,0.26722002650479465
Enh755_GALNT10,Enh755,ENSG00000164574,False,0.015105117820403092,0.01180865821548464
Enh755_LARP1,Enh755,ENSG00000155506,False,0.04194734937268083,0.03087972342165785
Enh755_MRPL22,Enh755,ENSG00000082515,False,0.03979919228742768,0.030804291428252865
Enh756_BOD1,Enh756,ENSG00000145919,False,0.0464626429821668,0.043316416260662495
Enh756_STC2,Enh756,ENSG00000113739,False,0.005292992408590042,0.006735746059266
Enh757_CPEB4,Enh757,ENSG00000113742,True,0.08192305708001377,0.06519620655946674
Enh758_SUB1,Enh758,ENSG00000113387,False,0.2156026557134938,0.1758467665293883
Enh758_ZFR,Enh758,ENSG00000056097,False,0.14110333587497792,0.1158598668048999
Enh759_DHX29,Enh759,ENSG00000067248,False,0.035199503757554575,0.03012120447798358
Enh759_GPX8,Enh759,ENSG00000164294,False,0.013782394873637964,0.014403956761480412
Enh759_IL6ST,Enh759,ENSG00000134352,False,0.01662880117988368,0.017194603934268204
Enh759_MTREX,Enh759,ENSG00000039123,False,0.033306674536662834,0.027234782084054474
Enh75_CTPS1,Enh75,ENSG00000171793,False,0.014321081817274596,0.011600880488363271
Enh760_DHX29,Enh760,ENSG00000067248,False,0.025795800420174302,0.028742482288746915
Enh760_GPX8,Enh760,ENSG00000164294,False,0.010294390202616233,0.013603696542171258
Enh760_IL6ST,Enh760,ENSG00000134352,False,0.011991716491242916,0.014867890385731457
Enh760_MTREX,Enh760,ENSG00000039123,False,0.024088293460489997,0.026577958407922056
Enh763_PLK2,Enh763,ENSG00000145632,False,0.009810569786702089,0.008825976498819638
Enh766_RPS23,Enh766,ENSG00000186468,False,0.008993380931637422,0.01131717136248304
Enh766_TMEM167A,Enh766,ENSG00000174695,False,0.015703087139258342,0.018756876428458802
Enh769_TMEM14B,Enh769,ENSG00000137210,False,0.020094825943713656,0.024746943072813606
Enh769_TMEM14C,Enh769,ENSG00000111843,False,0.019198778868787805,0.022110934582370265
Enh770_AMD1,Enh770,ENSG00000123505,False,0.022836329705471173,0.022024398500395465
Enh770_GTF3C6,Enh770,ENSG00000155115,False,0.019930890599452855,0.020626777690167217
Enh770_RPF2,Enh770,ENSG00000197498,False,0.022202994256215407,0.022203148386022598
Enh771_AMD1,Enh771,ENSG00000123505,False,0.021573283479446353,0.02544429487948493
Enh771_GTF3C6,Enh771,ENSG00000155115,False,0.018927244828485183,0.018178185675460982
Enh771_RPF2,Enh771,ENSG00000197498,False,0.020340239732660345,0.019673985583776976
Enh772_AMD1,Enh772,ENSG00000123505,True,0.013345812776941635,0.020830395770833416
Enh772_CDC40,Enh772,ENSG00000168438,False,0.01200252452795189,0.013004046527828873
Enh772_GTF3C6,Enh772,ENSG00000155115,False,0.010878445043734404,0.012215882248605456
Enh772_RPF2,Enh772,ENSG00000197498,False,0.012759661730306082,0.014507598831657868
Enh774_GJA1,Enh774,ENSG00000152661,False,0.019875067530549254,0.020695163131660158
Enh775_HIVEP1,Enh775,ENSG00000095951,False,0.04287862644409502,0.044885212667332766
Enh776_SERINC1,Enh776,ENSG00000111897,False,0.015002256817600076,0.014111408958924605
Enh778_HDDC2,Enh778,ENSG00000111906,False,0.029096498801020446,0.026124243403730544
Enh779_HDDC2,Enh779,ENSG00000111906,False,0.1069129970912392,0.046541769902968384
Enh779_NCOA7,Enh779,ENSG00000111912,False,0.009606106887386131,0.0073271720050182045
Enh779_RNF217,Enh779,ENSG00000146373,False,0.0066425403153154445,0.005118005792461508
Enh779_TPD52L1,Enh779,ENSG00000111907,False,0.035873518153342145,0.02042212374644354
Enh782_HBS1L,Enh782,ENSG00000112339,False,0.07154201272312796,0.05862376326273139
Enh783_BCLAF1,Enh783,ENSG00000029363,False,0.027347704987856825,0.028209276441398316
Enh785_SF3B5,Enh785,ENSG00000169976,False,0.12116575979921619,0.06208369186968027
Enh785_UTRN,Enh785,ENSG00000152818,False,0.012876612385538241,0.009766131842764137
Enh786_GINM1,Enh786,ENSG00000055211,False,0.0037217718435679273,0.005169422300462364
Enh786_PCMT1,Enh786,ENSG00000120265,False,0.0075108420752469,0.00861205116147751
Enh786_PPIL4,Enh786,ENSG00000131013,False,0.004249896949515864,0.005485482341408556
Enh789_ARID1B,Enh789,ENSG00000049618,False,0.1588514572369418,0.09603216811902286
Enh78_ELOVL1,Enh78,ENSG00000066322,False,0.10513052112953826,0.06270641509893005
Enh78_MED8,Enh78,ENSG00000159479,False,0.08762313320285459,0.0621555450972582
Enh793_ARID1B,Enh793,ENSG00000049618,False,0.01383702820005913,0.00819092060192005
Enh793_SNX9,Enh793,ENSG00000130340,False,0.01093780517092264,0.006782006433446414
Enh793_TMEM242,Enh793,ENSG00000215712,False,0.07138222353751185,0.03462190611481584
Enh794_QKI,Enh794,ENSG00000112531,False,0.15052713358496145,0.23601514847940713
Enh795_QKI,Enh795,ENSG00000112531,False,0.1338205846381376,0.10557082729761547
Enh799_HIST1H2BG,Enh799,ENSG00000273802,True,0.0702720586706186,0.049448637804777984
Enh79_CMPK1,Enh79,ENSG00000162368,False,0.033427686502637506,0.024322678458006175
Enh7_ATP1A1,Enh7,ENSG00000163399,False,0.02722214317788901,0.027687701171325917
Enh800_HIST1H4C,Enh800,ENSG00000197061,False,0.021985505280641728,0.02356713062027123
Enh801_HMGN4,Enh801,ENSG00000182952,False,0.051074381756520244,0.035633680558609784
Enh802_HIST1H4C,Enh802,ENSG00000197061,False,0.010608666086095108,0.011981907062003092
Enh805_HIST1H4C,Enh805,ENSG00000197061,False,0.01830108618281932,0.014037619647644163
Enh806_HIST1H4C,Enh806,ENSG00000197061,False,0.0036906651074740107,0.006684164535509655
Enh810_ZSCAN16-AS1,Enh810,ENSG00000269293,False,0.011927061939512916,0.012120416794202647
Enh811_ZSCAN16-AS1,Enh811,ENSG00000269293,False,0.02706674416904326,0.025208903247591848
Enh812_ZSCAN16-AS1,Enh812,ENSG00000269293,False,0.024708758261985587,0.02055428494467857
Enh813_CUTA,Enh813,ENSG00000112514,False,0.0051275648199324035,0.006534445708359326
Enh813_HMGA1,Enh813,ENSG00000137309,False,0.005160306357913091,0.0067675415280312535
Enh813_PFDN6,Enh813,ENSG00000204220,False,0.005703144893526875,0.007601548705315934
Enh813_RPS18,Enh813,ENSG00000231500,False,0.0021617712378187268,0.0032068720679004404
Enh813_SMIM29,Enh813,ENSG00000186577,False,0.007948975808653481,0.009147739225061784
Enh813_TAPBP,Enh813,ENSG00000231925,False,0.005617777860833832,0.007338735730482661
Enh813_UQCC2,Enh813,ENSG00000137288,False,0.07438272066584144,0.054879961061530334
Enh814_HMGA1,Enh814,ENSG00000137309,False,0.30937626520542233,0.3885053688118827
Enh814_NUDT3,Enh814,ENSG00000272325,False,0.07290640794635488,0.04513916307587512
Enh814_RPS10,Enh814,ENSG00000124614,False,0.030720756131685956,0.02027287734788155
Enh814_SMIM29,Enh814,ENSG00000186577,False,0.2709644321308986,0.13357602022358164
Enh815_RPL10A,Enh815,ENSG00000198755,False,0.016461354427827254,0.022234155023548197
Enh815_SRPK1,Enh815,ENSG00000096063,False,0.03383543047356967,0.039474254775769775
Enh816_RPL10A,Enh816,ENSG00000198755,False,0.012266500034652204,0.018669559400181546
Enh816_SRPK1,Enh816,ENSG00000096063,False,0.03433096303322697,0.04850248693869687
Enh817_KCTD20,Enh817,ENSG00000112078,False,0.0038713781255439107,0.005485470950672741
Enh817_SRPK1,Enh817,ENSG00000096063,False,0.004970715843635413,0.0063125964948868825
Enh817_SRSF3,Enh817,ENSG00000112081,False,0.0022651374787848954,0.0035969235523998734
Enh818_CDKN1A,Enh818,ENSG00000124762,False,0.008905308625345545,0.012435970080703528
Enh818_KCTD20,Enh818,ENSG00000112078,False,0.053078093688662675,0.05276813381219314
Enh818_SRPK1,Enh818,ENSG00000096063,False,0.012786070036359409,0.01577313636550771
Enh818_SRSF3,Enh818,ENSG00000112081,False,0.018840818391163458,0.02270395997937439
Enh818_STK38,Enh818,ENSG00000112079,False,0.03848944361577213,0.040414305190559406
Enh819_MEA1,Enh819,ENSG00000124733,False,0.00817042593395092,0.008868065929622464
Enh819_MRPS10,Enh819,ENSG00000048544,False,0.02641738313935293,0.02265893146744235
Enh819_PPP2R5D,Enh819,ENSG00000112640,False,0.0129023151425482,0.012881459747639865
Enh819_RPL7L1,Enh819,ENSG00000146223,False,0.015082588813400516,0.01407540793458076
Enh819_RRP36,Enh819,ENSG00000124541,False,0.01119496881255873,0.011301373336161283
Enh820_MEA1,Enh820,ENSG00000124733,False,0.00879368057025962,0.01336029762265634
Enh820_MRPS10,Enh820,ENSG00000048544,False,0.02831362099789278,0.0343699287915003
Enh820_RPL7L1,Enh820,ENSG00000146223,False,0.016232324192187324,0.02004441643372362
Enh820_RRP36,Enh820,ENSG00000124541,False,0.012045997153491802,0.01697182799555671
Enh821_DNPH1,Enh821,ENSG00000112667,False,0.014772329888930512,0.0121149987837233
Enh821_MRPL14,Enh821,ENSG00000180992,False,0.015176922821439256,0.011672906057448305
Enh821_MRPS18A,Enh821,ENSG00000096080,False,0.4859842768924369,0.2809942914917009
Enh821_VEGFA,Enh821,ENSG00000112715,True,0.13348176239073584,0.06071399608882234
Enh821_YIPF3,Enh821,ENSG00000137207,False,0.029820254546345255,0.020615411119386383
Enh822_SMAP1,Enh822,ENSG00000112305,False,0.01514772914957963,0.014515897920822203
Enh824_HMGN3,Enh824,ENSG00000118418,False,0.026911204135119833,0.023604446901304383
Enh824_PHIP,Enh824,ENSG00000146247,False,0.02240794443882945,0.020652645504338905
Enh826_AKIRIN2,Enh826,ENSG00000135334,False,0.00460320250155495,0.006147980996175971
Enh826_ORC3,Enh826,ENSG00000135336,False,0.0034725142481874423,0.00496632743902073
Enh826_RARS2,Enh826,ENSG00000146282,False,0.003521466295340324,0.005071263919675904
Enh830_COPS6,Enh830,ENSG00000168090,False,0.0021763937979488294,0.004602709033388938
Enh830_GNB2,Enh830,ENSG00000172354,False,0.0037279547661276417,0.007257912204826767
Enh830_LAMTOR4,Enh830,ENSG00000188186,False,0.0021182369692765092,0.0043437883319726355
Enh830_TRIP6,Enh830,ENSG00000087077,False,0.002208745787942114,0.004765978906528807
Enh830_ZKSCAN1,Enh830,ENSG00000106261,False,0.0019003225285488087,0.004406029909688472
Enh831_AP1S1,Enh831,ENSG00000106367,False,0.1184982480565376,0.08177151310182461
Enh831_FIS1,Enh831,ENSG00000214253,False,0.04014682023336707,0.02714760086726378
Enh831_GNB2,Enh831,ENSG00000172354,False,0.011916086768484784,0.010228462589329645
Enh831_PLOD3,Enh831,ENSG00000106397,False,0.06501401538088497,0.0399553278160173
Enh831_POP7,Enh831,ENSG00000172336,False,0.017417447432324675,0.01357537824760597
Enh831_SERPINE1,Enh831,ENSG00000106366,True,0.14569394356630622,0.16849665730483587
Enh831_SRRT,Enh831,ENSG00000087087,False,0.04103178616176116,0.027675524128140325
Enh831_TRIM56,Enh831,ENSG00000169871,False,0.4281475451737249,0.7885693625038444
Enh831_TRIP6,Enh831,ENSG00000087077,False,0.026966732618025843,0.01911924335421874
Enh831_ZNHIT1,Enh831,ENSG00000106400,False,0.040334168623902274,0.02641028352482624
Enh832_SYPL1,Enh832,ENSG00000008282,False,0.11565113355401066,0.10884362329009842
Enh833_SYPL1,Enh833,ENSG00000008282,False,0.030945598924968804,0.013962724489146042
Enh834_NAMPT,Enh834,ENSG00000105835,False,0.03270437819875686,0.021820917982819595
Enh834_SYPL1,Enh834,ENSG00000008282,False,0.18230238652529365,0.2833123559395627
Enh835_SYPL1,Enh835,ENSG00000008282,False,0.027525271801961414,0.02781845172347048
Enh838_CPA4,Enh838,ENSG00000128510,True,0.004238917926527203,0.0034322237524791396
Enh838_KLHDC10,Enh838,ENSG00000128607,False,0.01540115664833073,0.010112491644201563
Enh838_UBE2H,Enh838,ENSG00000186591,False,0.03813173028616927,0.027016418707786982
Enh841_CUL1,Enh841,ENSG00000055130,False,0.024817851023936608,0.03162560578665631
Enh842_CUL1,Enh842,ENSG00000055130,False,0.016919617689120356,0.013629805814080886
Enh842_PDIA4,Enh842,ENSG00000155660,False,0.1409217387884835,0.09970061438351525
Enh845_ABCF2,Enh845,ENSG00000033050,False,0.03075269384956649,0.02183196563525821
Enh845_AGAP3,Enh845,ENSG00000133612,False,0.02159944197591923,0.016417811876630634
Enh845_CHPF2,Enh845,ENSG00000033100,False,0.03372603440816416,0.022423540476261952
Enh845_FASTK,Enh845,ENSG00000164896,False,0.01957763377374597,0.014699751098397338
Enh845_NUB1,Enh845,ENSG00000013374,False,0.04911590402940409,0.027667598602745876
Enh845_RHEB,Enh845,ENSG00000106615,False,0.12156122565597122,0.05440405318915974
Enh845_SLC4A2,Enh845,ENSG00000164889,False,0.013138979617724594,0.01052984604424756
Enh845_SMARCD3,Enh845,ENSG00000082014,False,0.045507752960692836,0.030484421173150113
Enh846_ABCF2,Enh846,ENSG00000033050,False,0.013498010071215547,0.016916755262695503
Enh846_AGAP3,Enh846,ENSG00000133612,False,0.009573302834587495,0.012927542866317553
Enh846_CHPF2,Enh846,ENSG00000033100,False,0.015153132757491075,0.018105302772227484
Enh846_NUB1,Enh846,ENSG00000013374,False,0.022138968155560088,0.024064019791017313
Enh846_RHEB,Enh846,ENSG00000106615,False,0.24568572619451917,0.18582399178023995
Enh846_SLC4A2,Enh846,ENSG00000164889,False,0.006795810116286284,0.009624848346637052
Enh846_SMARCD3,Enh846,ENSG00000082014,False,0.021363663088212515,0.024934582829403088
Enh848_DNAJB6,Enh848,ENSG00000105993,False,0.1528438932526682,0.1164076431347576
Enh849_DNAJB6,Enh849,ENSG00000105993,True,0.2370543595511337,0.9033448989299492
Enh849_UBE3C,Enh849,ENSG00000009335,False,0.07071186849504404,0.06395147077681382
Enh84_RNF11,Enh84,ENSG00000123091,False,0.028921398693546048,0.02075010896715375
Enh851_CBX3,Enh851,ENSG00000122565,False,0.010040095410516448,0.009955258865954972
Enh851_HNRNPA2B1,Enh851,ENSG00000122566,False,0.0103024842163357,0.010500510377707675
Enh852_MRPL32,Enh852,ENSG00000106591,False,0.14694749855967404,0.07245782026853893
Enh852_PSMA2,Enh852,ENSG00000106588,False,0.09373050343778762,0.04996005758999572
Enh853_EGFR,Enh853,ENSG00000146648,False,0.002524898667405054,0.003750528019687465
Enh853_SEC61G,Enh853,ENSG00000132432,False,0.004583762029318254,0.00656434948286386
Enh854_HSPB1,Enh854,ENSG00000106211,True,0.3070808241340585,0.9787180522130096
Enh854_MDH2,Enh854,ENSG00000146701,False,0.03722064520242932,0.03313212751779244
Enh854_YWHAG,Enh854,ENSG00000170027,False,0.10338203768489829,0.08946794580044345
Enh855_HSPB1,Enh855,ENSG00000106211,True,0.5397739639818386,0.9214847539689757
Enh855_MDH2,Enh855,ENSG00000146701,False,0.04799270060467375,0.048406998713741704
Enh855_YWHAG,Enh855,ENSG00000170027,False,0.1537156322448954,0.12324505150039577
Enh856_HSPB1,Enh856,ENSG00000106211,True,0.39944442805443986,0.8995000739161295
Enh856_MDH2,Enh856,ENSG00000146701,False,0.040400667110871785,0.040418672586191765
Enh856_YWHAG,Enh856,ENSG00000170027,False,0.11717704402833964,0.09223772706330283
Enh857_HSPB1,Enh857,ENSG00000106211,True,0.046202956333799186,0.04638931279688747
Enh857_MDH2,Enh857,ENSG00000146701,False,0.002171589214427808,0.004275800387719543
Enh857_POR,Enh857,ENSG00000127948,False,0.0017098932673339023,0.003629478223317459
Enh857_YWHAG,Enh857,ENSG00000170027,False,0.007586015088986675,0.010940142742746014
Enh858_HSPB1,Enh858,ENSG00000106211,False,0.5005278565287999,0.16979887116292341
Enh858_MDH2,Enh858,ENSG00000146701,False,0.018417237955319514,0.020728011576434033
Enh858_POR,Enh858,ENSG00000127948,False,0.012622600515008893,0.015605429144669102
Enh858_YWHAG,Enh858,ENSG00000170027,False,0.07883349093006256,0.06266562838548823
Enh859_HSPB1,Enh859,ENSG00000106211,False,0.053274651496072106,0.05458316783056513
Enh859_MDH2,Enh859,ENSG00000146701,False,0.005159873038193588,0.007048278989598207
Enh859_YWHAG,Enh859,ENSG00000170027,False,0.018560138211550493,0.017082879972989354
Enh85_RNF11,Enh85,ENSG00000123091,False,0.018481272316659362,0.016300449716403563
Enh860_HSPB1,Enh860,ENSG00000106211,False,0.26572394658518,0.26150766870803605
Enh860_MDH2,Enh860,ENSG00000146701,False,0.027530588888537984,0.029597387577461397
Enh860_POR,Enh860,ENSG00000127948,False,0.018763591445112315,0.02010341865129591
Enh860_YWHAG,Enh860,ENSG00000170027,False,0.1159134614738681,0.0733878127283694
Enh861_HSPB1,Enh861,ENSG00000106211,False,0.20680515453127768,0.1253083284646951
Enh861_MDH2,Enh861,ENSG00000146701,False,0.03226351870368504,0.029628646609515984
Enh861_POR,Enh861,ENSG00000127948,False,0.02384187772413083,0.022906560300045245
Enh861_YWHAG,Enh861,ENSG00000170027,False,0.16418470682900344,0.07837058130462154
Enh862_HSPB1,Enh862,ENSG00000106211,False,0.21188521720665232,0.11005157836330617
Enh862_MDH2,Enh862,ENSG00000146701,False,0.030299404069198507,0.028727529547346288
Enh862_POR,Enh862,ENSG00000127948,False,0.02077312140484314,0.021415031759482176
Enh862_YWHAG,Enh862,ENSG00000170027,False,0.16524656040019567,0.10441646277795999
Enh863_HSPB1,Enh863,ENSG00000106211,False,0.0651515772411224,0.046180544837453055
Enh863_MDH2,Enh863,ENSG00000146701,False,0.022830131009340487,0.022659945564130844
Enh863_POR,Enh863,ENSG00000127948,False,0.015954176159598158,0.017032341717650633
Enh863_YWHAG,Enh863,ENSG00000170027,False,0.6447141684942848,0.5439890097770916
Enh864_HSPB1,Enh864,ENSG00000106211,False,0.04800117177047995,0.025570451790398793
Enh864_MDH2,Enh864,ENSG00000146701,False,0.019310541567796758,0.014115226370757279
Enh864_POR,Enh864,ENSG00000127948,False,0.014310443533951544,0.010079656172680364
Enh864_STYXL1,Enh864,ENSG00000127952,False,0.025009126125446465,0.01813033850141222
Enh864_YWHAG,Enh864,ENSG00000170027,True,0.25177338138304367,0.6398002917669259
Enh866_PABPC1,Enh866,ENSG00000070756,False,0.026459682311691633,0.015345021846554912
Enh866_YWHAZ,Enh866,ENSG00000164924,False,0.0352718188643949,0.023332527158605346
Enh866_ZNF706,Enh866,ENSG00000120963,False,0.018828880270382823,0.01427564303603723
Enh867_PABPC1,Enh867,ENSG00000070756,False,0.01855276146127088,0.02045653108625205
Enh867_YWHAZ,Enh867,ENSG00000164924,False,0.08036839815098178,0.06106787411410639
Enh867_ZNF706,Enh867,ENSG00000120963,False,0.023723706918256877,0.02450818296911195
Enh868_PABPC1,Enh868,ENSG00000070756,False,0.012530346839672997,0.018446059039922223
Enh868_YWHAZ,Enh868,ENSG00000164924,False,0.0605080432423205,0.06294539821376338
Enh868_ZNF706,Enh868,ENSG00000120963,False,0.0178779312573907,0.025264339416202344
Enh869_PABPC1,Enh869,ENSG00000070756,False,0.004105684100118449,0.0034324957513222334
Enh869_YWHAZ,Enh869,ENSG00000164924,False,0.01455981394842533,0.006407653726014862
Enh869_ZNF706,Enh869,ENSG00000120963,False,0.03222590303869076,0.016650655750325764
Enh86_RNF11,Enh86,ENSG00000123091,False,0.0038829999792648847,0.006232972807559852
Enh870_PABPC1,Enh870,ENSG00000070756,False,0.006346683046714783,0.00749111070019639
Enh870_YWHAZ,Enh870,ENSG00000164924,False,0.02131554949065284,0.019895314454349815
Enh870_ZNF706,Enh870,ENSG00000120963,False,0.057358625329208046,0.04648597016478466
Enh871_PABPC1,Enh871,ENSG00000070756,False,0.006115521124382113,0.007721459652874873
Enh871_YWHAZ,Enh871,ENSG00000164924,False,0.022085050043989828,0.020265441200151245
Enh871_ZNF706,Enh871,ENSG00000120963,False,0.05493326215900851,0.046241915477842135
Enh873_ATP6V1C1,Enh873,ENSG00000155097,False,0.003613308751930326,0.005169220509591138
Enh873_AZIN1,Enh873,ENSG00000155096,False,0.004941247013277565,0.006487790640340129
Enh873_RRM2B,Enh873,ENSG00000048392,False,0.004091320837593569,0.005887284404548013
Enh873_UBR5,Enh873,ENSG00000104517,False,0.008220896389027245,0.007597249570007529
Enh874_AZIN1,Enh874,ENSG00000155096,False,0.054710049198234835,0.046576978024192875
Enh874_RRM2B,Enh874,ENSG00000048392,False,0.015778426803424957,0.016865640270253515
Enh874_UBR5,Enh874,ENSG00000104517,False,0.03341781333586345,0.03154341134888067
Enh875_ATP6V1C1,Enh875,ENSG00000155097,False,0.0348667176641686,0.027972882140984076
Enh875_AZIN1,Enh875,ENSG00000155096,False,0.05694314563809463,0.04078366270653862
Enh875_RRM2B,Enh875,ENSG00000048392,False,0.01711864126364186,0.015870460324366443
Enh875_UBR5,Enh875,ENSG00000104517,False,0.03745581661918152,0.028607973269396066
Enh876_ATP6V1C1,Enh876,ENSG00000155097,False,0.02915780383317071,0.0209101598377807
Enh876_AZIN1,Enh876,ENSG00000155096,False,0.06069403568276363,0.03636758166151121
Enh876_KLF10,Enh876,ENSG00000155090,True,0.0637403339940909,0.0847259538831654
Enh876_UBR5,Enh876,ENSG00000104517,False,0.01986223904615411,0.01550831761141923
Enh877_EXT1,Enh877,ENSG00000182197,False,0.01705536515000431,0.011248457072298212
Enh878_CTSB,Enh878,ENSG00000164733,True,0.15215071849465897,0.11909976466700599
Enh878_FDFT1,Enh878,ENSG00000079459,False,0.06383893377475798,0.05673024260081515
Enh888_BNIP3L,Enh888,ENSG00000104765,False,0.01994444538742924,0.025076822236562286
Enh888_DPYSL2,Enh888,ENSG00000092964,False,0.008398023017249885,0.011770254965733222
Enh888_PPP2R2A,Enh888,ENSG00000221914,False,0.04258250996399063,0.04520340735627175
Enh889_BNIP3L,Enh889,ENSG00000104765,False,0.018440094347706,0.016041810351731297
Enh889_DPYSL2,Enh889,ENSG00000092964,False,0.008126677724086078,0.008169887007564157
Enh889_PPP2R2A,Enh889,ENSG00000221914,False,0.04070444606463721,0.033170603497901976
Enh88_SCP2,Enh88,ENSG00000116171,False,0.047000132659233786,0.0592747390130535
Enh890_BNIP3L,Enh890,ENSG00000104765,False,0.01628224737722347,0.01935070703657097
Enh890_DPYSL2,Enh890,ENSG00000092964,False,0.02763999802750426,0.025193763782929764
Enh890_PPP2R2A,Enh890,ENSG00000221914,False,0.011285091088706317,0.014878097143806944
Enh893_HOOK3,Enh893,ENSG00000168172,False,0.01267026880517489,0.015745514588287424
Enh893_PLAT,Enh893,ENSG00000104368,True,0.014404749459596848,0.016613816504618142
Enh893_VDAC3,Enh893,ENSG00000078668,False,0.28409607381538793,0.1629902752131219
Enh894_HOOK3,Enh894,ENSG00000168172,False,0.04843238673676248,0.02288140593074257
Enh894_VDAC3,Enh894,ENSG00000078668,False,0.011661863106856329,0.011233667202586716
Enh895_ATP6V1H,Enh895,ENSG00000047249,False,0.04586938007707218,0.03752811520350705
Enh895_TCEA1,Enh895,ENSG00000187735,False,0.013360983036091283,0.011969691571077665
Enh896_ATP6V1H,Enh896,ENSG00000047249,False,0.07875030405738222,0.07164742983566204
Enh896_TCEA1,Enh896,ENSG00000187735,False,0.018628591229610574,0.019723044070331465
Enh897_RAB2A,Enh897,ENSG00000104388,False,0.0019691402192204034,0.0032401187596477294
Enh899_MYBL1,Enh899,ENSG00000185697,True,0.1559858585294969,0.09604840667785586
Enh899_SNHG6,Enh899,ENSG00000245910,False,0.019017255066827953,0.020386006175253366
Enh89_MRPL37,Enh89,ENSG00000116221,False,0.035767319575738386,0.03545618125536688
Enh89_TMEM59,Enh89,ENSG00000116209,False,0.017661549275857603,0.018260507416079912
Enh8_ATP1A1,Enh8,ENSG00000163399,False,0.008873564066441358,0.014039803448425018
Enh900_MYBL1,Enh900,ENSG00000185697,True,0.22552359235918404,0.7198114646471876
Enh900_SNHG6,Enh900,ENSG00000245910,False,0.026414366377205584,0.0216938979445449
Enh901_MYBL1,Enh901,ENSG00000185697,True,0.09342037515587943,0.11707935942204914
Enh901_SNHG6,Enh901,ENSG00000245910,False,0.009886159334944808,0.012186197993541023
Enh902_SNHG6,Enh902,ENSG00000245910,False,0.015288826395128614,0.021652424606495458
Enh908_MTDH,Enh908,ENSG00000147649,False,0.008865794209802925,0.010364382885080476
Enh909_RPL30,Enh909,ENSG00000156482,False,0.013962146107456082,0.013555984581020506
Enh910_RPL30,Enh910,ENSG00000156482,False,0.005293566102086042,0.0069923364965615385
Enh911_MSANTD3,Enh911,ENSG00000066697,False,0.02287109832189725,0.022004088436292576
Enh911_TEX10,Enh911,ENSG00000136891,False,0.030051407976104748,0.030058494668112137
Enh912_RAD23B,Enh912,ENSG00000119318,False,0.10458018238803277,0.08883820195875218
Enh913_RAD23B,Enh913,ENSG00000119318,False,0.012151921037280489,0.009953666876012518
Enh914_RAD23B,Enh914,ENSG00000119318,False,0.012931991923871197,0.018923862210956762
Enh915_RAD23B,Enh915,ENSG00000119318,False,0.01181580833810793,0.015385635810184485
Enh916_RAD23B,Enh916,ENSG00000119318,False,0.015289713260706534,0.015551204029012982
Enh917_RAD23B,Enh917,ENSG00000119318,False,0.0072491897618427595,0.0074450913558818475
Enh919_TXN,Enh919,ENSG00000136810,False,0.005728370811001358,0.005312513169131908
Enh91_DHCR24,Enh91,ENSG00000116133,False,0.018734745962573796,0.01678294883420939
Enh91_TTC4,Enh91,ENSG00000243725,False,0.0061882468421561344,0.007170198758067498
Enh920_GNG10,Enh920,ENSG00000242616,False,0.015174999079616997,0.020143962399579027
Enh925_C9orf78,Enh925,ENSG00000136819,False,0.006420592036244653,0.008611881110428748
Enh925_NTMT1,Enh925,ENSG00000148335,False,0.021763801945580197,0.023393420804162016
Enh925_PTPA,Enh925,ENSG00000119383,False,0.014035316014945313,0.01621523916029687
Enh926_C9orf78,Enh926,ENSG00000136819,False,0.013327349894193133,0.013094190670054065
Enh926_NTMT1,Enh926,ENSG00000148335,False,0.04378073423018915,0.036354546274403
Enh926_PTPA,Enh926,ENSG00000119383,False,0.027763746935702258,0.02384595493345201
Enh927_C9orf78,Enh927,ENSG00000136819,False,0.01598887700751771,0.016597011826878734
Enh927_NTMT1,Enh927,ENSG00000148335,False,0.04942404912492745,0.04570361727365009
Enh927_PTPA,Enh927,ENSG00000119383,False,0.03225648473277402,0.0319759906200186
Enh928_C9orf78,Enh928,ENSG00000136819,False,0.0034820877185262177,0.0072145966473947075
Enh928_NTMT1,Enh928,ENSG00000148335,False,0.009456345202136599,0.015617128665888179
Enh928_PTPA,Enh928,ENSG00000119383,False,0.004395285372243059,0.0087388406195839
Enh929_C9orf78,Enh929,ENSG00000136819,False,0.019358364140865097,0.020234404132369144
Enh929_NTMT1,Enh929,ENSG00000148335,False,0.0702554601601522,0.06299396329959193
Enh929_PTPA,Enh929,ENSG00000119383,False,0.029527126752869372,0.030351805095952606
Enh930_C9orf78,Enh930,ENSG00000136819,False,0.014203358637936628,0.01878222543813857
Enh930_NTMT1,Enh930,ENSG00000148335,False,0.05233816122544982,0.054191319526524236
Enh930_PTPA,Enh930,ENSG00000119383,False,0.021684319658751214,0.027642219600009066
Enh931_C9orf78,Enh931,ENSG00000136819,False,0.0164713831005082,0.020551135499092602
Enh931_NTMT1,Enh931,ENSG00000148335,False,0.06038395442354282,0.05894086335739461
Enh931_PTPA,Enh931,ENSG00000119383,False,0.02508100387214353,0.029920165531991248
Enh932_C9orf78,Enh932,ENSG00000136819,False,0.014192225837119644,0.015210026296810921
Enh932_NTMT1,Enh932,ENSG00000148335,False,0.08883845366810925,0.06626580641996296
Enh932_PTPA,Enh932,ENSG00000119383,False,0.01393295639737498,0.015042493130776257
Enh933_C9orf78,Enh933,ENSG00000136819,False,0.014253162460568654,0.015131479365107104
Enh933_NTMT1,Enh933,ENSG00000148335,False,0.09865362811115747,0.07605645716857676
Enh933_PTPA,Enh933,ENSG00000119383,False,0.014495301298125145,0.016332261379496397
Enh934_C9orf78,Enh934,ENSG00000136819,False,0.005105225909986035,0.008415708514428823
Enh934_NTMT1,Enh934,ENSG00000148335,False,0.03666294146707458,0.03946057051285092
Enh934_PTPA,Enh934,ENSG00000119383,False,0.004006321640023609,0.007033657186831481
Enh935_C9orf78,Enh935,ENSG00000136819,False,0.009174975070626036,0.013698259611687096
Enh935_IER5L,Enh935,ENSG00000188483,True,0.013995880135278214,0.020852993681273586
Enh935_NTMT1,Enh935,ENSG00000148335,False,0.07681877927999686,0.07291246218578655
Enh935_PTPA,Enh935,ENSG00000119383,False,0.008554976910633607,0.013213683101720233
Enh936_C9orf78,Enh936,ENSG00000136819,False,0.015242744240185749,0.012525997140740736
Enh936_NTMT1,Enh936,ENSG00000148335,False,0.12739399443772234,0.08479281594077105
Enh936_PTPA,Enh936,ENSG00000119383,False,0.013711507930418474,0.012438551436874213
Enh937_C9orf78,Enh937,ENSG00000136819,False,0.022602035580175546,0.015836565282060924
Enh937_NTMT1,Enh937,ENSG00000148335,False,0.35868248397889907,0.19577894173599847
Enh937_PTPA,Enh937,ENSG00000119383,False,0.01945165348119162,0.014366588384941165
Enh938_REXO4,Enh938,ENSG00000148300,False,0.006569906913867896,0.00899857526795345
Enh938_RPL7A,Enh938,ENSG00000148303,False,0.003588826685348109,0.004711692027294954
Enh938_SURF1,Enh938,ENSG00000148290,False,0.010689963706525323,0.013671257538768718
Enh938_SURF4,Enh938,ENSG00000148248,False,0.008121421358218181,0.0104548783395056
Enh938_SURF6,Enh938,ENSG00000148296,False,0.0113343019276594,0.013822134615822294
Enh939_REXO4,Enh939,ENSG00000148300,False,0.011336884551819788,0.01166504425322649
Enh939_RPL7A,Enh939,ENSG00000148303,False,0.004962962973782492,0.004969419350163986
Enh939_SURF1,Enh939,ENSG00000148290,False,0.01842116517548515,0.015904531664827914
Enh939_SURF4,Enh939,ENSG00000148248,False,0.013754238854809392,0.013748050336614267
Enh939_SURF6,Enh939,ENSG00000148296,False,0.01894921480510302,0.016797557354241308
Enh940_BRD3,Enh940,ENSG00000169925,False,0.0036582359230020096,0.0039972696841066154
Enh940_REXO4,Enh940,ENSG00000148300,False,0.0068155994199113465,0.006587884188912739
Enh940_RPL7A,Enh940,ENSG00000148303,False,0.0018546024906789204,0.0022122772325027084
Enh940_SURF1,Enh940,ENSG00000148290,False,0.00576955707725431,0.006072404524337551
Enh940_SURF2,Enh940,ENSG00000148291,False,0.006384386367105681,0.006145507638126382
Enh940_SURF4,Enh940,ENSG00000148248,False,0.005484728867239317,0.005481105026642423
Enh940_SURF6,Enh940,ENSG00000148296,False,0.004782339283453104,0.0046032002020953595
Enh942_COL5A1,Enh942,ENSG00000130635,True,0.46919687563252066,0.38671255551661865
Enh945_UBAC1,Enh945,ENSG00000130560,False,0.05755821990859949,0.04598018765481942
Enh946_PMPCA,Enh946,ENSG00000165688,False,0.02477672290746857,0.02640661512147625
Enh946_UBAC1,Enh946,ENSG00000130560,False,0.24614195199515562,0.20995414013740815
Enh947_AGPAT2,Enh947,ENSG00000169692,False,0.019892706865309636,0.017314609315857876
Enh947_DPP7,Enh947,ENSG00000176978,False,0.002145139901420667,0.003090034451817565
Enh947_EDF1,Enh947,ENSG00000107223,False,0.0021523981626295333,0.0024481255659138594
Enh947_FBXW5,Enh947,ENSG00000159069,False,0.003640605289302794,0.004289127056585295
Enh947_MAN1B1,Enh947,ENSG00000177239,False,0.0027966571399687147,0.0036536032088541354
Enh947_NPDC1,Enh947,ENSG00000107281,False,0.002212561246101472,0.003068986403502882
Enh947_PAXX,Enh947,ENSG00000148362,False,0.0031872316816162595,0.0037767673391813777
Enh947_PHPT1,Enh947,ENSG00000054148,False,0.00203247363911108,0.002450430000667057
Enh947_PMPCA,Enh947,ENSG00000165688,False,0.005561346692152504,0.006271903417349888
Enh947_RABL6,Enh947,ENSG00000196642,False,0.005328197968958186,0.005814956536168818
Enh947_SEC16A,Enh947,ENSG00000148396,False,0.008622088065478269,0.009119868937435148
Enh947_SNHG7,Enh947,ENSG00000233016,False,0.010496028120085231,0.010949903802227252
Enh947_TMEM141,Enh947,ENSG00000244187,False,0.006183227121817885,0.006475227865241206
Enh948_CLIC3,Enh948,ENSG00000169583,True,0.010856613023629696,0.011571472069838294
Enh948_DPP7,Enh948,ENSG00000176978,False,0.010262390930363647,0.01283373425518454
Enh948_EDF1,Enh948,ENSG00000107223,False,0.00857027501370866,0.009359441212969003
Enh948_FBXW5,Enh948,ENSG00000159069,False,0.017789495936194537,0.01990304427823975
Enh948_NPDC1,Enh948,ENSG00000107281,False,0.011116803777539529,0.013126988502394023
Enh948_PAXX,Enh948,ENSG00000148362,False,0.015721792435145394,0.017756598396646558
Enh948_PHPT1,Enh948,ENSG00000054148,False,0.007514967872424324,0.007814141052879215
Enh948_PMPCA,Enh948,ENSG00000165688,False,0.034704448632971334,0.035352422208572466
Enh948_RABL6,Enh948,ENSG00000196642,False,0.026472860396199532,0.02521820891862413
Enh948_SEC16A,Enh948,ENSG00000148396,False,0.06325169381732458,0.05973716945044496
Enh948_SNHG7,Enh948,ENSG00000233016,False,0.06484889790523718,0.051955071394269484
Enh948_TMEM141,Enh948,ENSG00000244187,False,0.026418599499267108,0.02550309890690833
Enh949_CLIC3,Enh949,ENSG00000169583,True,0.0023271279660800016,0.004225537507609473
Enh949_EDF1,Enh949,ENSG00000107223,False,0.0023179229921318676,0.004108494272408062
Enh949_NPDC1,Enh949,ENSG00000107281,False,0.0021652578787742733,0.00407201873898922
Enh949_PHPT1,Enh949,ENSG00000054148,False,0.0022431892088414463,0.0040799276475948325
Enh949_RABL6,Enh949,ENSG00000196642,False,0.005127710444225451,0.007915676597191256
Enh949_TMEM141,Enh949,ENSG00000244187,False,0.005910053803495698,0.008859530994498929
Enh94_LEPROT,Enh94,ENSG00000213625,False,0.01261676931703658,0.016502932286978675
Enh950_DPP7,Enh950,ENSG00000176978,False,0.0036275683896409513,0.006641450949751538
Enh950_EDF1,Enh950,ENSG00000107223,False,0.00729303889122253,0.01005506505722148
Enh950_FBXW5,Enh950,ENSG00000159069,False,0.008276584751564125,0.013641990719998763
Enh950_NPDC1,Enh950,ENSG00000107281,False,0.004061881092947886,0.007148750972744135
Enh950_PHPT1,Enh950,ENSG00000054148,False,0.008178526487960951,0.011240947682374698
Enh950_PMPCA,Enh950,ENSG00000165688,False,0.003688589949274239,0.007137400027167109
Enh950_RABL6,Enh950,ENSG00000196642,False,0.04972976905904257,0.057649212110153565
Enh950_SSNA1,Enh950,ENSG00000176101,False,0.0024448446900987844,0.004979498930050376
Enh950_TMEM141,Enh950,ENSG00000244187,False,0.23187242541363567,0.27920894416423386
Enh950_TUBB4B,Enh950,ENSG00000188229,False,0.0013476767914164926,0.002851428056406075
Enh951_AGPAT2,Enh951,ENSG00000169692,False,0.024401492154716833,0.018355756900412544
Enh951_CLIC3,Enh951,ENSG00000169583,True,0.04594047234853281,0.02516856888855249
Enh951_DPP7,Enh951,ENSG00000176978,False,0.41153083395776774,0.5953178654330266
Enh951_EDF1,Enh951,ENSG00000107223,False,0.012701892193258107,0.008882715156447417
Enh951_EHMT1,Enh951,ENSG00000181090,False,0.018154111793513984,0.014541411112900124
Enh951_FBXW5,Enh951,ENSG00000159069,False,0.04474038874739047,0.029618447073719027
Enh951_MAN1B1,Enh951,ENSG00000177239,False,0.19894895466605628,0.12565550742977236
Enh951_MRPL41,Enh951,ENSG00000182154,False,0.01080777051346439,0.0081901495198181
Enh951_NELFB,Enh951,ENSG00000188986,False,0.08808678600523584,0.05455303761967902
Enh951_NPDC1,Enh951,ENSG00000107281,False,0.08359544803959018,0.054163438485708745
Enh951_PAXX,Enh951,ENSG00000148362,False,0.06279227082733985,0.04228576427653946
Enh951_PHPT1,Enh951,ENSG00000054148,False,0.009388964506969424,0.00683836902804238
Enh951_RABL6,Enh951,ENSG00000196642,False,0.023441897136918396,0.017248325497205994
Enh951_SNHG7,Enh951,ENSG00000233016,False,0.022788032310316602,0.017897990434317404
Enh951_SSNA1,Enh951,ENSG00000176101,False,0.11236089101129576,0.06258438412501346
Enh951_TMEM141,Enh951,ENSG00000244187,False,0.022097682205863823,0.016467994983105236
Enh951_TMEM203,Enh951,ENSG00000187713,False,0.12699401174401118,0.0734495338020513
Enh951_TUBB4B,Enh951,ENSG00000188229,False,0.03146901581211154,0.01905121399664744
Enh951_ZMYND19,Enh951,ENSG00000165724,False,0.02285988393693706,0.018553912878304487
Enh952_PLIN2,Enh952,ENSG00000147872,False,0.23470836997113265,0.5551600050595221
Enh952_RPS6,Enh952,ENSG00000137154,False,0.01783632838432166,0.016176036714397456
Enh952_RRAGA,Enh952,ENSG00000155876,False,0.07477833100208932,0.07820722100761686
Enh954_CLTA,Enh954,ENSG00000122705,False,0.11933643220158588,0.03501681738457133
Enh954_CREB3,Enh954,ENSG00000107175,False,0.012568789368035474,0.013663042567907785
Enh954_GLIPR2,Enh954,ENSG00000122694,True,0.3223779577234433,0.36476788333652865
Enh954_TLN1,Enh954,ENSG00000137076,False,0.005927333283583498,0.0067109722903058635
Enh954_TPM2,Enh954,ENSG00000198467,False,0.0029231341793003927,0.0033820989967349928
Enh955_CLTA,Enh955,ENSG00000122705,False,0.005080813405584265,0.00523603171054012
Enh956_SMC5,Enh956,ENSG00000198887,False,0.10049079473280641,0.10217243546829574
Enh957_KLF9,Enh957,ENSG00000119138,True,0.7909131227395105,0.9519548184884428
Enh957_SMC5,Enh957,ENSG00000198887,False,0.07559635790297921,0.058610772978390145
Enh95_GNG5,Enh95,ENSG00000174021,False,0.022833825913125053,0.021664624340420904
Enh960_SMC5,Enh960,ENSG00000198887,False,0.04164018181571331,0.04560393080387875
Enh963_ANXA1,Enh963,ENSG00000135046,False,0.27431460798673585,0.12507308557465951
Enh964_HNRNPK,Enh964,ENSG00000165119,False,0.017017652728185357,0.020898988199318933
Enh965_NAA35,Enh965,ENSG00000135040,False,0.009534065474339796,0.008549106452140055
Enh966_NAA35,Enh966,ENSG00000135040,False,0.023700882116230677,0.026600365444250124
Enh968_CTSL,Enh968,ENSG00000135047,True,0.46240798318316856,0.9999969887346888
Enh96_GNG5,Enh96,ENSG00000174021,False,0.058498185624689045,0.07384070189694729
Enh96_RPF1,Enh96,ENSG00000117133,False,0.09363717434340371,0.08081982104167579
Enh971_AOPEP,Enh971,ENSG00000148120,False,0.04540329305809229,0.04431915928272614
Enh973_HABP4,Enh973,ENSG00000130956,False,0.01681803428811187,0.019858888153628698
Enh975_TMSB4X,Enh975,ENSG00000205542,False,0.11036706552244674,0.08806855100448481
Enh976_TMSB4X,Enh976,ENSG00000205542,True,0.3046127447676638,0.22424394705791437
Enh977_SYAP1,Enh977,ENSG00000169895,False,0.012082157538098113,0.013222501962921985
Enh978_RBBP7,Enh978,ENSG00000102054,False,0.06966373549113923,0.048534471146390104
Enh978_SYAP1,Enh978,ENSG00000169895,False,0.006381514723694173,0.006782978181606847
Enh979_PDHA1,Enh979,ENSG00000131828,False,0.016687284716909195,0.014025088058135878
Enh97_GNG5,Enh97,ENSG00000174021,False,0.07276987812742435,0.1429977305708202
Enh98_GNG5,Enh98,ENSG00000174021,False,0.06527040330279248,0.06820002803466534
Enh99_GNG5,Enh99,ENSG00000174021,False,0.03984140654834513,0.03401906848302596
Enh99_RPF1,Enh99,ENSG00000117133,False,0.05901440823721821,0.03913350895501229
Enh9_MAN1A2,Enh9,ENSG00000198162,False,0.014512908906298473,0.011226373580180157
